unique_id,ds,y
zone1,2017-01-01 00:00:00,29197.974683333334
zone1,2017-01-01 01:00:00,24657.21519
zone1,2017-01-01 02:00:00,22083.037973333336
zone1,2017-01-01 03:00:00,20811.13924
zone1,2017-01-01 04:00:00,20475.949366666668
zone1,2017-01-01 05:00:00,20807.088606666668
zone1,2017-01-01 06:00:00,21648.607594999998
zone1,2017-01-01 07:00:00,18540.759495000002
zone1,2017-01-01 08:00:00,19605.06329
zone1,2017-01-01 09:00:00,22905.316455000004
zone1,2017-01-01 10:00:00,26685.56962
zone1,2017-01-01 11:00:00,29288.101265
zone1,2017-01-01 12:00:00,29889.620255
zone1,2017-01-01 13:00:00,30231.898735
zone1,2017-01-01 14:00:00,29898.734176666665
zone1,2017-01-01 15:00:00,29218.227846666665
zone1,2017-01-01 16:00:00,28730.12658333333
zone1,2017-01-01 17:00:00,34423.29113666667
zone1,2017-01-01 18:00:00,39619.24050666666
zone1,2017-01-01 19:00:00,40318.98734166667
zone1,2017-01-01 20:00:00,40371.64556833333
zone1,2017-01-01 21:00:00,38712.91139166666
zone1,2017-01-01 22:00:00,34972.15189666667
zone1,2017-01-01 23:00:00,30072.91139166667
zone1,2017-01-02 00:00:00,25303.291138333338
zone1,2017-01-02 01:00:00,22512.405061666665
zone1,2017-01-02 02:00:00,20945.822783333333
zone1,2017-01-02 03:00:00,20097.21518833333
zone1,2017-01-02 04:00:00,20066.835441666666
zone1,2017-01-02 05:00:00,20838.481011666667
zone1,2017-01-02 06:00:00,23307.341773333334
zone1,2017-01-02 07:00:00,22895.189871666666
zone1,2017-01-02 08:00:00,24368.607594999998
zone1,2017-01-02 09:00:00,24505.316454999996
zone1,2017-01-02 10:00:00,26384.810126666667
zone1,2017-01-02 11:00:00,28224.810126666667
zone1,2017-01-02 12:00:00,29581.772151666664
zone1,2017-01-02 13:00:00,29485.56962
zone1,2017-01-02 14:00:00,28611.645569999997
zone1,2017-01-02 15:00:00,28971.13924
zone1,2017-01-02 16:00:00,29996.962026666664
zone1,2017-01-02 17:00:00,37022.784811666665
zone1,2017-01-02 18:00:00,41747.8481
zone1,2017-01-02 19:00:00,41498.73417833333
zone1,2017-01-02 20:00:00,41096.708861666666
zone1,2017-01-02 21:00:00,39461.265823333335
zone1,2017-01-02 22:00:00,35830.886074999995
zone1,2017-01-02 23:00:00,30112.405063333335
zone1,2017-01-03 00:00:00,25269.87341666667
zone1,2017-01-03 01:00:00,22636.962025
zone1,2017-01-03 02:00:00,21371.139241666668
zone1,2017-01-03 03:00:00,20557.974681666667
zone1,2017-01-03 04:00:00,20116.455698333335
zone1,2017-01-03 05:00:00,21034.936709999998
zone1,2017-01-03 06:00:00,24105.316454999996
zone1,2017-01-03 07:00:00,24204.55696
zone1,2017-01-03 08:00:00,25145.316456666667
zone1,2017-01-03 09:00:00,28354.43037833333
zone1,2017-01-03 10:00:00,31190.886076666666
zone1,2017-01-03 11:00:00,33065.31645666667
zone1,2017-01-03 12:00:00,33998.98734166667
zone1,2017-01-03 13:00:00,33623.291138333334
zone1,2017-01-03 14:00:00,32410.126581666667
zone1,2017-01-03 15:00:00,32293.670886666663
zone1,2017-01-03 16:00:00,32090.126581666667
zone1,2017-01-03 17:00:00,37828.86076
zone1,2017-01-03 18:00:00,42768.607593333334
zone1,2017-01-03 19:00:00,42546.83544333334
zone1,2017-01-03 20:00:00,42245.06329
zone1,2017-01-03 21:00:00,40194.43038
zone1,2017-01-03 22:00:00,35961.51898666666
zone1,2017-01-03 23:00:00,30484.050635000003
zone1,2017-01-04 00:00:00,26271.392406666666
zone1,2017-01-04 01:00:00,23247.59493833333
zone1,2017-01-04 02:00:00,22007.088604999997
zone1,2017-01-04 03:00:00,21329.620251666667
zone1,2017-01-04 04:00:00,20240.0
zone1,2017-01-04 05:00:00,21350.886076666666
zone1,2017-01-04 06:00:00,24277.468355
zone1,2017-01-04 07:00:00,24287.594936666665
zone1,2017-01-04 08:00:00,25282.025316666666
zone1,2017-01-04 09:00:00,28268.354430000003
zone1,2017-01-04 10:00:00,30143.79747
zone1,2017-01-04 11:00:00,32812.15189833333
zone1,2017-01-04 12:00:00,34139.746835
zone1,2017-01-04 13:00:00,33335.696201666666
zone1,2017-01-04 14:00:00,32525.56962
zone1,2017-01-04 15:00:00,32316.962026666664
zone1,2017-01-04 16:00:00,31615.189873333333
zone1,2017-01-04 17:00:00,37109.873418333336
zone1,2017-01-04 18:00:00,43216.20253333334
zone1,2017-01-04 19:00:00,42815.18987166667
zone1,2017-01-04 20:00:00,42382.78480833333
zone1,2017-01-04 21:00:00,40226.83544333334
zone1,2017-01-04 22:00:00,36415.18987166667
zone1,2017-01-04 23:00:00,30938.734178333336
zone1,2017-01-05 00:00:00,25979.746834999998
zone1,2017-01-05 01:00:00,22892.151898333334
zone1,2017-01-05 02:00:00,21503.797468333334
zone1,2017-01-05 03:00:00,21075.443038333335
zone1,2017-01-05 04:00:00,20864.810128333334
zone1,2017-01-05 05:00:00,21619.240508333332
zone1,2017-01-05 06:00:00,23991.898736666666
zone1,2017-01-05 07:00:00,24311.898736666666
zone1,2017-01-05 08:00:00,25332.65822833333
zone1,2017-01-05 09:00:00,28410.126583333335
zone1,2017-01-05 10:00:00,30741.265823333335
zone1,2017-01-05 11:00:00,32541.772153333335
zone1,2017-01-05 12:00:00,33379.240508333336
zone1,2017-01-05 13:00:00,33581.772151666664
zone1,2017-01-05 14:00:00,32695.696203333337
zone1,2017-01-05 15:00:00,31992.911389999997
zone1,2017-01-05 16:00:00,31713.417719999998
zone1,2017-01-05 17:00:00,37397.46835333334
zone1,2017-01-05 18:00:00,43572.65822666667
zone1,2017-01-05 19:00:00,43395.44304
zone1,2017-01-05 20:00:00,42954.93670833333
zone1,2017-01-05 21:00:00,40561.01266
zone1,2017-01-05 22:00:00,36883.037975
zone1,2017-01-05 23:00:00,31877.468353333334
zone1,2017-01-06 00:00:00,27172.65822833333
zone1,2017-01-06 01:00:00,23968.607594999998
zone1,2017-01-06 02:00:00,22291.645570000004
zone1,2017-01-06 03:00:00,21861.265823333335
zone1,2017-01-06 04:00:00,21453.164556666667
zone1,2017-01-06 05:00:00,21987.8481
zone1,2017-01-06 06:00:00,23874.43038
zone1,2017-01-06 07:00:00,23613.164558333334
zone1,2017-01-06 08:00:00,24894.177215
zone1,2017-01-06 09:00:00,28254.177216666667
zone1,2017-01-06 10:00:00,31364.050633333332
zone1,2017-01-06 11:00:00,33263.79746833334
zone1,2017-01-06 12:00:00,32281.518988333333
zone1,2017-01-06 13:00:00,32583.29113833333
zone1,2017-01-06 14:00:00,32166.075948333335
zone1,2017-01-06 15:00:00,31565.56962
zone1,2017-01-06 16:00:00,31766.07595
zone1,2017-01-06 17:00:00,37334.68354666667
zone1,2017-01-06 18:00:00,42924.55696166667
zone1,2017-01-06 19:00:00,42248.101265
zone1,2017-01-06 20:00:00,41920.00000166667
zone1,2017-01-06 21:00:00,40153.924048333334
zone1,2017-01-06 22:00:00,36515.44303833333
zone1,2017-01-06 23:00:00,31635.443038333335
zone1,2017-01-07 00:00:00,27193.924051666665
zone1,2017-01-07 01:00:00,23961.518986666666
zone1,2017-01-07 02:00:00,22588.354430000003
zone1,2017-01-07 03:00:00,21849.113925
zone1,2017-01-07 04:00:00,21502.78481
zone1,2017-01-07 05:00:00,22133.67088666667
zone1,2017-01-07 06:00:00,23711.392405000002
zone1,2017-01-07 07:00:00,23095.696201666666
zone1,2017-01-07 08:00:00,24576.20253166667
zone1,2017-01-07 09:00:00,29736.70886
zone1,2017-01-07 10:00:00,32463.79746833333
zone1,2017-01-07 11:00:00,33772.15189833333
zone1,2017-01-07 12:00:00,34033.41772
zone1,2017-01-07 13:00:00,33486.58227666667
zone1,2017-01-07 14:00:00,32428.354430000003
zone1,2017-01-07 15:00:00,31467.34177166667
zone1,2017-01-07 16:00:00,30612.65822833333
zone1,2017-01-07 17:00:00,36232.91139166666
zone1,2017-01-07 18:00:00,41583.79746833334
zone1,2017-01-07 19:00:00,40846.58227666667
zone1,2017-01-07 20:00:00,40649.11392333333
zone1,2017-01-07 21:00:00,39227.34177333333
zone1,2017-01-07 22:00:00,36025.316455
zone1,2017-01-07 23:00:00,31526.07595
zone1,2017-01-08 00:00:00,26633.924051666665
zone1,2017-01-08 01:00:00,23640.506328333333
zone1,2017-01-08 02:00:00,21817.721520000003
zone1,2017-01-08 03:00:00,20831.392406666666
zone1,2017-01-08 04:00:00,20688.607594999998
zone1,2017-01-08 05:00:00,21004.556961666665
zone1,2017-01-08 06:00:00,22544.810128333334
zone1,2017-01-08 07:00:00,19838.987341666667
zone1,2017-01-08 08:00:00,21153.41772166667
zone1,2017-01-08 09:00:00,25160.50633
zone1,2017-01-08 10:00:00,29874.43038
zone1,2017-01-08 11:00:00,32192.40506166667
zone1,2017-01-08 12:00:00,32911.392405
zone1,2017-01-08 13:00:00,33279.99999833333
zone1,2017-01-08 14:00:00,32392.911393333332
zone1,2017-01-08 15:00:00,31365.063291666665
zone1,2017-01-08 16:00:00,30446.58227833333
zone1,2017-01-08 17:00:00,34912.40506166667
zone1,2017-01-08 18:00:00,40689.620253333334
zone1,2017-01-08 19:00:00,41525.063291666665
zone1,2017-01-08 20:00:00,41095.696201666666
zone1,2017-01-08 21:00:00,39589.87341666666
zone1,2017-01-08 22:00:00,35763.037975
zone1,2017-01-08 23:00:00,30085.063293333336
zone1,2017-01-09 00:00:00,25735.696201666666
zone1,2017-01-09 01:00:00,22778.734176666665
zone1,2017-01-09 02:00:00,21659.746835
zone1,2017-01-09 03:00:00,20750.37974666667
zone1,2017-01-09 04:00:00,20070.886075
zone1,2017-01-09 05:00:00,20166.075950000002
zone1,2017-01-09 06:00:00,22882.025318333337
zone1,2017-01-09 07:00:00,23162.531645
zone1,2017-01-09 08:00:00,25051.139241666668
zone1,2017-01-09 09:00:00,27923.037975
zone1,2017-01-09 10:00:00,31152.405065
zone1,2017-01-09 11:00:00,33616.20253
zone1,2017-01-09 12:00:00,33856.20253333334
zone1,2017-01-09 13:00:00,34044.55696166667
zone1,2017-01-09 14:00:00,32716.962026666664
zone1,2017-01-09 15:00:00,32035.443036666664
zone1,2017-01-09 16:00:00,31355.949366666668
zone1,2017-01-09 17:00:00,36961.01265833333
zone1,2017-01-09 18:00:00,43337.721516666665
zone1,2017-01-09 19:00:00,42882.025316666666
zone1,2017-01-09 20:00:00,42337.215189999995
zone1,2017-01-09 21:00:00,40523.544303333336
zone1,2017-01-09 22:00:00,36894.177214999996
zone1,2017-01-09 23:00:00,31072.405065
zone1,2017-01-10 00:00:00,26808.101265
zone1,2017-01-10 01:00:00,24114.430378333334
zone1,2017-01-10 02:00:00,22617.721518333332
zone1,2017-01-10 03:00:00,22123.544303333332
zone1,2017-01-10 04:00:00,21799.49367
zone1,2017-01-10 05:00:00,22428.354430000003
zone1,2017-01-10 06:00:00,24864.810125
zone1,2017-01-10 07:00:00,24777.721518333332
zone1,2017-01-10 08:00:00,26118.481011666667
zone1,2017-01-10 09:00:00,29215.189871666666
zone1,2017-01-10 10:00:00,32407.088605
zone1,2017-01-10 11:00:00,34316.96202333333
zone1,2017-01-10 12:00:00,35157.468355
zone1,2017-01-10 13:00:00,35207.088606666664
zone1,2017-01-10 14:00:00,34593.417721666665
zone1,2017-01-10 15:00:00,33701.26582166667
zone1,2017-01-10 16:00:00,33927.088605
zone1,2017-01-10 17:00:00,38522.531645
zone1,2017-01-10 18:00:00,44421.26582166667
zone1,2017-01-10 19:00:00,43608.101266666665
zone1,2017-01-10 20:00:00,43183.79746666666
zone1,2017-01-10 21:00:00,41019.74683333333
zone1,2017-01-10 22:00:00,37440.0
zone1,2017-01-10 23:00:00,32345.316456666667
zone1,2017-01-11 00:00:00,27692.151899999997
zone1,2017-01-11 01:00:00,24809.113923333334
zone1,2017-01-11 02:00:00,23112.91139166667
zone1,2017-01-11 03:00:00,22335.189871666666
zone1,2017-01-11 04:00:00,22111.392406666666
zone1,2017-01-11 05:00:00,22670.379748333333
zone1,2017-01-11 06:00:00,24252.151896666666
zone1,2017-01-11 07:00:00,21324.556963333333
zone1,2017-01-11 08:00:00,23224.303796666663
zone1,2017-01-11 09:00:00,26857.721520000003
zone1,2017-01-11 10:00:00,30545.822785
zone1,2017-01-11 11:00:00,33227.341771666666
zone1,2017-01-11 12:00:00,33957.46835333334
zone1,2017-01-11 13:00:00,33842.025316666666
zone1,2017-01-11 14:00:00,33289.11392333333
zone1,2017-01-11 15:00:00,32352.405063333335
zone1,2017-01-11 16:00:00,31906.835445
zone1,2017-01-11 17:00:00,36395.949368333335
zone1,2017-01-11 18:00:00,43511.898733333335
zone1,2017-01-11 19:00:00,43317.468355
zone1,2017-01-11 20:00:00,43147.341771666666
zone1,2017-01-11 21:00:00,41233.417721666665
zone1,2017-01-11 22:00:00,37779.24050666667
zone1,2017-01-11 23:00:00,32490.12658333333
zone1,2017-01-12 00:00:00,27503.79747
zone1,2017-01-12 01:00:00,24614.68354166667
zone1,2017-01-12 02:00:00,23113.924051666665
zone1,2017-01-12 03:00:00,22286.58227833333
zone1,2017-01-12 04:00:00,21904.810126666667
zone1,2017-01-12 05:00:00,22417.21519
zone1,2017-01-12 06:00:00,24866.835441666666
zone1,2017-01-12 07:00:00,24814.177216666667
zone1,2017-01-12 08:00:00,26269.367091666663
zone1,2017-01-12 09:00:00,30000.0
zone1,2017-01-12 10:00:00,32971.13924
zone1,2017-01-12 11:00:00,35158.48101333333
zone1,2017-01-12 12:00:00,36164.05063333333
zone1,2017-01-12 13:00:00,35520.0
zone1,2017-01-12 14:00:00,34684.55696333333
zone1,2017-01-12 15:00:00,33514.93671
zone1,2017-01-12 16:00:00,33054.177215
zone1,2017-01-12 17:00:00,37527.088606666664
zone1,2017-01-12 18:00:00,44260.253163333335
zone1,2017-01-12 19:00:00,43891.64556833333
zone1,2017-01-12 20:00:00,43487.59493833333
zone1,2017-01-12 21:00:00,41544.303798333334
zone1,2017-01-12 22:00:00,37836.962025
zone1,2017-01-12 23:00:00,32416.202533333333
zone1,2017-01-13 00:00:00,27510.886075
zone1,2017-01-13 01:00:00,24625.822785
zone1,2017-01-13 02:00:00,23282.025316666666
zone1,2017-01-13 03:00:00,22396.962025
zone1,2017-01-13 04:00:00,22183.29114
zone1,2017-01-13 05:00:00,22979.240506666665
zone1,2017-01-13 06:00:00,25200.0
zone1,2017-01-13 07:00:00,25087.594936666665
zone1,2017-01-13 08:00:00,25849.113925
zone1,2017-01-13 09:00:00,28554.936708333335
zone1,2017-01-13 10:00:00,31521.012659999997
zone1,2017-01-13 11:00:00,33754.93670666667
zone1,2017-01-13 12:00:00,33501.77215
zone1,2017-01-13 13:00:00,33516.96202666667
zone1,2017-01-13 14:00:00,33183.79746666666
zone1,2017-01-13 15:00:00,32764.556963333336
zone1,2017-01-13 16:00:00,32629.873415
zone1,2017-01-13 17:00:00,37349.873418333336
zone1,2017-01-13 18:00:00,43534.177214999996
zone1,2017-01-13 19:00:00,43306.329115
zone1,2017-01-13 20:00:00,42627.8481
zone1,2017-01-13 21:00:00,40579.240508333336
zone1,2017-01-13 22:00:00,37165.56962166666
zone1,2017-01-13 23:00:00,32320.0
zone1,2017-01-14 00:00:00,27818.734176666665
zone1,2017-01-14 01:00:00,24587.341773333334
zone1,2017-01-14 02:00:00,22832.405063333335
zone1,2017-01-14 03:00:00,22038.48101
zone1,2017-01-14 04:00:00,21978.734176666665
zone1,2017-01-14 05:00:00,22630.886076666666
zone1,2017-01-14 06:00:00,24803.03797666667
zone1,2017-01-14 07:00:00,23113.92405
zone1,2017-01-14 08:00:00,24645.063291666665
zone1,2017-01-14 09:00:00,28377.721520000003
zone1,2017-01-14 10:00:00,32061.772153333335
zone1,2017-01-14 11:00:00,33933.16455833334
zone1,2017-01-14 12:00:00,34408.101266666665
zone1,2017-01-14 13:00:00,34396.96202666667
zone1,2017-01-14 14:00:00,32752.40506166667
zone1,2017-01-14 15:00:00,31766.07595
zone1,2017-01-14 16:00:00,31704.303798333334
zone1,2017-01-14 17:00:00,35730.63291166667
zone1,2017-01-14 18:00:00,42324.050631666665
zone1,2017-01-14 19:00:00,42041.51898666667
zone1,2017-01-14 20:00:00,41438.98734166667
zone1,2017-01-14 21:00:00,39775.18987166667
zone1,2017-01-14 22:00:00,36744.30379666667
zone1,2017-01-14 23:00:00,28128.607594999998
zone1,2017-01-15 00:00:00,25577.721518333332
zone1,2017-01-15 01:00:00,19373.164556666667
zone1,2017-01-15 02:00:00,17353.924049999998
zone1,2017-01-15 03:00:00,16338.227846666667
zone1,2017-01-15 04:00:00,15908.860761666665
zone1,2017-01-15 05:00:00,16288.607595000001
zone1,2017-01-15 06:00:00,17296.202531666666
zone1,2017-01-15 07:00:00,14329.113923333332
zone1,2017-01-15 08:00:00,15346.835443333335
zone1,2017-01-15 09:00:00,18377.72152
zone1,2017-01-15 10:00:00,22342.278479999997
zone1,2017-01-15 11:00:00,24767.594938333335
zone1,2017-01-15 12:00:00,28669.367088333336
zone1,2017-01-15 13:00:00,31925.063290000002
zone1,2017-01-15 14:00:00,31148.35443333333
zone1,2017-01-15 15:00:00,30299.74683666667
zone1,2017-01-15 16:00:00,29600.0
zone1,2017-01-15 17:00:00,33433.92405166667
zone1,2017-01-15 18:00:00,40677.46835333334
zone1,2017-01-15 19:00:00,41846.07594833333
zone1,2017-01-15 20:00:00,42320.0
zone1,2017-01-15 21:00:00,40261.26582333333
zone1,2017-01-15 22:00:00,37180.759495
zone1,2017-01-15 23:00:00,31854.177215000003
zone1,2017-01-16 00:00:00,25689.113925
zone1,2017-01-16 01:00:00,20683.544301666665
zone1,2017-01-16 02:00:00,19293.164556666667
zone1,2017-01-16 03:00:00,18972.151898333334
zone1,2017-01-16 04:00:00,20017.21519
zone1,2017-01-16 05:00:00,21791.392405
zone1,2017-01-16 06:00:00,23734.683545000004
zone1,2017-01-16 07:00:00,24100.253165000002
zone1,2017-01-16 08:00:00,25292.151896666666
zone1,2017-01-16 09:00:00,28600.50633
zone1,2017-01-16 10:00:00,31733.670885
zone1,2017-01-16 11:00:00,33893.67088666667
zone1,2017-01-16 12:00:00,35034.93671
zone1,2017-01-16 13:00:00,34893.16456
zone1,2017-01-16 14:00:00,33614.17721666667
zone1,2017-01-16 15:00:00,32615.696203333337
zone1,2017-01-16 16:00:00,32133.670886666663
zone1,2017-01-16 17:00:00,36107.341771666666
zone1,2017-01-16 18:00:00,43663.79746833334
zone1,2017-01-16 19:00:00,43402.531645
zone1,2017-01-16 20:00:00,42816.20253333334
zone1,2017-01-16 21:00:00,38437.46835666667
zone1,2017-01-16 22:00:00,35807.594935
zone1,2017-01-16 23:00:00,31766.075948333335
zone1,2017-01-17 00:00:00,26957.974684999997
zone1,2017-01-17 01:00:00,24134.683544999996
zone1,2017-01-17 02:00:00,22681.518986666666
zone1,2017-01-17 03:00:00,22131.645568333333
zone1,2017-01-17 04:00:00,21738.734178333332
zone1,2017-01-17 05:00:00,22672.40506166667
zone1,2017-01-17 06:00:00,25068.354431666667
zone1,2017-01-17 07:00:00,25252.65822833333
zone1,2017-01-17 08:00:00,26327.08860833333
zone1,2017-01-17 09:00:00,29557.468356666664
zone1,2017-01-17 10:00:00,32466.835441666666
zone1,2017-01-17 11:00:00,34617.72151833333
zone1,2017-01-17 12:00:00,35882.53164666667
zone1,2017-01-17 13:00:00,35042.02531833333
zone1,2017-01-17 14:00:00,33595.949368333335
zone1,2017-01-17 15:00:00,33521.01265833333
zone1,2017-01-17 16:00:00,32783.79747
zone1,2017-01-17 17:00:00,36558.987343333334
zone1,2017-01-17 18:00:00,44377.72151833333
zone1,2017-01-17 19:00:00,44157.974683333334
zone1,2017-01-17 20:00:00,43850.12658333333
zone1,2017-01-17 21:00:00,41845.06329
zone1,2017-01-17 22:00:00,37273.92405
zone1,2017-01-17 23:00:00,31463.29114
zone1,2017-01-18 00:00:00,27048.101265
zone1,2017-01-18 01:00:00,23975.696203333337
zone1,2017-01-18 02:00:00,22896.20253
zone1,2017-01-18 03:00:00,22216.70886166667
zone1,2017-01-18 04:00:00,21878.481013333334
zone1,2017-01-18 05:00:00,22913.41772166667
zone1,2017-01-18 06:00:00,25343.797466666667
zone1,2017-01-18 07:00:00,25068.354430000003
zone1,2017-01-18 08:00:00,27029.873418333333
zone1,2017-01-18 09:00:00,30353.41772166667
zone1,2017-01-18 10:00:00,34226.83544166666
zone1,2017-01-18 11:00:00,36638.98734166667
zone1,2017-01-18 12:00:00,37590.88607666667
zone1,2017-01-18 13:00:00,38044.55696
zone1,2017-01-18 14:00:00,38087.088606666664
zone1,2017-01-18 15:00:00,37466.32911166667
zone1,2017-01-18 16:00:00,36839.49367166666
zone1,2017-01-18 17:00:00,39201.01265833333
zone1,2017-01-18 18:00:00,44904.30379666667
zone1,2017-01-18 19:00:00,44831.392405
zone1,2017-01-18 20:00:00,43235.443036666664
zone1,2017-01-18 21:00:00,41009.620253333334
zone1,2017-01-18 22:00:00,36917.46835333334
zone1,2017-01-18 23:00:00,30934.683543333333
zone1,2017-01-19 00:00:00,26356.455695
zone1,2017-01-19 01:00:00,23470.379748333333
zone1,2017-01-19 02:00:00,22092.151896666666
zone1,2017-01-19 03:00:00,21432.91139166667
zone1,2017-01-19 04:00:00,21035.94936833333
zone1,2017-01-19 05:00:00,21706.329113333333
zone1,2017-01-19 06:00:00,24067.848101666666
zone1,2017-01-19 07:00:00,23864.303796666663
zone1,2017-01-19 08:00:00,25436.962023333337
zone1,2017-01-19 09:00:00,28549.87342
zone1,2017-01-19 10:00:00,32038.481011666667
zone1,2017-01-19 11:00:00,34135.696201666666
zone1,2017-01-19 12:00:00,34947.8481
zone1,2017-01-19 13:00:00,35392.405065
zone1,2017-01-19 14:00:00,34773.670885
zone1,2017-01-19 15:00:00,35849.11392333333
zone1,2017-01-19 16:00:00,35731.64556833333
zone1,2017-01-19 17:00:00,39614.17721666666
zone1,2017-01-19 18:00:00,45774.177215
zone1,2017-01-19 19:00:00,45447.088606666664
zone1,2017-01-19 20:00:00,45141.26582166667
zone1,2017-01-19 21:00:00,42868.86076
zone1,2017-01-19 22:00:00,38720.00000166667
zone1,2017-01-19 23:00:00,32917.46835333334
zone1,2017-01-20 00:00:00,27848.101266666665
zone1,2017-01-20 01:00:00,24448.60759666667
zone1,2017-01-20 02:00:00,22911.392405000002
zone1,2017-01-20 03:00:00,21894.683543333333
zone1,2017-01-20 04:00:00,21698.227848333332
zone1,2017-01-20 05:00:00,22317.974683333334
zone1,2017-01-20 06:00:00,24429.367088333336
zone1,2017-01-20 07:00:00,23745.822786666668
zone1,2017-01-20 08:00:00,25256.70886
zone1,2017-01-20 09:00:00,28804.050633333332
zone1,2017-01-20 10:00:00,32163.037976666663
zone1,2017-01-20 11:00:00,34640.0
zone1,2017-01-20 12:00:00,34940.759495
zone1,2017-01-20 13:00:00,35345.822786666664
zone1,2017-01-20 14:00:00,35422.784810000005
zone1,2017-01-20 15:00:00,33793.417721666665
zone1,2017-01-20 16:00:00,31493.670886666663
zone1,2017-01-20 17:00:00,34504.30379666667
zone1,2017-01-20 18:00:00,42566.07595
zone1,2017-01-20 19:00:00,43885.56962
zone1,2017-01-20 20:00:00,43536.20253
zone1,2017-01-20 21:00:00,42897.215189999995
zone1,2017-01-20 22:00:00,39805.56962333334
zone1,2017-01-20 23:00:00,34446.58227666667
zone1,2017-01-21 00:00:00,28655.189875
zone1,2017-01-21 01:00:00,25089.62025333333
zone1,2017-01-21 02:00:00,23371.13924
zone1,2017-01-21 03:00:00,22274.43037833333
zone1,2017-01-21 04:00:00,22015.189875
zone1,2017-01-21 05:00:00,22531.645568333333
zone1,2017-01-21 06:00:00,24373.670885
zone1,2017-01-21 07:00:00,22666.329113333337
zone1,2017-01-21 08:00:00,24455.696203333337
zone1,2017-01-21 09:00:00,28500.253165000002
zone1,2017-01-21 10:00:00,32243.037975
zone1,2017-01-21 11:00:00,34741.265823333335
zone1,2017-01-21 12:00:00,35061.265823333335
zone1,2017-01-21 13:00:00,35415.69620333333
zone1,2017-01-21 14:00:00,34316.962025
zone1,2017-01-21 15:00:00,33609.113925000005
zone1,2017-01-21 16:00:00,32744.303796666663
zone1,2017-01-21 17:00:00,36008.101266666665
zone1,2017-01-21 18:00:00,44119.49367166666
zone1,2017-01-21 19:00:00,44416.20253
zone1,2017-01-21 20:00:00,44034.43038
zone1,2017-01-21 21:00:00,42402.025316666666
zone1,2017-01-21 22:00:00,38961.01265833333
zone1,2017-01-21 23:00:00,34266.32911333333
zone1,2017-01-22 00:00:00,28452.658226666666
zone1,2017-01-22 01:00:00,24868.86076
zone1,2017-01-22 02:00:00,22447.594936666665
zone1,2017-01-22 03:00:00,21535.189873333333
zone1,2017-01-22 04:00:00,20904.303796666667
zone1,2017-01-22 05:00:00,21367.088606666668
zone1,2017-01-22 06:00:00,22783.797466666667
zone1,2017-01-22 07:00:00,20784.810128333334
zone1,2017-01-22 08:00:00,22428.354430000003
zone1,2017-01-22 09:00:00,25981.772151666664
zone1,2017-01-22 10:00:00,30362.531646666666
zone1,2017-01-22 11:00:00,33944.303795
zone1,2017-01-22 12:00:00,35265.822785000004
zone1,2017-01-22 13:00:00,36174.177213333336
zone1,2017-01-22 14:00:00,35228.35443166667
zone1,2017-01-22 15:00:00,34132.658228333334
zone1,2017-01-22 16:00:00,32795.94936666667
zone1,2017-01-22 17:00:00,34027.341771666666
zone1,2017-01-22 18:00:00,41183.79746833333
zone1,2017-01-22 19:00:00,41930.126581666664
zone1,2017-01-22 20:00:00,42817.215188333335
zone1,2017-01-22 21:00:00,41721.51898666667
zone1,2017-01-22 22:00:00,38335.189875000004
zone1,2017-01-22 23:00:00,32647.088606666668
zone1,2017-01-23 00:00:00,27724.55695833333
zone1,2017-01-23 01:00:00,24430.379748333333
zone1,2017-01-23 02:00:00,23052.151898333334
zone1,2017-01-23 03:00:00,22100.253166666665
zone1,2017-01-23 04:00:00,22091.139241666668
zone1,2017-01-23 05:00:00,22625.822783333333
zone1,2017-01-23 06:00:00,24976.20253
zone1,2017-01-23 07:00:00,24033.41772
zone1,2017-01-23 08:00:00,25929.113924999998
zone1,2017-01-23 09:00:00,29134.177215
zone1,2017-01-23 10:00:00,32703.797466666667
zone1,2017-01-23 11:00:00,35515.949365
zone1,2017-01-23 12:00:00,36889.113925000005
zone1,2017-01-23 13:00:00,36936.708856666664
zone1,2017-01-23 14:00:00,36072.91139166666
zone1,2017-01-23 15:00:00,35160.50632833334
zone1,2017-01-23 16:00:00,34908.35443166667
zone1,2017-01-23 17:00:00,37594.936708333335
zone1,2017-01-23 18:00:00,44618.73417666667
zone1,2017-01-23 19:00:00,44755.44303833333
zone1,2017-01-23 20:00:00,44518.48101166667
zone1,2017-01-23 21:00:00,42670.379746666666
zone1,2017-01-23 22:00:00,38675.443036666664
zone1,2017-01-23 23:00:00,33011.64557
zone1,2017-01-24 00:00:00,27886.58227833333
zone1,2017-01-24 01:00:00,24629.873416666665
zone1,2017-01-24 02:00:00,23008.607594999998
zone1,2017-01-24 03:00:00,22133.670886666663
zone1,2017-01-24 04:00:00,22076.962025
zone1,2017-01-24 05:00:00,23046.075948333335
zone1,2017-01-24 06:00:00,24930.63291
zone1,2017-01-24 07:00:00,23042.02532
zone1,2017-01-24 08:00:00,25486.582280000002
zone1,2017-01-24 09:00:00,29291.13924
zone1,2017-01-24 10:00:00,30943.797466666667
zone1,2017-01-24 11:00:00,30931.645568333333
zone1,2017-01-24 12:00:00,32190.37974666667
zone1,2017-01-24 13:00:00,32623.797468333334
zone1,2017-01-24 14:00:00,33369.113925000005
zone1,2017-01-24 15:00:00,34312.911393333336
zone1,2017-01-24 16:00:00,33389.36708833333
zone1,2017-01-24 17:00:00,36678.48101333333
zone1,2017-01-24 18:00:00,44408.101266666665
zone1,2017-01-24 19:00:00,43966.582278333335
zone1,2017-01-24 20:00:00,43947.341771666666
zone1,2017-01-24 21:00:00,43082.53164666666
zone1,2017-01-24 22:00:00,39488.607595
zone1,2017-01-24 23:00:00,33133.16455833334
zone1,2017-01-25 00:00:00,27882.531645
zone1,2017-01-25 01:00:00,24542.784808333334
zone1,2017-01-25 02:00:00,22920.506328333333
zone1,2017-01-25 03:00:00,22469.873418333333
zone1,2017-01-25 04:00:00,22294.683545000004
zone1,2017-01-25 05:00:00,23135.189873333333
zone1,2017-01-25 06:00:00,25325.569621666666
zone1,2017-01-25 07:00:00,23406.58227833333
zone1,2017-01-25 08:00:00,25622.278481666668
zone1,2017-01-25 09:00:00,29473.41772166667
zone1,2017-01-25 10:00:00,32845.56962166666
zone1,2017-01-25 11:00:00,35299.240508333336
zone1,2017-01-25 12:00:00,35942.27848
zone1,2017-01-25 13:00:00,36245.06329
zone1,2017-01-25 14:00:00,35467.341771666666
zone1,2017-01-25 15:00:00,34469.873418333336
zone1,2017-01-25 16:00:00,33534.177215
zone1,2017-01-25 17:00:00,36339.240508333336
zone1,2017-01-25 18:00:00,44290.632915
zone1,2017-01-25 19:00:00,44446.582278333335
zone1,2017-01-25 20:00:00,44362.531645
zone1,2017-01-25 21:00:00,42670.379745
zone1,2017-01-25 22:00:00,39180.75949333334
zone1,2017-01-25 23:00:00,33121.01265833333
zone1,2017-01-26 00:00:00,28070.886076666666
zone1,2017-01-26 01:00:00,25005.56962
zone1,2017-01-26 02:00:00,23204.050633333332
zone1,2017-01-26 03:00:00,22477.974681666663
zone1,2017-01-26 04:00:00,22117.468353333334
zone1,2017-01-26 05:00:00,23380.253165000002
zone1,2017-01-26 06:00:00,25195.949364999997
zone1,2017-01-26 07:00:00,23696.202533333333
zone1,2017-01-26 08:00:00,25499.74683666667
zone1,2017-01-26 09:00:00,29645.56962
zone1,2017-01-26 10:00:00,33290.126581666664
zone1,2017-01-26 11:00:00,35791.392405
zone1,2017-01-26 12:00:00,36252.1519
zone1,2017-01-26 13:00:00,36018.227848333336
zone1,2017-01-26 14:00:00,35372.1519
zone1,2017-01-26 15:00:00,35218.227848333336
zone1,2017-01-26 16:00:00,35508.86076
zone1,2017-01-26 17:00:00,38465.822785000004
zone1,2017-01-26 18:00:00,45528.101265000005
zone1,2017-01-26 19:00:00,45252.658228333334
zone1,2017-01-26 20:00:00,45002.531645
zone1,2017-01-26 21:00:00,42453.670888333334
zone1,2017-01-26 22:00:00,38622.784810000005
zone1,2017-01-26 23:00:00,33601.01266
zone1,2017-01-27 00:00:00,28407.08860833333
zone1,2017-01-27 01:00:00,25081.518986666666
zone1,2017-01-27 02:00:00,23086.58227833333
zone1,2017-01-27 03:00:00,22078.987338333332
zone1,2017-01-27 04:00:00,21867.341773333334
zone1,2017-01-27 05:00:00,22884.050633333332
zone1,2017-01-27 06:00:00,24036.455695
zone1,2017-01-27 07:00:00,22748.354428333332
zone1,2017-01-27 08:00:00,24949.87341666667
zone1,2017-01-27 09:00:00,29556.455695
zone1,2017-01-27 10:00:00,33206.07594833333
zone1,2017-01-27 11:00:00,35648.607593333334
zone1,2017-01-27 12:00:00,34978.227848333336
zone1,2017-01-27 13:00:00,35557.46835333334
zone1,2017-01-27 14:00:00,35467.34177
zone1,2017-01-27 15:00:00,35124.050631666665
zone1,2017-01-27 16:00:00,35521.012656666666
zone1,2017-01-27 17:00:00,38371.64557
zone1,2017-01-27 18:00:00,44807.088606666664
zone1,2017-01-27 19:00:00,43668.86076
zone1,2017-01-27 20:00:00,43597.974683333334
zone1,2017-01-27 21:00:00,42120.50633
zone1,2017-01-27 22:00:00,38663.291138333334
zone1,2017-01-27 23:00:00,33693.16455666666
zone1,2017-01-28 00:00:00,28672.405063333335
zone1,2017-01-28 01:00:00,25052.151896666666
zone1,2017-01-28 02:00:00,23386.329115
zone1,2017-01-28 03:00:00,22582.278478333334
zone1,2017-01-28 04:00:00,22348.354428333332
zone1,2017-01-28 05:00:00,23020.75949
zone1,2017-01-28 06:00:00,23722.531646666666
zone1,2017-01-28 07:00:00,21041.012658333333
zone1,2017-01-28 08:00:00,23819.74683666667
zone1,2017-01-28 09:00:00,27984.810126666667
zone1,2017-01-28 10:00:00,31458.22785
zone1,2017-01-28 11:00:00,34112.40506333333
zone1,2017-01-28 12:00:00,34904.303798333334
zone1,2017-01-28 13:00:00,35019.746835
zone1,2017-01-28 14:00:00,34273.417721666665
zone1,2017-01-28 15:00:00,32680.506328333333
zone1,2017-01-28 16:00:00,31902.78481
zone1,2017-01-28 17:00:00,33992.91139166667
zone1,2017-01-28 18:00:00,42568.101265
zone1,2017-01-28 19:00:00,42923.544303333336
zone1,2017-01-28 20:00:00,42345.31645666667
zone1,2017-01-28 21:00:00,41107.84810166667
zone1,2017-01-28 22:00:00,38176.20253333334
zone1,2017-01-28 23:00:00,34061.77215333333
zone1,2017-01-29 00:00:00,28744.303796666663
zone1,2017-01-29 01:00:00,24900.253165000002
zone1,2017-01-29 02:00:00,22540.75949333333
zone1,2017-01-29 03:00:00,21604.050635
zone1,2017-01-29 04:00:00,21353.924053333332
zone1,2017-01-29 05:00:00,21920.0
zone1,2017-01-29 06:00:00,22760.506328333333
zone1,2017-01-29 07:00:00,19628.354431666667
zone1,2017-01-29 08:00:00,20831.392406666666
zone1,2017-01-29 09:00:00,23846.07595
zone1,2017-01-29 10:00:00,27927.08860833333
zone1,2017-01-29 11:00:00,30428.354431666667
zone1,2017-01-29 12:00:00,31742.784808333334
zone1,2017-01-29 13:00:00,32190.379750000004
zone1,2017-01-29 14:00:00,31466.329115
zone1,2017-01-29 15:00:00,30378.734176666665
zone1,2017-01-29 16:00:00,28972.151898333334
zone1,2017-01-29 17:00:00,30597.468353333334
zone1,2017-01-29 18:00:00,38810.126581666664
zone1,2017-01-29 19:00:00,39474.43038
zone1,2017-01-29 20:00:00,40016.20253166666
zone1,2017-01-29 21:00:00,40339.24050666667
zone1,2017-01-29 22:00:00,38157.974683333334
zone1,2017-01-29 23:00:00,33623.291138333334
zone1,2017-01-30 00:00:00,28703.79746833333
zone1,2017-01-30 01:00:00,24877.974683333334
zone1,2017-01-30 02:00:00,22955.94936833333
zone1,2017-01-30 03:00:00,22141.772151666664
zone1,2017-01-30 04:00:00,21984.810128333334
zone1,2017-01-30 05:00:00,22470.886076666666
zone1,2017-01-30 06:00:00,23734.683543333333
zone1,2017-01-30 07:00:00,21166.58227833333
zone1,2017-01-30 08:00:00,24272.405063333335
zone1,2017-01-30 09:00:00,27939.240504999998
zone1,2017-01-30 10:00:00,31918.987340000003
zone1,2017-01-30 11:00:00,34401.01265833333
zone1,2017-01-30 12:00:00,35185.82278333333
zone1,2017-01-30 13:00:00,35052.15189833333
zone1,2017-01-30 14:00:00,34615.696201666666
zone1,2017-01-30 15:00:00,33869.36708833333
zone1,2017-01-30 16:00:00,33227.341771666666
zone1,2017-01-30 17:00:00,34803.037975
zone1,2017-01-30 18:00:00,42957.974683333334
zone1,2017-01-30 19:00:00,43094.683545
zone1,2017-01-30 20:00:00,43088.60759666667
zone1,2017-01-30 21:00:00,41838.987343333334
zone1,2017-01-30 22:00:00,38748.35443166667
zone1,2017-01-30 23:00:00,33526.07594833333
zone1,2017-01-31 00:00:00,28500.253165000002
zone1,2017-01-31 01:00:00,25238.481014999998
zone1,2017-01-31 02:00:00,23733.670886666663
zone1,2017-01-31 03:00:00,22492.151898333334
zone1,2017-01-31 04:00:00,22136.70886
zone1,2017-01-31 05:00:00,22829.367088333336
zone1,2017-01-31 06:00:00,24680.50633
zone1,2017-01-31 07:00:00,22403.037971666665
zone1,2017-01-31 08:00:00,24977.21519
zone1,2017-01-31 09:00:00,29006.58227833333
zone1,2017-01-31 10:00:00,32135.696201666666
zone1,2017-01-31 11:00:00,34257.21519
zone1,2017-01-31 12:00:00,34963.037975
zone1,2017-01-31 13:00:00,34911.392405
zone1,2017-01-31 14:00:00,33957.468355
zone1,2017-01-31 15:00:00,33243.544303333336
zone1,2017-01-31 16:00:00,32496.20253166667
zone1,2017-01-31 17:00:00,34795.94936666667
zone1,2017-01-31 18:00:00,42857.72151833333
zone1,2017-01-31 19:00:00,42843.544303333336
zone1,2017-01-31 20:00:00,43023.79747
zone1,2017-01-31 21:00:00,41560.50633
zone1,2017-01-31 22:00:00,38052.658228333334
zone1,2017-01-31 23:00:00,33158.481009999996
zone1,2017-02-01 00:00:00,28172.542371666666
zone1,2017-02-01 01:00:00,25288.474576666664
zone1,2017-02-01 02:00:00,23351.18644
zone1,2017-02-01 03:00:00,22359.661016666665
zone1,2017-02-01 04:00:00,22213.22033833333
zone1,2017-02-01 05:00:00,22843.728813333335
zone1,2017-02-01 06:00:00,24146.440676666665
zone1,2017-02-01 07:00:00,21052.88135666667
zone1,2017-02-01 08:00:00,23725.423726666664
zone1,2017-02-01 09:00:00,26892.20339
zone1,2017-02-01 10:00:00,30457.62712
zone1,2017-02-01 11:00:00,33467.79661
zone1,2017-02-01 12:00:00,34818.30508666667
zone1,2017-02-01 13:00:00,34741.01695
zone1,2017-02-01 14:00:00,34357.62712
zone1,2017-02-01 15:00:00,33722.033898333335
zone1,2017-02-01 16:00:00,33081.35593166667
zone1,2017-02-01 17:00:00,34508.13559333333
zone1,2017-02-01 18:00:00,43026.101696666665
zone1,2017-02-01 19:00:00,43457.288135
zone1,2017-02-01 20:00:00,42988.47457666667
zone1,2017-02-01 21:00:00,41753.898305
zone1,2017-02-01 22:00:00,38633.898305
zone1,2017-02-01 23:00:00,33921.35593333333
zone1,2017-02-02 00:00:00,28840.677966666666
zone1,2017-02-02 01:00:00,25653.55932333333
zone1,2017-02-02 02:00:00,23737.627118333334
zone1,2017-02-02 03:00:00,23001.355931666665
zone1,2017-02-02 04:00:00,22627.118645
zone1,2017-02-02 05:00:00,23176.271185
zone1,2017-02-02 06:00:00,24233.898301666664
zone1,2017-02-02 07:00:00,21895.932205
zone1,2017-02-02 08:00:00,24453.559323333335
zone1,2017-02-02 09:00:00,28283.389831666664
zone1,2017-02-02 10:00:00,31821.35593333333
zone1,2017-02-02 11:00:00,34241.69491666667
zone1,2017-02-02 12:00:00,35466.10169333334
zone1,2017-02-02 13:00:00,35698.98305
zone1,2017-02-02 14:00:00,34854.91525333333
zone1,2017-02-02 15:00:00,34916.949153333335
zone1,2017-02-02 16:00:00,34286.44067833333
zone1,2017-02-02 17:00:00,35731.525425
zone1,2017-02-02 18:00:00,43570.16949166667
zone1,2017-02-02 19:00:00,43256.94915166667
zone1,2017-02-02 20:00:00,43035.25423833333
zone1,2017-02-02 21:00:00,41303.38982833333
zone1,2017-02-02 22:00:00,37837.62711833334
zone1,2017-02-02 23:00:00,33217.62711666666
zone1,2017-02-03 00:00:00,28589.491525
zone1,2017-02-03 01:00:00,25417.62712
zone1,2017-02-03 02:00:00,23666.440678333336
zone1,2017-02-03 03:00:00,22928.135593333336
zone1,2017-02-03 04:00:00,22885.42373
zone1,2017-02-03 05:00:00,23596.271185
zone1,2017-02-03 06:00:00,24388.474575
zone1,2017-02-03 07:00:00,21600.000001666667
zone1,2017-02-03 08:00:00,24137.288135
zone1,2017-02-03 09:00:00,28094.23729
zone1,2017-02-03 10:00:00,31423.728813333335
zone1,2017-02-03 11:00:00,33628.47457333333
zone1,2017-02-03 12:00:00,32729.491523333334
zone1,2017-02-03 13:00:00,32462.0339
zone1,2017-02-03 14:00:00,32350.169491666664
zone1,2017-02-03 15:00:00,31825.42373
zone1,2017-02-03 16:00:00,31406.440678333336
zone1,2017-02-03 17:00:00,32621.694916666664
zone1,2017-02-03 18:00:00,40895.59322
zone1,2017-02-03 19:00:00,41218.98305166667
zone1,2017-02-03 20:00:00,41316.61017
zone1,2017-02-03 21:00:00,39773.898305
zone1,2017-02-03 22:00:00,37381.01694833334
zone1,2017-02-03 23:00:00,33327.45762666666
zone1,2017-02-04 00:00:00,28849.830506666665
zone1,2017-02-04 01:00:00,25538.644068333335
zone1,2017-02-04 02:00:00,23695.932203333334
zone1,2017-02-04 03:00:00,22654.57627166667
zone1,2017-02-04 04:00:00,22301.694915
zone1,2017-02-04 05:00:00,23194.576271666665
zone1,2017-02-04 06:00:00,23746.779663333335
zone1,2017-02-04 07:00:00,20790.508476666666
zone1,2017-02-04 08:00:00,22753.220336666665
zone1,2017-02-04 09:00:00,27128.135591666665
zone1,2017-02-04 10:00:00,31021.016951666665
zone1,2017-02-04 11:00:00,33339.66101833333
zone1,2017-02-04 12:00:00,34263.050846666665
zone1,2017-02-04 13:00:00,33941.69491666667
zone1,2017-02-04 14:00:00,33882.71186333333
zone1,2017-02-04 15:00:00,32074.576271666665
zone1,2017-02-04 16:00:00,31310.847458333334
zone1,2017-02-04 17:00:00,32930.84745666666
zone1,2017-02-04 18:00:00,41090.84745833333
zone1,2017-02-04 19:00:00,41698.98305166667
zone1,2017-02-04 20:00:00,40801.01694833334
zone1,2017-02-04 21:00:00,39712.881355
zone1,2017-02-04 22:00:00,36664.06779666667
zone1,2017-02-04 23:00:00,32612.542371666666
zone1,2017-02-05 00:00:00,28068.81356
zone1,2017-02-05 01:00:00,24791.18644
zone1,2017-02-05 02:00:00,22713.559321666664
zone1,2017-02-05 03:00:00,21679.322033333334
zone1,2017-02-05 04:00:00,21509.491528333332
zone1,2017-02-05 05:00:00,21921.355931666665
zone1,2017-02-05 06:00:00,21850.16949
zone1,2017-02-05 07:00:00,18455.593221666666
zone1,2017-02-05 08:00:00,19477.627118333334
zone1,2017-02-05 09:00:00,22492.881356666665
zone1,2017-02-05 10:00:00,25870.16949
zone1,2017-02-05 11:00:00,28730.847456666666
zone1,2017-02-05 12:00:00,30022.372881666666
zone1,2017-02-05 13:00:00,30738.305086666664
zone1,2017-02-05 14:00:00,30136.271186666665
zone1,2017-02-05 15:00:00,29216.949151666664
zone1,2017-02-05 16:00:00,28004.745763333336
zone1,2017-02-05 17:00:00,28943.38983
zone1,2017-02-05 18:00:00,37625.084745
zone1,2017-02-05 19:00:00,39110.84745833333
zone1,2017-02-05 20:00:00,39199.322035
zone1,2017-02-05 21:00:00,38495.59322
zone1,2017-02-05 22:00:00,36956.94915333333
zone1,2017-02-05 23:00:00,32230.169493333335
zone1,2017-02-06 00:00:00,27643.72881333333
zone1,2017-02-06 01:00:00,24456.610168333336
zone1,2017-02-06 02:00:00,22840.677966666666
zone1,2017-02-06 03:00:00,22010.847456666666
zone1,2017-02-06 04:00:00,21822.711863333334
zone1,2017-02-06 05:00:00,22631.18644
zone1,2017-02-06 06:00:00,23244.406778333334
zone1,2017-02-06 07:00:00,20829.152543333334
zone1,2017-02-06 08:00:00,23543.38983166667
zone1,2017-02-06 09:00:00,27411.864406666664
zone1,2017-02-06 10:00:00,30993.559323333335
zone1,2017-02-06 11:00:00,33154.57627
zone1,2017-02-06 12:00:00,34112.542375
zone1,2017-02-06 13:00:00,33669.15254166666
zone1,2017-02-06 14:00:00,33209.491525
zone1,2017-02-06 15:00:00,32669.491526666665
zone1,2017-02-06 16:00:00,31565.084746666664
zone1,2017-02-06 17:00:00,32368.474576666664
zone1,2017-02-06 18:00:00,41020.677965
zone1,2017-02-06 19:00:00,41829.15254
zone1,2017-02-06 20:00:00,41846.440676666665
zone1,2017-02-06 21:00:00,40136.94915333333
zone1,2017-02-06 22:00:00,37309.83051
zone1,2017-02-06 23:00:00,32655.254236666664
zone1,2017-02-07 00:00:00,27538.98305
zone1,2017-02-07 01:00:00,24531.864408333335
zone1,2017-02-07 02:00:00,23066.44068
zone1,2017-02-07 03:00:00,22287.457626666666
zone1,2017-02-07 04:00:00,22338.30508333333
zone1,2017-02-07 05:00:00,23040.0
zone1,2017-02-07 06:00:00,23720.338983333335
zone1,2017-02-07 07:00:00,21077.288136666666
zone1,2017-02-07 08:00:00,23766.101695
zone1,2017-02-07 09:00:00,27814.576271666665
zone1,2017-02-07 10:00:00,31033.22034
zone1,2017-02-07 11:00:00,33565.42372666667
zone1,2017-02-07 12:00:00,34052.54237333333
zone1,2017-02-07 13:00:00,34037.288135
zone1,2017-02-07 14:00:00,33563.38983
zone1,2017-02-07 15:00:00,32832.20339166666
zone1,2017-02-07 16:00:00,31540.677966666666
zone1,2017-02-07 17:00:00,32829.15254166666
zone1,2017-02-07 18:00:00,41173.22034166667
zone1,2017-02-07 19:00:00,41587.118645
zone1,2017-02-07 20:00:00,41333.898305
zone1,2017-02-07 21:00:00,40120.677965
zone1,2017-02-07 22:00:00,37333.220336666665
zone1,2017-02-07 23:00:00,32901.355931666665
zone1,2017-02-08 00:00:00,27966.101693333334
zone1,2017-02-08 01:00:00,24776.949151666664
zone1,2017-02-08 02:00:00,23193.559321666664
zone1,2017-02-08 03:00:00,22249.830508333336
zone1,2017-02-08 04:00:00,22107.45763
zone1,2017-02-08 05:00:00,23013.559323333335
zone1,2017-02-08 06:00:00,23604.40678
zone1,2017-02-08 07:00:00,21206.44067666667
zone1,2017-02-08 08:00:00,24068.135593333336
zone1,2017-02-08 09:00:00,27895.932205
zone1,2017-02-08 10:00:00,30524.745763333336
zone1,2017-02-08 11:00:00,32975.59322
zone1,2017-02-08 12:00:00,33777.96610333333
zone1,2017-02-08 13:00:00,33950.84746
zone1,2017-02-08 14:00:00,32930.84745833334
zone1,2017-02-08 15:00:00,32457.9661
zone1,2017-02-08 16:00:00,31667.79661166667
zone1,2017-02-08 17:00:00,32431.525421666665
zone1,2017-02-08 18:00:00,40898.64406666667
zone1,2017-02-08 19:00:00,41652.20339
zone1,2017-02-08 20:00:00,41754.91525333333
zone1,2017-02-08 21:00:00,40429.83050666667
zone1,2017-02-08 22:00:00,37174.57627
zone1,2017-02-08 23:00:00,32566.77966
zone1,2017-02-09 00:00:00,28252.881356666665
zone1,2017-02-09 01:00:00,24952.881356666665
zone1,2017-02-09 02:00:00,23156.949153333335
zone1,2017-02-09 03:00:00,22269.15254
zone1,2017-02-09 04:00:00,22706.44067833333
zone1,2017-02-09 05:00:00,23360.338983333335
zone1,2017-02-09 06:00:00,23470.169491666664
zone1,2017-02-09 07:00:00,21018.305085
zone1,2017-02-09 08:00:00,23693.898303333335
zone1,2017-02-09 09:00:00,27317.288135
zone1,2017-02-09 10:00:00,30429.152543333334
zone1,2017-02-09 11:00:00,32617.627118333334
zone1,2017-02-09 12:00:00,33796.27118833333
zone1,2017-02-09 13:00:00,33461.69491666667
zone1,2017-02-09 14:00:00,33327.45762833333
zone1,2017-02-09 15:00:00,32665.423726666664
zone1,2017-02-09 16:00:00,32157.9661
zone1,2017-02-09 17:00:00,33030.508473333335
zone1,2017-02-09 18:00:00,41154.91525333333
zone1,2017-02-09 19:00:00,41431.52542166667
zone1,2017-02-09 20:00:00,41607.45762666666
zone1,2017-02-09 21:00:00,40235.59322166667
zone1,2017-02-09 22:00:00,37764.40678
zone1,2017-02-09 23:00:00,33258.305085
zone1,2017-02-10 00:00:00,28492.881356666665
zone1,2017-02-10 01:00:00,25236.610171666664
zone1,2017-02-10 02:00:00,23356.271188333336
zone1,2017-02-10 03:00:00,22349.491525
zone1,2017-02-10 04:00:00,22409.491525
zone1,2017-02-10 05:00:00,23235.254238333335
zone1,2017-02-10 06:00:00,23542.372881666666
zone1,2017-02-10 07:00:00,21601.01695
zone1,2017-02-10 08:00:00,24167.79661
zone1,2017-02-10 09:00:00,24009.152543333334
zone1,2017-02-10 10:00:00,28217.288136666666
zone1,2017-02-10 11:00:00,30434.237288333334
zone1,2017-02-10 12:00:00,30773.898306666666
zone1,2017-02-10 13:00:00,31325.08474666667
zone1,2017-02-10 14:00:00,32817.966101666665
zone1,2017-02-10 15:00:00,34133.898305
zone1,2017-02-10 16:00:00,35199.66101833333
zone1,2017-02-10 17:00:00,36808.47457666667
zone1,2017-02-10 18:00:00,42954.91525333333
zone1,2017-02-10 19:00:00,42746.44067833333
zone1,2017-02-10 20:00:00,42294.91525333333
zone1,2017-02-10 21:00:00,40395.254238333335
zone1,2017-02-10 22:00:00,37217.288135
zone1,2017-02-10 23:00:00,33295.93220166666
zone1,2017-02-11 00:00:00,28397.288135
zone1,2017-02-11 01:00:00,25130.847458333334
zone1,2017-02-11 02:00:00,23472.20339
zone1,2017-02-11 03:00:00,22478.64406833333
zone1,2017-02-11 04:00:00,22174.576271666665
zone1,2017-02-11 05:00:00,23248.474575
zone1,2017-02-11 06:00:00,23439.661016666665
zone1,2017-02-11 07:00:00,20712.20339
zone1,2017-02-11 08:00:00,22921.016948333334
zone1,2017-02-11 09:00:00,26440.677966666666
zone1,2017-02-11 10:00:00,30461.694918333334
zone1,2017-02-11 11:00:00,33016.271186666665
zone1,2017-02-11 12:00:00,34001.694915
zone1,2017-02-11 13:00:00,34365.76271333334
zone1,2017-02-11 14:00:00,34158.305085
zone1,2017-02-11 15:00:00,33336.61017166667
zone1,2017-02-11 16:00:00,33714.915255
zone1,2017-02-11 17:00:00,34611.864408333335
zone1,2017-02-11 18:00:00,41731.525421666665
zone1,2017-02-11 19:00:00,43072.881355
zone1,2017-02-11 20:00:00,42277.62711833334
zone1,2017-02-11 21:00:00,40531.52542333333
zone1,2017-02-11 22:00:00,37740.0
zone1,2017-02-11 23:00:00,33827.79661
zone1,2017-02-12 00:00:00,29035.932201666667
zone1,2017-02-12 01:00:00,25476.61017
zone1,2017-02-12 02:00:00,23300.338981666664
zone1,2017-02-12 03:00:00,22223.38983166667
zone1,2017-02-12 04:00:00,21827.79661
zone1,2017-02-12 05:00:00,22622.033896666664
zone1,2017-02-12 06:00:00,22328.135593333336
zone1,2017-02-12 07:00:00,19239.661016666665
zone1,2017-02-12 08:00:00,19949.491525
zone1,2017-02-12 09:00:00,22930.169493333335
zone1,2017-02-12 10:00:00,26718.305085
zone1,2017-02-12 11:00:00,29840.338983333335
zone1,2017-02-12 12:00:00,32233.220338333336
zone1,2017-02-12 13:00:00,33427.11864333333
zone1,2017-02-12 14:00:00,33415.93220333333
zone1,2017-02-12 15:00:00,32461.01695166667
zone1,2017-02-12 16:00:00,31994.237288333334
zone1,2017-02-12 17:00:00,34186.77966166667
zone1,2017-02-12 18:00:00,41546.44067833333
zone1,2017-02-12 19:00:00,42897.96610166667
zone1,2017-02-12 20:00:00,43332.20339
zone1,2017-02-12 21:00:00,39024.40678
zone1,2017-02-12 22:00:00,37397.28813666667
zone1,2017-02-12 23:00:00,32052.20339
zone1,2017-02-13 00:00:00,27457.627118333334
zone1,2017-02-13 01:00:00,24699.661016666665
zone1,2017-02-13 02:00:00,23251.525425
zone1,2017-02-13 03:00:00,22372.881358333336
zone1,2017-02-13 04:00:00,22283.389831666664
zone1,2017-02-13 05:00:00,23600.338981666664
zone1,2017-02-13 06:00:00,24388.474576666664
zone1,2017-02-13 07:00:00,24268.474575
zone1,2017-02-13 08:00:00,26246.440678333336
zone1,2017-02-13 09:00:00,29490.508475
zone1,2017-02-13 10:00:00,32599.322035
zone1,2017-02-13 11:00:00,34753.22034
zone1,2017-02-13 12:00:00,36746.440676666665
zone1,2017-02-13 13:00:00,38398.98305166667
zone1,2017-02-13 14:00:00,36230.84745666667
zone1,2017-02-13 15:00:00,35532.20339
zone1,2017-02-13 16:00:00,34823.38983166667
zone1,2017-02-13 17:00:00,35093.898305
zone1,2017-02-13 18:00:00,43058.64406666667
zone1,2017-02-13 19:00:00,44152.88135666667
zone1,2017-02-13 20:00:00,44059.32203333333
zone1,2017-02-13 21:00:00,42099.66101833333
zone1,2017-02-13 22:00:00,38153.898305
zone1,2017-02-13 23:00:00,32650.16949166667
zone1,2017-02-14 00:00:00,27930.508475
zone1,2017-02-14 01:00:00,24953.898306666666
zone1,2017-02-14 02:00:00,23179.322033333334
zone1,2017-02-14 03:00:00,22387.118646666666
zone1,2017-02-14 04:00:00,22696.27118666667
zone1,2017-02-14 05:00:00,23941.016948333334
zone1,2017-02-14 06:00:00,24434.237288333334
zone1,2017-02-14 07:00:00,24242.033898333335
zone1,2017-02-14 08:00:00,25103.38983
zone1,2017-02-14 09:00:00,27499.322033333334
zone1,2017-02-14 10:00:00,29987.79661
zone1,2017-02-14 11:00:00,32075.59322
zone1,2017-02-14 12:00:00,32955.25424
zone1,2017-02-14 13:00:00,32945.08474666667
zone1,2017-02-14 14:00:00,32275.93220333333
zone1,2017-02-14 15:00:00,28078.98305
zone1,2017-02-14 16:00:00,28557.966103333336
zone1,2017-02-14 17:00:00,29089.83050833333
zone1,2017-02-14 18:00:00,37495.93220166666
zone1,2017-02-14 19:00:00,38586.101695
zone1,2017-02-14 20:00:00,37998.305085
zone1,2017-02-14 21:00:00,36932.54237333333
zone1,2017-02-14 22:00:00,36271.52542333333
zone1,2017-02-14 23:00:00,32650.16949333333
zone1,2017-02-15 00:00:00,27596.949153333335
zone1,2017-02-15 01:00:00,24499.322035
zone1,2017-02-15 02:00:00,22613.898303333335
zone1,2017-02-15 03:00:00,22138.983051666666
zone1,2017-02-15 04:00:00,22405.423726666664
zone1,2017-02-15 05:00:00,23249.491526666665
zone1,2017-02-15 06:00:00,23559.661018333336
zone1,2017-02-15 07:00:00,23621.694918333334
zone1,2017-02-15 08:00:00,26373.559323333335
zone1,2017-02-15 09:00:00,26426.440678333336
zone1,2017-02-15 10:00:00,28178.644068333335
zone1,2017-02-15 11:00:00,30052.881355
zone1,2017-02-15 12:00:00,33676.271186666665
zone1,2017-02-15 13:00:00,35156.949153333335
zone1,2017-02-15 14:00:00,33987.45763
zone1,2017-02-15 15:00:00,33975.254238333335
zone1,2017-02-15 16:00:00,33940.677965
zone1,2017-02-15 17:00:00,34533.55932166667
zone1,2017-02-15 18:00:00,41194.57627166667
zone1,2017-02-15 19:00:00,42335.59322
zone1,2017-02-15 20:00:00,43020.00000166667
zone1,2017-02-15 21:00:00,40627.11864333333
zone1,2017-02-15 22:00:00,37104.40678
zone1,2017-02-15 23:00:00,31788.813556666664
zone1,2017-02-16 00:00:00,27250.169491666664
zone1,2017-02-16 01:00:00,24471.864405
zone1,2017-02-16 02:00:00,23010.508475
zone1,2017-02-16 03:00:00,22154.237288333334
zone1,2017-02-16 04:00:00,22389.15254
zone1,2017-02-16 05:00:00,23505.762711666666
zone1,2017-02-16 06:00:00,23826.101693333334
zone1,2017-02-16 07:00:00,24067.118643333335
zone1,2017-02-16 08:00:00,26821.016948333334
zone1,2017-02-16 09:00:00,30328.474576666664
zone1,2017-02-16 10:00:00,32229.15254166667
zone1,2017-02-16 11:00:00,34018.98305166666
zone1,2017-02-16 12:00:00,35132.54237166666
zone1,2017-02-16 13:00:00,34000.67796666666
zone1,2017-02-16 14:00:00,33246.101696666665
zone1,2017-02-16 15:00:00,33097.62711833333
zone1,2017-02-16 16:00:00,31673.89830333333
zone1,2017-02-16 17:00:00,32752.881355
zone1,2017-02-16 18:00:00,41003.38983166667
zone1,2017-02-16 19:00:00,42336.61016833333
zone1,2017-02-16 20:00:00,42852.20339166666
zone1,2017-02-16 21:00:00,41491.52542166667
zone1,2017-02-16 22:00:00,38227.11864333333
zone1,2017-02-16 23:00:00,32704.067795
zone1,2017-02-17 00:00:00,27859.322033333334
zone1,2017-02-17 01:00:00,24782.033898333335
zone1,2017-02-17 02:00:00,23051.18644
zone1,2017-02-17 03:00:00,22270.16949
zone1,2017-02-17 04:00:00,22391.18644
zone1,2017-02-17 05:00:00,23533.22034
zone1,2017-02-17 06:00:00,24032.542373333334
zone1,2017-02-17 07:00:00,24333.559323333335
zone1,2017-02-17 08:00:00,26004.406778333334
zone1,2017-02-17 09:00:00,29302.37288
zone1,2017-02-17 10:00:00,32165.08474666667
zone1,2017-02-17 11:00:00,34347.45762833334
zone1,2017-02-17 12:00:00,33870.508475
zone1,2017-02-17 13:00:00,34212.20339
zone1,2017-02-17 14:00:00,34537.62711666667
zone1,2017-02-17 15:00:00,34091.18644
zone1,2017-02-17 16:00:00,33861.35593333333
zone1,2017-02-17 17:00:00,34652.54237333333
zone1,2017-02-17 18:00:00,41749.83050666667
zone1,2017-02-17 19:00:00,42770.847461666664
zone1,2017-02-17 20:00:00,42604.06779666667
zone1,2017-02-17 21:00:00,41326.77966
zone1,2017-02-17 22:00:00,38195.59322166666
zone1,2017-02-17 23:00:00,33685.42373
zone1,2017-02-18 00:00:00,28761.355933333336
zone1,2017-02-18 01:00:00,25508.135593333336
zone1,2017-02-18 02:00:00,23629.830508333336
zone1,2017-02-18 03:00:00,23013.559321666664
zone1,2017-02-18 04:00:00,22895.593218333335
zone1,2017-02-18 05:00:00,23510.84745666667
zone1,2017-02-18 06:00:00,22280.338983333335
zone1,2017-02-18 07:00:00,22576.271185
zone1,2017-02-18 08:00:00,25126.779661666664
zone1,2017-02-18 09:00:00,28952.542371666666
zone1,2017-02-18 10:00:00,32504.745765
zone1,2017-02-18 11:00:00,34576.271185
zone1,2017-02-18 12:00:00,34898.64406666667
zone1,2017-02-18 13:00:00,35106.10169333334
zone1,2017-02-18 14:00:00,34455.254238333335
zone1,2017-02-18 15:00:00,33575.59322
zone1,2017-02-18 16:00:00,31978.983051666666
zone1,2017-02-18 17:00:00,32592.203388333335
zone1,2017-02-18 18:00:00,40746.10169333334
zone1,2017-02-18 19:00:00,42762.71186166666
zone1,2017-02-18 20:00:00,42569.491525
zone1,2017-02-18 21:00:00,41038.98305166666
zone1,2017-02-18 22:00:00,37734.915255
zone1,2017-02-18 23:00:00,33581.69491666667
zone1,2017-02-19 00:00:00,28785.76271
zone1,2017-02-19 01:00:00,25290.508473333335
zone1,2017-02-19 02:00:00,22760.338983333335
zone1,2017-02-19 03:00:00,21740.33898333333
zone1,2017-02-19 04:00:00,21451.525425
zone1,2017-02-19 05:00:00,22492.881355
zone1,2017-02-19 06:00:00,21838.98305
zone1,2017-02-19 07:00:00,19241.694915
zone1,2017-02-19 08:00:00,20935.932201666667
zone1,2017-02-19 09:00:00,24131.18644
zone1,2017-02-19 10:00:00,27731.18644
zone1,2017-02-19 11:00:00,30549.15254
zone1,2017-02-19 12:00:00,30230.847456666666
zone1,2017-02-19 13:00:00,32249.491526666665
zone1,2017-02-19 14:00:00,34098.30508333333
zone1,2017-02-19 15:00:00,33934.576271666665
zone1,2017-02-19 16:00:00,33163.728815
zone1,2017-02-19 17:00:00,33894.915255
zone1,2017-02-19 18:00:00,41199.66101833333
zone1,2017-02-19 19:00:00,42458.644065
zone1,2017-02-19 20:00:00,42582.711865
zone1,2017-02-19 21:00:00,41047.118645
zone1,2017-02-19 22:00:00,37458.305085
zone1,2017-02-19 23:00:00,31957.627116666667
zone1,2017-02-20 00:00:00,27072.203391666666
zone1,2017-02-20 01:00:00,24227.79661
zone1,2017-02-20 02:00:00,22307.79661
zone1,2017-02-20 03:00:00,21259.322033333334
zone1,2017-02-20 04:00:00,21313.22034
zone1,2017-02-20 05:00:00,22711.52542666667
zone1,2017-02-20 06:00:00,22995.254236666664
zone1,2017-02-20 07:00:00,23447.79661
zone1,2017-02-20 08:00:00,25617.9661
zone1,2017-02-20 09:00:00,28571.186441666665
zone1,2017-02-20 10:00:00,32449.83050833333
zone1,2017-02-20 11:00:00,35701.01694833334
zone1,2017-02-20 12:00:00,37735.932205
zone1,2017-02-20 13:00:00,37916.94915166667
zone1,2017-02-20 14:00:00,36457.62711833333
zone1,2017-02-20 15:00:00,36114.915255
zone1,2017-02-20 16:00:00,36675.25423666667
zone1,2017-02-20 17:00:00,38658.305085
zone1,2017-02-20 18:00:00,43642.37288166666
zone1,2017-02-20 19:00:00,43874.23728666666
zone1,2017-02-20 20:00:00,43647.457625
zone1,2017-02-20 21:00:00,41381.694915
zone1,2017-02-20 22:00:00,36550.169495
zone1,2017-02-20 23:00:00,31036.271185
zone1,2017-02-21 00:00:00,26677.627116666667
zone1,2017-02-21 01:00:00,23766.101693333334
zone1,2017-02-21 02:00:00,22047.457626666666
zone1,2017-02-21 03:00:00,21421.016948333334
zone1,2017-02-21 04:00:00,21444.406778333334
zone1,2017-02-21 05:00:00,22430.847458333334
zone1,2017-02-21 06:00:00,22581.355931666665
zone1,2017-02-21 07:00:00,22948.474575
zone1,2017-02-21 08:00:00,25008.813556666664
zone1,2017-02-21 09:00:00,28493.898305
zone1,2017-02-21 10:00:00,32168.135591666665
zone1,2017-02-21 11:00:00,35314.57627
zone1,2017-02-21 12:00:00,37352.54237333334
zone1,2017-02-21 13:00:00,38071.525425
zone1,2017-02-21 14:00:00,37189.83050833333
zone1,2017-02-21 15:00:00,36151.52542333333
zone1,2017-02-21 16:00:00,35268.813558333335
zone1,2017-02-21 17:00:00,37351.52542333333
zone1,2017-02-21 18:00:00,42227.79660833334
zone1,2017-02-21 19:00:00,43938.30508333333
zone1,2017-02-21 20:00:00,43608.813558333335
zone1,2017-02-21 21:00:00,41382.711865
zone1,2017-02-21 22:00:00,37358.644068333335
zone1,2017-02-21 23:00:00,32211.864405
zone1,2017-02-22 00:00:00,27279.661016666665
zone1,2017-02-22 01:00:00,24242.0339
zone1,2017-02-22 02:00:00,23736.61016833333
zone1,2017-02-22 03:00:00,23234.237288333334
zone1,2017-02-22 04:00:00,23244.406778333334
zone1,2017-02-22 05:00:00,24737.288135
zone1,2017-02-22 06:00:00,24713.898305
zone1,2017-02-22 07:00:00,25612.881355
zone1,2017-02-22 08:00:00,28191.864408333335
zone1,2017-02-22 09:00:00,30108.81356
zone1,2017-02-22 10:00:00,31825.42373166667
zone1,2017-02-22 11:00:00,33977.288135
zone1,2017-02-22 12:00:00,35576.94915333333
zone1,2017-02-22 13:00:00,35199.661016666665
zone1,2017-02-22 14:00:00,34765.42372833333
zone1,2017-02-22 15:00:00,34101.35593333333
zone1,2017-02-22 16:00:00,34538.644068333335
zone1,2017-02-22 17:00:00,33951.86440666667
zone1,2017-02-22 18:00:00,40543.72881333333
zone1,2017-02-22 19:00:00,42101.69491666667
zone1,2017-02-22 20:00:00,42027.457625
zone1,2017-02-22 21:00:00,40299.661016666665
zone1,2017-02-22 22:00:00,36662.0339
zone1,2017-02-22 23:00:00,32120.338981666664
zone1,2017-02-23 00:00:00,28552.881356666665
zone1,2017-02-23 01:00:00,25207.118643333335
zone1,2017-02-23 02:00:00,23192.542373333334
zone1,2017-02-23 03:00:00,22455.254238333335
zone1,2017-02-23 04:00:00,21903.05085
zone1,2017-02-23 05:00:00,23599.322035
zone1,2017-02-23 06:00:00,23383.728815
zone1,2017-02-23 07:00:00,23538.305083333336
zone1,2017-02-23 08:00:00,26663.389831666664
zone1,2017-02-23 09:00:00,30521.694915
zone1,2017-02-23 10:00:00,34209.15254333334
zone1,2017-02-23 11:00:00,36642.71186333334
zone1,2017-02-23 12:00:00,38513.89830666667
zone1,2017-02-23 13:00:00,37539.661016666665
zone1,2017-02-23 14:00:00,36582.711865
zone1,2017-02-23 15:00:00,35308.47457833333
zone1,2017-02-23 16:00:00,34147.118645
zone1,2017-02-23 17:00:00,33825.76271166667
zone1,2017-02-23 18:00:00,41771.186441666665
zone1,2017-02-23 19:00:00,44492.54237333333
zone1,2017-02-23 20:00:00,44400.00000166667
zone1,2017-02-23 21:00:00,42890.84745666666
zone1,2017-02-23 22:00:00,39285.76271166667
zone1,2017-02-23 23:00:00,34023.050846666665
zone1,2017-02-24 00:00:00,28726.77966
zone1,2017-02-24 01:00:00,25129.830508333336
zone1,2017-02-24 02:00:00,23477.288135
zone1,2017-02-24 03:00:00,22647.457626666666
zone1,2017-02-24 04:00:00,22348.474575
zone1,2017-02-24 05:00:00,23808.813561666666
zone1,2017-02-24 06:00:00,23357.288136666666
zone1,2017-02-24 07:00:00,23358.305085
zone1,2017-02-24 08:00:00,25747.118645
zone1,2017-02-24 09:00:00,29096.949153333335
zone1,2017-02-24 10:00:00,31914.915253333336
zone1,2017-02-24 11:00:00,32838.30508333333
zone1,2017-02-24 12:00:00,32851.52542333333
zone1,2017-02-24 13:00:00,33538.98305
zone1,2017-02-24 14:00:00,33442.37288166666
zone1,2017-02-24 15:00:00,33026.440675
zone1,2017-02-24 16:00:00,32414.237288333334
zone1,2017-02-24 17:00:00,32174.23729
zone1,2017-02-24 18:00:00,40524.40678
zone1,2017-02-24 19:00:00,43633.22033833333
zone1,2017-02-24 20:00:00,43765.42372666667
zone1,2017-02-24 21:00:00,42080.338985
zone1,2017-02-24 22:00:00,37716.61017
zone1,2017-02-24 23:00:00,32619.661018333336
zone1,2017-02-25 00:00:00,27706.77966
zone1,2017-02-25 01:00:00,24273.559325
zone1,2017-02-25 02:00:00,22733.898306666666
zone1,2017-02-25 03:00:00,21963.05084833333
zone1,2017-02-25 04:00:00,21720.0
zone1,2017-02-25 05:00:00,22839.661016666665
zone1,2017-02-25 06:00:00,21738.305083333333
zone1,2017-02-25 07:00:00,20877.96610166667
zone1,2017-02-25 08:00:00,23669.491525
zone1,2017-02-25 09:00:00,27611.18644
zone1,2017-02-25 10:00:00,31428.813558333335
zone1,2017-02-25 11:00:00,33560.338983333335
zone1,2017-02-25 12:00:00,34252.881356666665
zone1,2017-02-25 13:00:00,33907.118643333335
zone1,2017-02-25 14:00:00,33209.49152666667
zone1,2017-02-25 15:00:00,32722.372883333333
zone1,2017-02-25 16:00:00,31536.61017
zone1,2017-02-25 17:00:00,31212.20339
zone1,2017-02-25 18:00:00,38795.59322166666
zone1,2017-02-25 19:00:00,42579.661016666665
zone1,2017-02-25 20:00:00,42541.01694833334
zone1,2017-02-25 21:00:00,41154.91525333333
zone1,2017-02-25 22:00:00,38732.54237333334
zone1,2017-02-25 23:00:00,34443.050846666665
zone1,2017-02-26 00:00:00,29470.16949
zone1,2017-02-26 01:00:00,25845.762711666666
zone1,2017-02-26 02:00:00,23820.000001666664
zone1,2017-02-26 03:00:00,22842.711866666665
zone1,2017-02-26 04:00:00,22677.966101666665
zone1,2017-02-26 05:00:00,23643.050848333336
zone1,2017-02-26 06:00:00,21879.661016666665
zone1,2017-02-26 07:00:00,20132.542373333334
zone1,2017-02-26 08:00:00,21775.932203333334
zone1,2017-02-26 09:00:00,25354.576271666665
zone1,2017-02-26 10:00:00,29081.694913333336
zone1,2017-02-26 11:00:00,31547.796611666665
zone1,2017-02-26 12:00:00,32376.610168333336
zone1,2017-02-26 13:00:00,32933.89830666667
zone1,2017-02-26 14:00:00,31751.18644
zone1,2017-02-26 15:00:00,31041.355933333336
zone1,2017-02-26 16:00:00,29988.813558333335
zone1,2017-02-26 17:00:00,30367.118646666666
zone1,2017-02-26 18:00:00,37736.94915166667
zone1,2017-02-26 19:00:00,41456.94915166667
zone1,2017-02-26 20:00:00,42070.16949166667
zone1,2017-02-26 21:00:00,41140.67796833333
zone1,2017-02-26 22:00:00,38300.338985
zone1,2017-02-26 23:00:00,32956.27118833333
zone1,2017-02-27 00:00:00,28030.169491666664
zone1,2017-02-27 01:00:00,24743.38983
zone1,2017-02-27 02:00:00,23143.728815
zone1,2017-02-27 03:00:00,22083.050848333336
zone1,2017-02-27 04:00:00,22562.0339
zone1,2017-02-27 05:00:00,23775.254236666664
zone1,2017-02-27 06:00:00,22880.338981666664
zone1,2017-02-27 07:00:00,23185.423728333335
zone1,2017-02-27 08:00:00,25886.44068166667
zone1,2017-02-27 09:00:00,28685.084745
zone1,2017-02-27 10:00:00,31726.77966166667
zone1,2017-02-27 11:00:00,33572.542375
zone1,2017-02-27 12:00:00,34404.40677833333
zone1,2017-02-27 13:00:00,34462.37288166667
zone1,2017-02-27 14:00:00,34604.74576
zone1,2017-02-27 15:00:00,34070.84745666666
zone1,2017-02-27 16:00:00,32949.15254333334
zone1,2017-02-27 17:00:00,32153.898305
zone1,2017-02-27 18:00:00,40316.94915166667
zone1,2017-02-27 19:00:00,43670.84745666666
zone1,2017-02-27 20:00:00,43568.13559166667
zone1,2017-02-27 21:00:00,41733.55932166667
zone1,2017-02-27 22:00:00,37900.67796666666
zone1,2017-02-27 23:00:00,32341.016951666665
zone1,2017-02-28 00:00:00,27467.796611666665
zone1,2017-02-28 01:00:00,24588.813561666666
zone1,2017-02-28 02:00:00,23110.16949
zone1,2017-02-28 03:00:00,22471.525425
zone1,2017-02-28 04:00:00,22365.762711666666
zone1,2017-02-28 05:00:00,23824.067798333333
zone1,2017-02-28 06:00:00,22553.89830666667
zone1,2017-02-28 07:00:00,23066.440676666665
zone1,2017-02-28 08:00:00,25686.10169333333
zone1,2017-02-28 09:00:00,28198.98305
zone1,2017-02-28 10:00:00,31946.44067833333
zone1,2017-02-28 11:00:00,33883.728813333335
zone1,2017-02-28 12:00:00,34955.593218333335
zone1,2017-02-28 13:00:00,34837.62712
zone1,2017-02-28 14:00:00,33360.0
zone1,2017-02-28 15:00:00,32701.01695
zone1,2017-02-28 16:00:00,32465.084745
zone1,2017-02-28 17:00:00,32618.644066666664
zone1,2017-02-28 18:00:00,40023.05084833333
zone1,2017-02-28 19:00:00,43509.15254
zone1,2017-02-28 20:00:00,43296.61017
zone1,2017-02-28 21:00:00,41508.81356
zone1,2017-02-28 22:00:00,37709.491526666665
zone1,2017-02-28 23:00:00,32155.932201666667
zone1,2017-03-01 00:00:00,27609.191489999997
zone1,2017-03-01 01:00:00,24537.19149
zone1,2017-03-01 02:00:00,23117.617021666665
zone1,2017-03-01 03:00:00,22286.29787166667
zone1,2017-03-01 04:00:00,22264.851061666664
zone1,2017-03-01 05:00:00,23642.553191666666
zone1,2017-03-01 06:00:00,22736.680848333333
zone1,2017-03-01 07:00:00,23210.553191666666
zone1,2017-03-01 08:00:00,25567.659574999998
zone1,2017-03-01 09:00:00,29195.23404333333
zone1,2017-03-01 10:00:00,31733.10638166667
zone1,2017-03-01 11:00:00,33699.06382833333
zone1,2017-03-01 12:00:00,34317.95744666667
zone1,2017-03-01 13:00:00,34283.23404166666
zone1,2017-03-01 14:00:00,33431.48936
zone1,2017-03-01 15:00:00,32924.93617
zone1,2017-03-01 16:00:00,32061.957446666667
zone1,2017-03-01 17:00:00,31674.893616666668
zone1,2017-03-01 18:00:00,39342.6383
zone1,2017-03-01 19:00:00,43508.42553166667
zone1,2017-03-01 20:00:00,43425.70212833334
zone1,2017-03-01 21:00:00,41910.12766
zone1,2017-03-01 22:00:00,38387.744679999996
zone1,2017-03-01 23:00:00,32608.340425000002
zone1,2017-03-02 00:00:00,27583.659573333334
zone1,2017-03-02 01:00:00,24882.382978333335
zone1,2017-03-02 02:00:00,23207.489361666667
zone1,2017-03-02 03:00:00,22447.659573333334
zone1,2017-03-02 04:00:00,22224.000001666664
zone1,2017-03-02 05:00:00,23712.000001666664
zone1,2017-03-02 06:00:00,22530.382976666664
zone1,2017-03-02 07:00:00,23584.34042333333
zone1,2017-03-02 08:00:00,26088.510639999997
zone1,2017-03-02 09:00:00,28855.148935
zone1,2017-03-02 10:00:00,30353.36170166667
zone1,2017-03-02 11:00:00,32082.38298
zone1,2017-03-02 12:00:00,33054.63829833333
zone1,2017-03-02 13:00:00,32982.127661666666
zone1,2017-03-02 14:00:00,32079.319148333336
zone1,2017-03-02 15:00:00,31807.659574999998
zone1,2017-03-02 16:00:00,32143.659573333334
zone1,2017-03-02 17:00:00,32102.808510000003
zone1,2017-03-02 18:00:00,40015.659575
zone1,2017-03-02 19:00:00,44214.12766
zone1,2017-03-02 20:00:00,44123.23404333333
zone1,2017-03-02 21:00:00,42162.382978333335
zone1,2017-03-02 22:00:00,38343.82978666667
zone1,2017-03-02 23:00:00,33225.191490000005
zone1,2017-03-03 00:00:00,28144.340426666666
zone1,2017-03-03 01:00:00,24884.425529999997
zone1,2017-03-03 02:00:00,23588.425531666668
zone1,2017-03-03 03:00:00,22597.787236666667
zone1,2017-03-03 04:00:00,22451.74468
zone1,2017-03-03 05:00:00,23735.48936333333
zone1,2017-03-03 06:00:00,22565.10638166667
zone1,2017-03-03 07:00:00,23156.42553333333
zone1,2017-03-03 08:00:00,25764.765958333333
zone1,2017-03-03 09:00:00,28570.212765
zone1,2017-03-03 10:00:00,30698.553190000002
zone1,2017-03-03 11:00:00,33908.425533333335
zone1,2017-03-03 12:00:00,33332.42553
zone1,2017-03-03 13:00:00,33537.70212666666
zone1,2017-03-03 14:00:00,33175.148936666665
zone1,2017-03-03 15:00:00,32229.446806666663
zone1,2017-03-03 16:00:00,31987.40425333333
zone1,2017-03-03 17:00:00,33130.212765
zone1,2017-03-03 18:00:00,40349.61702
zone1,2017-03-03 19:00:00,43266.382978333335
zone1,2017-03-03 20:00:00,43172.42553166667
zone1,2017-03-03 21:00:00,41301.44680666667
zone1,2017-03-03 22:00:00,37701.44681
zone1,2017-03-03 23:00:00,32669.617021666665
zone1,2017-03-04 00:00:00,27997.276596666667
zone1,2017-03-04 01:00:00,25022.29787166667
zone1,2017-03-04 02:00:00,23499.57446666667
zone1,2017-03-04 03:00:00,22536.510635
zone1,2017-03-04 04:00:00,22309.787233333333
zone1,2017-03-04 05:00:00,23580.25532
zone1,2017-03-04 06:00:00,21843.063828333336
zone1,2017-03-04 07:00:00,21635.744681666667
zone1,2017-03-04 08:00:00,24720.0
zone1,2017-03-04 09:00:00,28516.085106666666
zone1,2017-03-04 10:00:00,31492.085106666666
zone1,2017-03-04 11:00:00,33234.38298
zone1,2017-03-04 12:00:00,34298.55319
zone1,2017-03-04 13:00:00,34486.468085
zone1,2017-03-04 14:00:00,33319.148935
zone1,2017-03-04 15:00:00,32217.191489999997
zone1,2017-03-04 16:00:00,32220.255318333333
zone1,2017-03-04 17:00:00,32626.723403333333
zone1,2017-03-04 18:00:00,39347.74468166666
zone1,2017-03-04 19:00:00,43230.63829833333
zone1,2017-03-04 20:00:00,42734.297875
zone1,2017-03-04 21:00:00,41001.19148833333
zone1,2017-03-04 22:00:00,38193.70212666666
zone1,2017-03-04 23:00:00,33892.085106666666
zone1,2017-03-05 00:00:00,28960.340426666666
zone1,2017-03-05 01:00:00,25316.42553333333
zone1,2017-03-05 02:00:00,23237.106383333332
zone1,2017-03-05 03:00:00,22280.170211666667
zone1,2017-03-05 04:00:00,22104.51063666667
zone1,2017-03-05 05:00:00,23158.46808833333
zone1,2017-03-05 06:00:00,20944.34042333333
zone1,2017-03-05 07:00:00,19911.829788333333
zone1,2017-03-05 08:00:00,21857.361703333332
zone1,2017-03-05 09:00:00,25379.744683333334
zone1,2017-03-05 10:00:00,29275.914894999998
zone1,2017-03-05 11:00:00,31495.148936666665
zone1,2017-03-05 12:00:00,32079.31915
zone1,2017-03-05 13:00:00,32258.042553333333
zone1,2017-03-05 14:00:00,30958.978724999997
zone1,2017-03-05 15:00:00,30013.276593333332
zone1,2017-03-05 16:00:00,29514.89361833333
zone1,2017-03-05 17:00:00,28967.48936333333
zone1,2017-03-05 18:00:00,35141.10638333333
zone1,2017-03-05 19:00:00,40810.21276666667
zone1,2017-03-05 20:00:00,41818.21276833333
zone1,2017-03-05 21:00:00,41290.212766666664
zone1,2017-03-05 22:00:00,38471.489363333334
zone1,2017-03-05 23:00:00,33213.957445
zone1,2017-03-06 00:00:00,28326.127658333335
zone1,2017-03-06 01:00:00,25500.25532
zone1,2017-03-06 02:00:00,23794.723405
zone1,2017-03-06 03:00:00,22963.40425333333
zone1,2017-03-06 04:00:00,23037.957446666667
zone1,2017-03-06 05:00:00,24306.382978333335
zone1,2017-03-06 06:00:00,23117.61702
zone1,2017-03-06 07:00:00,24085.787233333336
zone1,2017-03-06 08:00:00,27114.893616666668
zone1,2017-03-06 09:00:00,30139.914894999998
zone1,2017-03-06 10:00:00,33123.06383
zone1,2017-03-06 11:00:00,35225.87234
zone1,2017-03-06 12:00:00,36146.04255333333
zone1,2017-03-06 13:00:00,35444.425533333335
zone1,2017-03-06 14:00:00,34500.76595833333
zone1,2017-03-06 15:00:00,33612.25531833333
zone1,2017-03-06 16:00:00,33239.48936166667
zone1,2017-03-06 17:00:00,32615.48936333333
zone1,2017-03-06 18:00:00,39603.06382833333
zone1,2017-03-06 19:00:00,44444.93617166667
zone1,2017-03-06 20:00:00,44159.99999833333
zone1,2017-03-06 21:00:00,42070.46808333333
zone1,2017-03-06 22:00:00,38382.63829833333
zone1,2017-03-06 23:00:00,32821.787235
zone1,2017-03-07 00:00:00,28206.63829833333
zone1,2017-03-07 01:00:00,25125.446806666663
zone1,2017-03-07 02:00:00,23596.595745
zone1,2017-03-07 03:00:00,22836.765958333333
zone1,2017-03-07 04:00:00,22758.12766
zone1,2017-03-07 05:00:00,24102.12766
zone1,2017-03-07 06:00:00,22748.936171666664
zone1,2017-03-07 07:00:00,23552.68085
zone1,2017-03-07 08:00:00,26486.808511666666
zone1,2017-03-07 09:00:00,29992.851063333335
zone1,2017-03-07 10:00:00,32666.553190000002
zone1,2017-03-07 11:00:00,35070.638296666664
zone1,2017-03-07 12:00:00,35189.106381666665
zone1,2017-03-07 13:00:00,35244.25532
zone1,2017-03-07 14:00:00,34288.34042666667
zone1,2017-03-07 15:00:00,32925.95744666667
zone1,2017-03-07 16:00:00,31338.89361833333
zone1,2017-03-07 17:00:00,31216.340426666666
zone1,2017-03-07 18:00:00,36913.02127833333
zone1,2017-03-07 19:00:00,41884.595745
zone1,2017-03-07 20:00:00,41606.80851
zone1,2017-03-07 21:00:00,39511.148936666665
zone1,2017-03-07 22:00:00,36414.638296666664
zone1,2017-03-07 23:00:00,33307.914895
zone1,2017-03-08 00:00:00,28456.851061666664
zone1,2017-03-08 01:00:00,25286.808511666666
zone1,2017-03-08 02:00:00,23607.82978666667
zone1,2017-03-08 03:00:00,22725.446808333334
zone1,2017-03-08 04:00:00,23129.87233833333
zone1,2017-03-08 05:00:00,24502.46808333333
zone1,2017-03-08 06:00:00,22566.12766
zone1,2017-03-08 07:00:00,23566.978723333334
zone1,2017-03-08 08:00:00,26706.38298
zone1,2017-03-08 09:00:00,30078.638295
zone1,2017-03-08 10:00:00,32307.06383
zone1,2017-03-08 11:00:00,35703.829788333336
zone1,2017-03-08 12:00:00,37248.00000166667
zone1,2017-03-08 13:00:00,36984.51064
zone1,2017-03-08 14:00:00,36337.021275
zone1,2017-03-08 15:00:00,35381.10638333333
zone1,2017-03-08 16:00:00,34357.787235
zone1,2017-03-08 17:00:00,33973.78723333333
zone1,2017-03-08 18:00:00,40185.19148833333
zone1,2017-03-08 19:00:00,45448.851063333335
zone1,2017-03-08 20:00:00,46439.48936166667
zone1,2017-03-08 21:00:00,44317.276595
zone1,2017-03-08 22:00:00,40614.12765833333
zone1,2017-03-08 23:00:00,33338.55319
zone1,2017-03-09 00:00:00,28397.617021666665
zone1,2017-03-09 01:00:00,25546.212765
zone1,2017-03-09 02:00:00,23859.063828333336
zone1,2017-03-09 03:00:00,23125.787233333336
zone1,2017-03-09 04:00:00,22927.659574999998
zone1,2017-03-09 05:00:00,23836.59574666667
zone1,2017-03-09 06:00:00,22116.765956666666
zone1,2017-03-09 07:00:00,23693.617021666665
zone1,2017-03-09 08:00:00,26420.42553333333
zone1,2017-03-09 09:00:00,29290.212765
zone1,2017-03-09 10:00:00,31675.914894999998
zone1,2017-03-09 11:00:00,34173.957448333334
zone1,2017-03-09 12:00:00,33875.74468166667
zone1,2017-03-09 13:00:00,33888.0
zone1,2017-03-09 14:00:00,34817.361703333336
zone1,2017-03-09 15:00:00,34077.95744666667
zone1,2017-03-09 16:00:00,32913.70212833333
zone1,2017-03-09 17:00:00,31608.51063666667
zone1,2017-03-09 18:00:00,36949.787234999996
zone1,2017-03-09 19:00:00,41514.893618333335
zone1,2017-03-09 20:00:00,41502.6383
zone1,2017-03-09 21:00:00,40947.06383
zone1,2017-03-09 22:00:00,38363.23404166666
zone1,2017-03-09 23:00:00,32983.14893833333
zone1,2017-03-10 00:00:00,28285.276596666667
zone1,2017-03-10 01:00:00,25207.148935
zone1,2017-03-10 02:00:00,23695.659573333334
zone1,2017-03-10 03:00:00,23093.106385000003
zone1,2017-03-10 04:00:00,22948.085106666666
zone1,2017-03-10 05:00:00,24192.00000166667
zone1,2017-03-10 06:00:00,22151.489361666667
zone1,2017-03-10 07:00:00,23634.382978333335
zone1,2017-03-10 08:00:00,25691.234041666667
zone1,2017-03-10 09:00:00,28528.340425000002
zone1,2017-03-10 10:00:00,30748.595743333335
zone1,2017-03-10 11:00:00,33685.787234999996
zone1,2017-03-10 12:00:00,33424.340425
zone1,2017-03-10 13:00:00,33389.61702
zone1,2017-03-10 14:00:00,33058.723405000004
zone1,2017-03-10 15:00:00,32068.085105000002
zone1,2017-03-10 16:00:00,31283.74468
zone1,2017-03-10 17:00:00,30963.06383
zone1,2017-03-10 18:00:00,37352.170211666664
zone1,2017-03-10 19:00:00,42724.085105
zone1,2017-03-10 20:00:00,42883.404253333334
zone1,2017-03-10 21:00:00,41586.382978333335
zone1,2017-03-10 22:00:00,38406.12766
zone1,2017-03-10 23:00:00,33365.106381666665
zone1,2017-03-11 00:00:00,28454.80851
zone1,2017-03-11 01:00:00,24784.340425000002
zone1,2017-03-11 02:00:00,23795.744681666667
zone1,2017-03-11 03:00:00,23054.29787166667
zone1,2017-03-11 04:00:00,22999.148938333336
zone1,2017-03-11 05:00:00,24098.042555000004
zone1,2017-03-11 06:00:00,21309.957446666667
zone1,2017-03-11 07:00:00,21816.51064
zone1,2017-03-11 08:00:00,24913.021276666666
zone1,2017-03-11 09:00:00,28471.148936666665
zone1,2017-03-11 10:00:00,31555.404256666665
zone1,2017-03-11 11:00:00,32511.319148333336
zone1,2017-03-11 12:00:00,32811.574466666665
zone1,2017-03-11 13:00:00,34735.65957333333
zone1,2017-03-11 14:00:00,34247.48936166667
zone1,2017-03-11 15:00:00,32603.23404
zone1,2017-03-11 16:00:00,31729.021276666666
zone1,2017-03-11 17:00:00,31232.680851666664
zone1,2017-03-11 18:00:00,37711.659575
zone1,2017-03-11 19:00:00,43271.48936166667
zone1,2017-03-11 20:00:00,42963.06383166667
zone1,2017-03-11 21:00:00,41251.404255
zone1,2017-03-11 22:00:00,38144.68085
zone1,2017-03-11 23:00:00,34082.04255333333
zone1,2017-03-12 00:00:00,29228.93617
zone1,2017-03-12 01:00:00,25768.851063333335
zone1,2017-03-12 02:00:00,23644.595743333335
zone1,2017-03-12 03:00:00,22549.787235
zone1,2017-03-12 04:00:00,22400.680851666668
zone1,2017-03-12 05:00:00,23113.531913333336
zone1,2017-03-12 06:00:00,20241.702126666667
zone1,2017-03-12 07:00:00,19925.106383333336
zone1,2017-03-12 08:00:00,22380.255318333333
zone1,2017-03-12 09:00:00,25911.829786666665
zone1,2017-03-12 10:00:00,29253.446808333334
zone1,2017-03-12 11:00:00,31643.23404333333
zone1,2017-03-12 12:00:00,32061.95744833333
zone1,2017-03-12 13:00:00,32580.765958333333
zone1,2017-03-12 14:00:00,30830.297871666666
zone1,2017-03-12 15:00:00,29523.063826666665
zone1,2017-03-12 16:00:00,28605.957446666667
zone1,2017-03-12 17:00:00,28242.38298
zone1,2017-03-12 18:00:00,34353.70212833333
zone1,2017-03-12 19:00:00,41435.23404166666
zone1,2017-03-12 20:00:00,42317.617021666665
zone1,2017-03-12 21:00:00,41016.51063833333
zone1,2017-03-12 22:00:00,37826.04255333333
zone1,2017-03-12 23:00:00,32270.297871666666
zone1,2017-03-13 00:00:00,27694.97872166667
zone1,2017-03-13 01:00:00,24843.57446666667
zone1,2017-03-13 02:00:00,23452.595745
zone1,2017-03-13 03:00:00,22864.340425000002
zone1,2017-03-13 04:00:00,22860.25532
zone1,2017-03-13 05:00:00,23877.446806666663
zone1,2017-03-13 06:00:00,22208.68085
zone1,2017-03-13 07:00:00,23656.851061666664
zone1,2017-03-13 08:00:00,26185.53191666667
zone1,2017-03-13 09:00:00,29666.042554999996
zone1,2017-03-13 10:00:00,32204.93617
zone1,2017-03-13 11:00:00,34339.404255
zone1,2017-03-13 12:00:00,35133.95744666667
zone1,2017-03-13 13:00:00,34907.23404333333
zone1,2017-03-13 14:00:00,34247.48936
zone1,2017-03-13 15:00:00,33765.446808333334
zone1,2017-03-13 16:00:00,33048.51063833333
zone1,2017-03-13 17:00:00,32552.170211666667
zone1,2017-03-13 18:00:00,39507.06383
zone1,2017-03-13 19:00:00,44151.82978666667
zone1,2017-03-13 20:00:00,43602.38298166666
zone1,2017-03-13 21:00:00,41437.27659666667
zone1,2017-03-13 22:00:00,37468.595745
zone1,2017-03-13 23:00:00,31863.829788333333
zone1,2017-03-14 00:00:00,27431.489361666667
zone1,2017-03-14 01:00:00,24384.0
zone1,2017-03-14 02:00:00,23152.340425000002
zone1,2017-03-14 03:00:00,22647.82978666667
zone1,2017-03-14 04:00:00,22848.0
zone1,2017-03-14 05:00:00,23989.787235
zone1,2017-03-14 06:00:00,21504.0
zone1,2017-03-14 07:00:00,23003.23404
zone1,2017-03-14 08:00:00,25744.340426666666
zone1,2017-03-14 09:00:00,28904.17021333333
zone1,2017-03-14 10:00:00,31921.021275000003
zone1,2017-03-14 11:00:00,33524.42553166667
zone1,2017-03-14 12:00:00,33969.70212666666
zone1,2017-03-14 13:00:00,33628.595745
zone1,2017-03-14 14:00:00,33122.042551666666
zone1,2017-03-14 15:00:00,32762.55319333333
zone1,2017-03-14 16:00:00,31843.404255
zone1,2017-03-14 17:00:00,31912.851065
zone1,2017-03-14 18:00:00,40844.93616833333
zone1,2017-03-14 19:00:00,44407.148936666665
zone1,2017-03-14 20:00:00,43792.340425
zone1,2017-03-14 21:00:00,41161.531915
zone1,2017-03-14 22:00:00,37411.40425666667
zone1,2017-03-14 23:00:00,31968.0
zone1,2017-03-15 00:00:00,27423.319148333336
zone1,2017-03-15 01:00:00,24694.468085
zone1,2017-03-15 02:00:00,23297.36170166667
zone1,2017-03-15 03:00:00,22578.382978333335
zone1,2017-03-15 04:00:00,22839.82978666667
zone1,2017-03-15 05:00:00,23697.70212833333
zone1,2017-03-15 06:00:00,21587.74468
zone1,2017-03-15 07:00:00,23857.021276666666
zone1,2017-03-15 08:00:00,26461.276596666667
zone1,2017-03-15 09:00:00,30707.744681666667
zone1,2017-03-15 10:00:00,34737.70212833333
zone1,2017-03-15 11:00:00,36292.085106666666
zone1,2017-03-15 12:00:00,38173.276594999996
zone1,2017-03-15 13:00:00,37866.893618333335
zone1,2017-03-15 14:00:00,36563.74468333333
zone1,2017-03-15 15:00:00,36104.17021333334
zone1,2017-03-15 16:00:00,35763.06382833333
zone1,2017-03-15 17:00:00,36040.851065
zone1,2017-03-15 18:00:00,41167.659575
zone1,2017-03-15 19:00:00,44290.72340333334
zone1,2017-03-15 20:00:00,43827.06383
zone1,2017-03-15 21:00:00,41651.74468
zone1,2017-03-15 22:00:00,37627.914895
zone1,2017-03-15 23:00:00,32264.170211666667
zone1,2017-03-16 00:00:00,27831.829784999998
zone1,2017-03-16 01:00:00,24953.872341666665
zone1,2017-03-16 02:00:00,23501.617021666665
zone1,2017-03-16 03:00:00,23011.404256666665
zone1,2017-03-16 04:00:00,23019.574468333332
zone1,2017-03-16 05:00:00,23857.02127833333
zone1,2017-03-16 06:00:00,21681.702128333334
zone1,2017-03-16 07:00:00,24253.276595
zone1,2017-03-16 08:00:00,26524.595745
zone1,2017-03-16 09:00:00,30097.021276666666
zone1,2017-03-16 10:00:00,33448.851063333335
zone1,2017-03-16 11:00:00,36645.44681
zone1,2017-03-16 12:00:00,38144.68085166667
zone1,2017-03-16 13:00:00,38195.74468
zone1,2017-03-16 14:00:00,37111.148935
zone1,2017-03-16 15:00:00,36306.382978333335
zone1,2017-03-16 16:00:00,35761.02127666667
zone1,2017-03-16 17:00:00,35885.617021666665
zone1,2017-03-16 18:00:00,41169.70212833334
zone1,2017-03-16 19:00:00,44223.319149999996
zone1,2017-03-16 20:00:00,43982.29787166667
zone1,2017-03-16 21:00:00,41986.723405000004
zone1,2017-03-16 22:00:00,37903.659575000005
zone1,2017-03-16 23:00:00,32911.65957333333
zone1,2017-03-17 00:00:00,28322.042553333333
zone1,2017-03-17 01:00:00,25223.489361666667
zone1,2017-03-17 02:00:00,23430.12766
zone1,2017-03-17 03:00:00,22408.851065
zone1,2017-03-17 04:00:00,22598.808511666666
zone1,2017-03-17 05:00:00,23865.191488333334
zone1,2017-03-17 06:00:00,21677.61702
zone1,2017-03-17 07:00:00,23497.53191666667
zone1,2017-03-17 08:00:00,26022.127658333335
zone1,2017-03-17 09:00:00,30677.106383333332
zone1,2017-03-17 10:00:00,33173.106381666665
zone1,2017-03-17 11:00:00,35236.085106666666
zone1,2017-03-17 12:00:00,34492.595745
zone1,2017-03-17 13:00:00,34490.553191666666
zone1,2017-03-17 14:00:00,33851.23404166666
zone1,2017-03-17 15:00:00,33191.48935833333
zone1,2017-03-17 16:00:00,32617.531915
zone1,2017-03-17 17:00:00,32021.106383333332
zone1,2017-03-17 18:00:00,37683.06383
zone1,2017-03-17 19:00:00,43138.72340333333
zone1,2017-03-17 20:00:00,43024.34042666667
zone1,2017-03-17 21:00:00,41661.95744666667
zone1,2017-03-17 22:00:00,38618.55319
zone1,2017-03-17 23:00:00,33693.95744666667
zone1,2017-03-18 00:00:00,28716.255316666666
zone1,2017-03-18 01:00:00,25025.36170166667
zone1,2017-03-18 02:00:00,23334.12766
zone1,2017-03-18 03:00:00,22829.617025
zone1,2017-03-18 04:00:00,23301.446809999998
zone1,2017-03-18 05:00:00,23914.212766666667
zone1,2017-03-18 06:00:00,20832.0
zone1,2017-03-18 07:00:00,21669.446808333334
zone1,2017-03-18 08:00:00,24962.042553333333
zone1,2017-03-18 09:00:00,29116.595743333335
zone1,2017-03-18 10:00:00,32264.170211666667
zone1,2017-03-18 11:00:00,34384.34042666666
zone1,2017-03-18 12:00:00,34660.085105
zone1,2017-03-18 13:00:00,35393.36170166667
zone1,2017-03-18 14:00:00,34188.25532
zone1,2017-03-18 15:00:00,32891.23404333334
zone1,2017-03-18 16:00:00,31508.42553333333
zone1,2017-03-18 17:00:00,31226.553191666666
zone1,2017-03-18 18:00:00,36614.808509999995
zone1,2017-03-18 19:00:00,42950.80851166667
zone1,2017-03-18 20:00:00,42609.70212833333
zone1,2017-03-18 21:00:00,41149.27659666667
zone1,2017-03-18 22:00:00,38675.74468166666
zone1,2017-03-18 23:00:00,34276.085106666666
zone1,2017-03-19 00:00:00,29122.723403333333
zone1,2017-03-19 01:00:00,25589.106385000003
zone1,2017-03-19 02:00:00,23677.276598333334
zone1,2017-03-19 03:00:00,22760.17021333333
zone1,2017-03-19 04:00:00,22721.36170166667
zone1,2017-03-19 05:00:00,23207.489361666667
zone1,2017-03-19 06:00:00,19653.446808333334
zone1,2017-03-19 07:00:00,19598.297871666666
zone1,2017-03-19 08:00:00,21941.10638166667
zone1,2017-03-19 09:00:00,26344.851063333335
zone1,2017-03-19 10:00:00,30687.31915
zone1,2017-03-19 11:00:00,32443.914891666664
zone1,2017-03-19 12:00:00,32625.702126666667
zone1,2017-03-19 13:00:00,32923.914895
zone1,2017-03-19 14:00:00,32070.12766
zone1,2017-03-19 15:00:00,30734.297871666666
zone1,2017-03-19 16:00:00,29757.957446666667
zone1,2017-03-19 17:00:00,29241.191489999997
zone1,2017-03-19 18:00:00,33979.914895
zone1,2017-03-19 19:00:00,41586.382978333335
zone1,2017-03-19 20:00:00,42427.914893333334
zone1,2017-03-19 21:00:00,41508.76596
zone1,2017-03-19 22:00:00,38477.617021666665
zone1,2017-03-19 23:00:00,32872.851063333335
zone1,2017-03-20 00:00:00,27889.021278333337
zone1,2017-03-20 01:00:00,24606.63829833333
zone1,2017-03-20 02:00:00,23182.978723333334
zone1,2017-03-20 03:00:00,22392.510638333333
zone1,2017-03-20 04:00:00,22629.44680666667
zone1,2017-03-20 05:00:00,23330.04255166667
zone1,2017-03-20 06:00:00,20470.468085
zone1,2017-03-20 07:00:00,22494.63829833333
zone1,2017-03-20 08:00:00,25276.595745
zone1,2017-03-20 09:00:00,28732.595745
zone1,2017-03-20 10:00:00,31389.957446666667
zone1,2017-03-20 11:00:00,33926.80851166667
zone1,2017-03-20 12:00:00,34823.48936
zone1,2017-03-20 13:00:00,34519.148935
zone1,2017-03-20 14:00:00,33816.51063833333
zone1,2017-03-20 15:00:00,33710.29787166666
zone1,2017-03-20 16:00:00,32576.68085
zone1,2017-03-20 17:00:00,32019.06383
zone1,2017-03-20 18:00:00,37503.319148333336
zone1,2017-03-20 19:00:00,44223.319148333336
zone1,2017-03-20 20:00:00,44188.595745
zone1,2017-03-20 21:00:00,42429.957445
zone1,2017-03-20 22:00:00,38412.25531833334
zone1,2017-03-20 23:00:00,32664.510638333333
zone1,2017-03-21 00:00:00,27746.042553333333
zone1,2017-03-21 01:00:00,24751.659574999998
zone1,2017-03-21 02:00:00,23350.468085
zone1,2017-03-21 03:00:00,22719.31915
zone1,2017-03-21 04:00:00,23101.276596666667
zone1,2017-03-21 05:00:00,23697.702126666667
zone1,2017-03-21 06:00:00,21077.106385
zone1,2017-03-21 07:00:00,23477.106385000003
zone1,2017-03-21 08:00:00,25828.085105000002
zone1,2017-03-21 09:00:00,26937.191488333334
zone1,2017-03-21 10:00:00,28802.042553333333
zone1,2017-03-21 11:00:00,30299.234041666667
zone1,2017-03-21 12:00:00,32468.425531666668
zone1,2017-03-21 13:00:00,33324.25532
zone1,2017-03-21 14:00:00,33818.55319
zone1,2017-03-21 15:00:00,33681.70213
zone1,2017-03-21 16:00:00,32621.61702
zone1,2017-03-21 17:00:00,31733.106383333332
zone1,2017-03-21 18:00:00,37444.085106666666
zone1,2017-03-21 19:00:00,44135.489363333334
zone1,2017-03-21 20:00:00,43749.446808333334
zone1,2017-03-21 21:00:00,41898.89361666667
zone1,2017-03-21 22:00:00,37946.553191666666
zone1,2017-03-21 23:00:00,32913.70212666666
zone1,2017-03-22 00:00:00,28105.531913333336
zone1,2017-03-22 01:00:00,24690.382978333335
zone1,2017-03-22 02:00:00,23405.617023333336
zone1,2017-03-22 03:00:00,22758.12766
zone1,2017-03-22 04:00:00,23009.361703333332
zone1,2017-03-22 05:00:00,23446.468085
zone1,2017-03-22 06:00:00,20936.170213333335
zone1,2017-03-22 07:00:00,23701.787235
zone1,2017-03-22 08:00:00,26520.510639999997
zone1,2017-03-22 09:00:00,30971.234043333334
zone1,2017-03-22 10:00:00,32693.106383333332
zone1,2017-03-22 11:00:00,33675.574466666665
zone1,2017-03-22 12:00:00,35117.617021666665
zone1,2017-03-22 13:00:00,35109.44680666667
zone1,2017-03-22 14:00:00,34245.44680666667
zone1,2017-03-22 15:00:00,33448.85106166667
zone1,2017-03-22 16:00:00,32321.36170166667
zone1,2017-03-22 17:00:00,32178.38298
zone1,2017-03-22 18:00:00,37779.06383
zone1,2017-03-22 19:00:00,43998.63829833333
zone1,2017-03-22 20:00:00,43649.3617
zone1,2017-03-22 21:00:00,41956.085106666666
zone1,2017-03-22 22:00:00,38050.72340333333
zone1,2017-03-22 23:00:00,32466.38298
zone1,2017-03-23 00:00:00,27854.29787166667
zone1,2017-03-23 01:00:00,24792.510638333333
zone1,2017-03-23 02:00:00,23368.851065
zone1,2017-03-23 03:00:00,22960.340425000002
zone1,2017-03-23 04:00:00,23358.63829833333
zone1,2017-03-23 05:00:00,23744.680851666664
zone1,2017-03-23 06:00:00,20858.553190000002
zone1,2017-03-23 07:00:00,23162.553191666666
zone1,2017-03-23 08:00:00,25423.659574999998
zone1,2017-03-23 09:00:00,28791.82978666667
zone1,2017-03-23 10:00:00,30781.276595000003
zone1,2017-03-23 11:00:00,33820.595745
zone1,2017-03-23 12:00:00,35232.00000166667
zone1,2017-03-23 13:00:00,34643.74468333333
zone1,2017-03-23 14:00:00,33814.46808333333
zone1,2017-03-23 15:00:00,33301.787233333336
zone1,2017-03-23 16:00:00,32768.680851666664
zone1,2017-03-23 17:00:00,32435.74468
zone1,2017-03-23 18:00:00,37695.31914666667
zone1,2017-03-23 19:00:00,43970.042555
zone1,2017-03-23 20:00:00,43537.021275
zone1,2017-03-23 21:00:00,41964.25531833334
zone1,2017-03-23 22:00:00,37842.382978333335
zone1,2017-03-23 23:00:00,32251.914893333334
zone1,2017-03-24 00:00:00,27858.382976666664
zone1,2017-03-24 01:00:00,24772.085108333336
zone1,2017-03-24 02:00:00,22984.851063333335
zone1,2017-03-24 03:00:00,22220.936171666664
zone1,2017-03-24 04:00:00,22660.085106666666
zone1,2017-03-24 05:00:00,23193.191488333334
zone1,2017-03-24 06:00:00,20509.276593333332
zone1,2017-03-24 07:00:00,22756.085106666666
zone1,2017-03-24 08:00:00,24904.851063333335
zone1,2017-03-24 09:00:00,28360.851066666666
zone1,2017-03-24 10:00:00,31359.319146666665
zone1,2017-03-24 11:00:00,33146.553191666666
zone1,2017-03-24 12:00:00,32682.89361833333
zone1,2017-03-24 13:00:00,32507.234041666667
zone1,2017-03-24 14:00:00,33465.19148833333
zone1,2017-03-24 15:00:00,32115.063828333336
zone1,2017-03-24 16:00:00,31179.574468333332
zone1,2017-03-24 17:00:00,30899.744683333334
zone1,2017-03-24 18:00:00,36408.51063833333
zone1,2017-03-24 19:00:00,43134.638296666664
zone1,2017-03-24 20:00:00,43085.617021666665
zone1,2017-03-24 21:00:00,41410.723405
zone1,2017-03-24 22:00:00,38528.68085
zone1,2017-03-24 23:00:00,33209.87234
zone1,2017-03-25 00:00:00,27989.106385000003
zone1,2017-03-25 01:00:00,24772.085105000002
zone1,2017-03-25 02:00:00,22837.787235
zone1,2017-03-25 03:00:00,21706.212763333333
zone1,2017-03-25 04:00:00,22545.702126666667
zone1,2017-03-25 05:00:00,22778.553193333337
zone1,2017-03-25 06:00:00,20057.872339999998
zone1,2017-03-25 07:00:00,21166.978723333334
zone1,2017-03-25 08:00:00,24185.872341666665
zone1,2017-03-25 09:00:00,27872.680851666668
zone1,2017-03-25 10:00:00,31506.382978333335
zone1,2017-03-25 11:00:00,33620.42553166667
zone1,2017-03-25 12:00:00,34341.44680666667
zone1,2017-03-25 13:00:00,34282.212766666664
zone1,2017-03-25 14:00:00,33085.27659666667
zone1,2017-03-25 15:00:00,31874.04255166667
zone1,2017-03-25 16:00:00,31163.234041666667
zone1,2017-03-25 17:00:00,30119.489361666667
zone1,2017-03-25 18:00:00,34457.87234
zone1,2017-03-25 19:00:00,42021.44680666667
zone1,2017-03-25 20:00:00,42027.57446833333
zone1,2017-03-25 21:00:00,40567.14893833333
zone1,2017-03-25 22:00:00,38020.085106666666
zone1,2017-03-25 23:00:00,33499.914893333334
zone1,2017-03-26 00:00:00,28624.340425000002
zone1,2017-03-26 01:00:00,25480.851065
zone1,2017-03-26 02:00:00,23336.17021333333
zone1,2017-03-26 03:00:00,22529.361703333332
zone1,2017-03-26 04:00:00,22572.255318333333
zone1,2017-03-26 05:00:00,21853.276595
zone1,2017-03-26 06:00:00,18380.936168333334
zone1,2017-03-26 07:00:00,18995.744678333333
zone1,2017-03-26 08:00:00,21838.978723333334
zone1,2017-03-26 09:00:00,25166.297873333333
zone1,2017-03-26 10:00:00,29047.148936666665
zone1,2017-03-26 11:00:00,32276.42553333333
zone1,2017-03-26 12:00:00,32533.787231666665
zone1,2017-03-26 13:00:00,32396.93617
zone1,2017-03-26 14:00:00,31845.446808333334
zone1,2017-03-26 15:00:00,30007.148936666665
zone1,2017-03-26 16:00:00,28642.723403333333
zone1,2017-03-26 17:00:00,28411.914894999998
zone1,2017-03-26 18:00:00,34233.19149
zone1,2017-03-26 19:00:00,43888.340425
zone1,2017-03-26 20:00:00,44697.19148833334
zone1,2017-03-26 21:00:00,42956.93617
zone1,2017-03-26 22:00:00,37625.87234166667
zone1,2017-03-26 23:00:00,31579.914894999998
zone1,2017-03-27 00:00:00,27439.659574999998
zone1,2017-03-27 01:00:00,24886.468085
zone1,2017-03-27 02:00:00,23560.851063333335
zone1,2017-03-27 03:00:00,23119.659573333334
zone1,2017-03-27 04:00:00,24124.595745
zone1,2017-03-27 05:00:00,25207.148936666665
zone1,2017-03-27 06:00:00,24412.595745
zone1,2017-03-27 07:00:00,24373.787235
zone1,2017-03-27 08:00:00,27423.319148333336
zone1,2017-03-27 09:00:00,30368.68085
zone1,2017-03-27 10:00:00,33430.46808666667
zone1,2017-03-27 11:00:00,37037.617021666665
zone1,2017-03-27 12:00:00,37115.23404
zone1,2017-03-27 13:00:00,35597.617021666665
zone1,2017-03-27 14:00:00,33618.382978333335
zone1,2017-03-27 15:00:00,32731.914894999998
zone1,2017-03-27 16:00:00,32002.723405
zone1,2017-03-27 17:00:00,32182.468085
zone1,2017-03-27 18:00:00,36837.44680666667
zone1,2017-03-27 19:00:00,44494.97872166667
zone1,2017-03-27 20:00:00,43710.63829833333
zone1,2017-03-27 21:00:00,40998.12766
zone1,2017-03-27 22:00:00,36044.93617166667
zone1,2017-03-27 23:00:00,30315.57446666667
zone1,2017-03-28 00:00:00,26240.680851666664
zone1,2017-03-28 01:00:00,23881.531916666663
zone1,2017-03-28 02:00:00,22960.340425000002
zone1,2017-03-28 03:00:00,22580.425529999997
zone1,2017-03-28 04:00:00,23281.021275000003
zone1,2017-03-28 05:00:00,24167.489360000003
zone1,2017-03-28 06:00:00,23446.468085
zone1,2017-03-28 07:00:00,25188.765956666666
zone1,2017-03-28 08:00:00,27558.12766
zone1,2017-03-28 09:00:00,30184.851065
zone1,2017-03-28 10:00:00,32292.76595833333
zone1,2017-03-28 11:00:00,29925.446808333334
zone1,2017-03-28 12:00:00,33769.531915
zone1,2017-03-28 13:00:00,34811.23404
zone1,2017-03-28 14:00:00,34155.574466666665
zone1,2017-03-28 15:00:00,32198.808510000003
zone1,2017-03-28 16:00:00,31114.212766666667
zone1,2017-03-28 17:00:00,31128.510638333333
zone1,2017-03-28 18:00:00,36040.851063333335
zone1,2017-03-28 19:00:00,44507.23404333333
zone1,2017-03-28 20:00:00,44448.0
zone1,2017-03-28 21:00:00,41647.65957333333
zone1,2017-03-28 22:00:00,36588.255320000004
zone1,2017-03-28 23:00:00,27982.97872166667
zone1,2017-03-29 00:00:00,24418.723401666666
zone1,2017-03-29 01:00:00,23830.468085
zone1,2017-03-29 02:00:00,23313.702126666667
zone1,2017-03-29 03:00:00,23542.468086666664
zone1,2017-03-29 04:00:00,24772.085105000002
zone1,2017-03-29 05:00:00,25525.787233333336
zone1,2017-03-29 06:00:00,25205.10638166667
zone1,2017-03-29 07:00:00,26383.659574999998
zone1,2017-03-29 08:00:00,29527.148936666665
zone1,2017-03-29 09:00:00,32535.829788333333
zone1,2017-03-29 10:00:00,35270.808509999995
zone1,2017-03-29 11:00:00,36702.6383
zone1,2017-03-29 12:00:00,37736.170211666664
zone1,2017-03-29 13:00:00,37062.12766
zone1,2017-03-29 14:00:00,36206.29787166667
zone1,2017-03-29 15:00:00,34917.44680666667
zone1,2017-03-29 16:00:00,34100.42553
zone1,2017-03-29 17:00:00,34069.78723666666
zone1,2017-03-29 18:00:00,39018.89361666667
zone1,2017-03-29 19:00:00,47172.76595666667
zone1,2017-03-29 20:00:00,46547.74468166666
zone1,2017-03-29 21:00:00,44392.851065
zone1,2017-03-29 22:00:00,38551.148936666665
zone1,2017-03-29 23:00:00,32276.425531666668
zone1,2017-03-30 00:00:00,27987.06383
zone1,2017-03-30 01:00:00,25674.89362
zone1,2017-03-30 02:00:00,24467.74468
zone1,2017-03-30 03:00:00,24002.042553333333
zone1,2017-03-30 04:00:00,25033.531915
zone1,2017-03-30 05:00:00,25378.723405
zone1,2017-03-30 06:00:00,25011.06383
zone1,2017-03-30 07:00:00,25987.404255
zone1,2017-03-30 08:00:00,28761.191488333334
zone1,2017-03-30 09:00:00,31353.191488333334
zone1,2017-03-30 10:00:00,33634.72340333333
zone1,2017-03-30 11:00:00,36257.361703333336
zone1,2017-03-30 12:00:00,36392.170215
zone1,2017-03-30 13:00:00,34372.085106666666
zone1,2017-03-30 14:00:00,33459.06383
zone1,2017-03-30 15:00:00,32499.06383
zone1,2017-03-30 16:00:00,31949.617021666665
zone1,2017-03-30 17:00:00,32147.744680000003
zone1,2017-03-30 18:00:00,37419.57446833333
zone1,2017-03-30 19:00:00,44417.36170166667
zone1,2017-03-30 20:00:00,43929.19149
zone1,2017-03-30 21:00:00,41545.53191333333
zone1,2017-03-30 22:00:00,36576.00000166667
zone1,2017-03-30 23:00:00,30977.36170166667
zone1,2017-03-31 00:00:00,27149.617021666665
zone1,2017-03-31 01:00:00,24780.25532
zone1,2017-03-31 02:00:00,23705.87234
zone1,2017-03-31 03:00:00,23397.446808333334
zone1,2017-03-31 04:00:00,24055.148935
zone1,2017-03-31 05:00:00,24363.574468333332
zone1,2017-03-31 06:00:00,24181.787233333333
zone1,2017-03-31 07:00:00,25098.89361833333
zone1,2017-03-31 08:00:00,28256.68085
zone1,2017-03-31 09:00:00,31571.744681666667
zone1,2017-03-31 10:00:00,33969.70212666666
zone1,2017-03-31 11:00:00,35289.19148833333
zone1,2017-03-31 12:00:00,34276.085105
zone1,2017-03-31 13:00:00,33220.085106666666
zone1,2017-03-31 14:00:00,32854.46808333333
zone1,2017-03-31 15:00:00,31943.489361666667
zone1,2017-03-31 16:00:00,31436.936171666664
zone1,2017-03-31 17:00:00,30754.723403333333
zone1,2017-03-31 18:00:00,34292.42553166667
zone1,2017-03-31 19:00:00,43089.70212666666
zone1,2017-03-31 20:00:00,43038.638296666664
zone1,2017-03-31 21:00:00,41617.021275
zone1,2017-03-31 22:00:00,37333.78723333333
zone1,2017-03-31 23:00:00,31602.382976666664
zone1,2017-04-01 00:00:00,27336.749191666666
zone1,2017-04-01 01:00:00,25013.735198333336
zone1,2017-04-01 02:00:00,23978.299248333333
zone1,2017-04-01 03:00:00,23641.420883333336
zone1,2017-04-01 04:00:00,25193.541445
zone1,2017-04-01 05:00:00,25245.209901666665
zone1,2017-04-01 06:00:00,23703.423033333336
zone1,2017-04-01 07:00:00,25017.868675
zone1,2017-04-01 08:00:00,28783.466093333333
zone1,2017-04-01 09:00:00,32367.190528333333
zone1,2017-04-01 10:00:00,34874.14424166666
zone1,2017-04-01 11:00:00,36128.654465
zone1,2017-04-01 12:00:00,36471.73304666667
zone1,2017-04-01 13:00:00,35485.898815
zone1,2017-04-01 14:00:00,34254.12271166666
zone1,2017-04-01 15:00:00,33257.95479166667
zone1,2017-04-01 16:00:00,32766.071043333333
zone1,2017-04-01 17:00:00,32321.722283333333
zone1,2017-04-01 18:00:00,36300.193758333335
zone1,2017-04-01 19:00:00,45015.62970833333
zone1,2017-04-01 20:00:00,45439.31108666666
zone1,2017-04-01 21:00:00,43207.23358666667
zone1,2017-04-01 22:00:00,39057.22282
zone1,2017-04-01 23:00:00,33233.15392833333
zone1,2017-04-02 00:00:00,28314.316468333334
zone1,2017-04-02 01:00:00,24974.46717
zone1,2017-04-02 02:00:00,23478.148546666667
zone1,2017-04-02 03:00:00,22938.729815
zone1,2017-04-02 04:00:00,23699.289558333334
zone1,2017-04-02 05:00:00,22539.849301666665
zone1,2017-04-02 06:00:00,19607.147471666667
zone1,2017-04-02 07:00:00,20985.662001666667
zone1,2017-04-02 08:00:00,23715.823464999998
zone1,2017-04-02 09:00:00,28012.572658333334
zone1,2017-04-02 10:00:00,29079.00968833333
zone1,2017-04-02 11:00:00,29880.904198333334
zone1,2017-04-02 12:00:00,30542.260495
zone1,2017-04-02 13:00:00,30965.941875
zone1,2017-04-02 14:00:00,29723.83207666667
zone1,2017-04-02 15:00:00,28911.603875
zone1,2017-04-02 16:00:00,28072.50807333333
zone1,2017-04-02 17:00:00,27336.749191666666
zone1,2017-04-02 18:00:00,30593.928955
zone1,2017-04-02 19:00:00,40704.41334666667
zone1,2017-04-02 20:00:00,42130.462863333334
zone1,2017-04-02 21:00:00,41334.76856833333
zone1,2017-04-02 22:00:00,37238.49300333334
zone1,2017-04-02 23:00:00,31530.161463333334
zone1,2017-04-03 00:00:00,26923.401506666665
zone1,2017-04-03 01:00:00,24201.506996666667
zone1,2017-04-03 02:00:00,23217.739503333334
zone1,2017-04-03 03:00:00,23116.469321666667
zone1,2017-04-03 04:00:00,24100.236813333333
zone1,2017-04-03 05:00:00,23744.757805
zone1,2017-04-03 06:00:00,23478.148546666664
zone1,2017-04-03 07:00:00,25414.682455000002
zone1,2017-04-03 08:00:00,28541.657696666665
zone1,2017-04-03 09:00:00,31844.305706666666
zone1,2017-04-03 10:00:00,34733.606028333335
zone1,2017-04-03 11:00:00,35969.515608333335
zone1,2017-04-03 12:00:00,36048.05166833333
zone1,2017-04-03 13:00:00,35051.883745
zone1,2017-04-03 14:00:00,34080.516683333335
zone1,2017-04-03 15:00:00,32914.87621
zone1,2017-04-03 16:00:00,32046.846073333334
zone1,2017-04-03 17:00:00,32166.716898333336
zone1,2017-04-03 18:00:00,35785.57588833333
zone1,2017-04-03 19:00:00,44395.60818166667
zone1,2017-04-03 20:00:00,44205.46824666666
zone1,2017-04-03 21:00:00,41299.634014999996
zone1,2017-04-03 22:00:00,36246.45855666667
zone1,2017-04-03 23:00:00,30707.59956833333
zone1,2017-04-04 00:00:00,26731.194831666668
zone1,2017-04-04 01:00:00,24616.92142166667
zone1,2017-04-04 02:00:00,23600.086113333335
zone1,2017-04-04 03:00:00,23486.415500000003
zone1,2017-04-04 04:00:00,24131.237891666668
zone1,2017-04-04 05:00:00,23877.02906333333
zone1,2017-04-04 06:00:00,23484.348761666668
zone1,2017-04-04 07:00:00,25391.94833166667
zone1,2017-04-04 08:00:00,28628.460711666663
zone1,2017-04-04 09:00:00,31145.748115
zone1,2017-04-04 10:00:00,33782.906351666665
zone1,2017-04-04 11:00:00,35500.365985000004
zone1,2017-04-04 12:00:00,35299.892354999996
zone1,2017-04-04 13:00:00,33979.246503333336
zone1,2017-04-04 14:00:00,33472.895586666666
zone1,2017-04-04 15:00:00,32515.995695
zone1,2017-04-04 16:00:00,31728.568355
zone1,2017-04-04 17:00:00,32305.188374999998
zone1,2017-04-04 18:00:00,35611.96985833333
zone1,2017-04-04 19:00:00,44546.48008666667
zone1,2017-04-04 20:00:00,44364.607103333336
zone1,2017-04-04 21:00:00,41624.111946666664
zone1,2017-04-04 22:00:00,37240.559741666664
zone1,2017-04-04 23:00:00,30955.608181666666
zone1,2017-04-05 00:00:00,26950.269108333334
zone1,2017-04-05 01:00:00,24610.721204999998
zone1,2017-04-05 02:00:00,23688.955868333334
zone1,2017-04-05 03:00:00,23511.21636333333
zone1,2017-04-05 04:00:00,24662.389665
zone1,2017-04-05 05:00:00,23899.763186666667
zone1,2017-04-05 06:00:00,23403.745961666664
zone1,2017-04-05 07:00:00,25208.008611666664
zone1,2017-04-05 08:00:00,28049.773951666666
zone1,2017-04-05 09:00:00,31125.080733333332
zone1,2017-04-05 10:00:00,33634.101181666665
zone1,2017-04-05 11:00:00,35167.62109833334
zone1,2017-04-05 12:00:00,35134.553283333335
zone1,2017-04-05 13:00:00,34876.210978333336
zone1,2017-04-05 14:00:00,33787.039828333334
zone1,2017-04-05 15:00:00,33009.94617833333
zone1,2017-04-05 16:00:00,32334.122713333334
zone1,2017-04-05 17:00:00,32484.994616666667
zone1,2017-04-05 18:00:00,35413.562971666666
zone1,2017-04-05 19:00:00,44414.20882666667
zone1,2017-04-05 20:00:00,44399.74165833333
zone1,2017-04-05 21:00:00,42029.19268
zone1,2017-04-05 22:00:00,37011.15177833333
zone1,2017-04-05 23:00:00,31034.144243333332
zone1,2017-04-06 00:00:00,27130.07535
zone1,2017-04-06 01:00:00,24716.124865
zone1,2017-04-06 02:00:00,23581.485466666665
zone1,2017-04-06 03:00:00,23432.680301666667
zone1,2017-04-06 04:00:00,24401.980623333333
zone1,2017-04-06 05:00:00,23631.087190000002
zone1,2017-04-06 06:00:00,23401.679226666663
zone1,2017-04-06 07:00:00,25458.08396
zone1,2017-04-06 08:00:00,28200.645855
zone1,2017-04-06 09:00:00,32170.85037666667
zone1,2017-04-06 10:00:00,34020.58127166666
zone1,2017-04-06 11:00:00,35636.77072
zone1,2017-04-06 12:00:00,36083.18622166666
zone1,2017-04-06 13:00:00,35041.55005333333
zone1,2017-04-06 14:00:00,33935.844995
zone1,2017-04-06 15:00:00,33276.555434999995
zone1,2017-04-06 16:00:00,32313.455328333333
zone1,2017-04-06 17:00:00,32745.40366
zone1,2017-04-06 18:00:00,35967.44887
zone1,2017-04-06 19:00:00,44775.88805166667
zone1,2017-04-06 20:00:00,44591.94833166667
zone1,2017-04-06 21:00:00,42070.52745
zone1,2017-04-06 22:00:00,37589.83853666667
zone1,2017-04-06 23:00:00,31761.636166666667
zone1,2017-04-07 00:00:00,27485.554358333335
zone1,2017-04-07 01:00:00,24912.465016666665
zone1,2017-04-07 02:00:00,23728.223895
zone1,2017-04-07 03:00:00,23682.755651666666
zone1,2017-04-07 04:00:00,24523.91819333333
zone1,2017-04-07 05:00:00,23779.892356666667
zone1,2017-04-07 06:00:00,23459.547903333336
zone1,2017-04-07 07:00:00,24799.82777
zone1,2017-04-07 08:00:00,29502.691066666666
zone1,2017-04-07 09:00:00,32971.71151833333
zone1,2017-04-07 10:00:00,35831.04413166666
zone1,2017-04-07 11:00:00,36960.516683333335
zone1,2017-04-07 12:00:00,33955.47900666667
zone1,2017-04-07 13:00:00,33145.317545
zone1,2017-04-07 14:00:00,32391.99139
zone1,2017-04-07 15:00:00,31787.470396666668
zone1,2017-04-07 16:00:00,31711.001076666667
zone1,2017-04-07 17:00:00,31759.56943
zone1,2017-04-07 18:00:00,34189.02045166666
zone1,2017-04-07 19:00:00,43012.960171666666
zone1,2017-04-07 20:00:00,43526.544669999996
zone1,2017-04-07 21:00:00,41425.70505833333
zone1,2017-04-07 22:00:00,37979.418731666665
zone1,2017-04-07 23:00:00,31822.604949999997
zone1,2017-04-08 00:00:00,27682.927878333332
zone1,2017-04-08 01:00:00,25202.841765
zone1,2017-04-08 02:00:00,23978.299245000002
zone1,2017-04-08 03:00:00,23923.530676666665
zone1,2017-04-08 04:00:00,24754.359526666667
zone1,2017-04-08 05:00:00,23395.479006666665
zone1,2017-04-08 06:00:00,22026.264801666664
zone1,2017-04-08 07:00:00,24136.404735
zone1,2017-04-08 08:00:00,27954.703981666666
zone1,2017-04-08 09:00:00,31262.51884
zone1,2017-04-08 10:00:00,33574.16577
zone1,2017-04-08 11:00:00,34668.50376666667
zone1,2017-04-08 12:00:00,34482.49730833333
zone1,2017-04-08 13:00:00,34130.118408333336
zone1,2017-04-08 14:00:00,33154.617868333335
zone1,2017-04-08 15:00:00,31808.137783333335
zone1,2017-04-08 16:00:00,31185.016146666665
zone1,2017-04-08 17:00:00,31247.0183
zone1,2017-04-08 18:00:00,34103.25080666667
zone1,2017-04-08 19:00:00,42593.412273333335
zone1,2017-04-08 20:00:00,43088.39612666667
zone1,2017-04-08 21:00:00,41359.569428333336
zone1,2017-04-08 22:00:00,37939.117333333335
zone1,2017-04-08 23:00:00,32737.136705
zone1,2017-04-09 00:00:00,27784.198063333333
zone1,2017-04-09 01:00:00,25155.30678166667
zone1,2017-04-09 02:00:00,23827.427341666666
zone1,2017-04-09 03:00:00,23237.373519999997
zone1,2017-04-09 04:00:00,23998.966631666666
zone1,2017-04-09 05:00:00,22117.20129333333
zone1,2017-04-09 06:00:00,20083.530678333333
zone1,2017-04-09 07:00:00,21642.884821666667
zone1,2017-04-09 08:00:00,25860.064586666664
zone1,2017-04-09 09:00:00,28791.733046666664
zone1,2017-04-09 10:00:00,30427.556513333333
zone1,2017-04-09 11:00:00,31302.820236666666
zone1,2017-04-09 12:00:00,31779.203445000003
zone1,2017-04-09 13:00:00,31972.443488333334
zone1,2017-04-09 14:00:00,30839.870828333336
zone1,2017-04-09 15:00:00,29514.05812833333
zone1,2017-04-09 16:00:00,28973.606028333335
zone1,2017-04-09 17:00:00,30562.927881666667
zone1,2017-04-09 18:00:00,33976.146393333336
zone1,2017-04-09 19:00:00,40709.580193333335
zone1,2017-04-09 20:00:00,41995.091495
zone1,2017-04-09 21:00:00,40729.21420833334
zone1,2017-04-09 22:00:00,36861.313238333336
zone1,2017-04-09 23:00:00,31049.644780000002
zone1,2017-04-10 00:00:00,27308.848223333334
zone1,2017-04-10 01:00:00,25146.006458333333
zone1,2017-04-10 02:00:00,23947.29817
zone1,2017-04-10 03:00:00,23552.551131666667
zone1,2017-04-10 04:00:00,24409.214210000002
zone1,2017-04-10 05:00:00,22623.552208333334
zone1,2017-04-10 06:00:00,21435.17761
zone1,2017-04-10 07:00:00,23879.095803333334
zone1,2017-04-10 08:00:00,27439.052744999997
zone1,2017-04-10 09:00:00,31454.72551
zone1,2017-04-10 10:00:00,32333.089343333337
zone1,2017-04-10 11:00:00,31670.699676666667
zone1,2017-04-10 12:00:00,34458.729816666666
zone1,2017-04-10 13:00:00,35082.884823333334
zone1,2017-04-10 14:00:00,33791.173305
zone1,2017-04-10 15:00:00,33554.531754999996
zone1,2017-04-10 16:00:00,33670.26910666667
zone1,2017-04-10 17:00:00,32770.20452166667
zone1,2017-04-10 18:00:00,36045.98493
zone1,2017-04-10 19:00:00,43055.328311666664
zone1,2017-04-10 20:00:00,42950.95801833333
zone1,2017-04-10 21:00:00,40755.04843833333
zone1,2017-04-10 22:00:00,37036.986006666666
zone1,2017-04-10 23:00:00,31409.257266666667
zone1,2017-04-11 00:00:00,27368.783638333334
zone1,2017-04-11 01:00:00,25053.003230000002
zone1,2017-04-11 02:00:00,23772.658773333333
zone1,2017-04-11 03:00:00,23513.2831
zone1,2017-04-11 04:00:00,24500.150698333335
zone1,2017-04-11 05:00:00,22793.02476
zone1,2017-04-11 06:00:00,21328.74058
zone1,2017-04-11 07:00:00,24389.58019333333
zone1,2017-04-11 08:00:00,27380.1507
zone1,2017-04-11 09:00:00,31018.643701666664
zone1,2017-04-11 10:00:00,34155.952638333336
zone1,2017-04-11 11:00:00,35041.550055
zone1,2017-04-11 12:00:00,35000.215286666666
zone1,2017-04-11 13:00:00,34473.196984999995
zone1,2017-04-11 14:00:00,34205.55436
zone1,2017-04-11 15:00:00,33370.592033333334
zone1,2017-04-11 16:00:00,32727.83638333333
zone1,2017-04-11 17:00:00,32021.011840000003
zone1,2017-04-11 18:00:00,34353.32615833333
zone1,2017-04-11 19:00:00,43233.067813333335
zone1,2017-04-11 20:00:00,43362.238966666664
zone1,2017-04-11 21:00:00,41873.15393
zone1,2017-04-11 22:00:00,38445.468245000004
zone1,2017-04-11 23:00:00,32890.07535
zone1,2017-04-12 00:00:00,28340.150698333335
zone1,2017-04-12 01:00:00,25666.824543333332
zone1,2017-04-12 02:00:00,24472.24973
zone1,2017-04-12 03:00:00,24165.339075
zone1,2017-04-12 04:00:00,25142.90635
zone1,2017-04-12 05:00:00,22784.75780333333
zone1,2017-04-12 06:00:00,21704.886974999998
zone1,2017-04-12 07:00:00,24174.639396666666
zone1,2017-04-12 08:00:00,27576.490850000002
zone1,2017-04-12 09:00:00,30821.270181666667
zone1,2017-04-12 10:00:00,34023.68138
zone1,2017-04-12 11:00:00,35102.51883666666
zone1,2017-04-12 12:00:00,35414.59634
zone1,2017-04-12 13:00:00,34648.86975333333
zone1,2017-04-12 14:00:00,34065.016144999994
zone1,2017-04-12 15:00:00,33204.21959
zone1,2017-04-12 16:00:00,32642.066738333335
zone1,2017-04-12 17:00:00,31901.14101333333
zone1,2017-04-12 18:00:00,33696.103338333334
zone1,2017-04-12 19:00:00,42568.61140833333
zone1,2017-04-12 20:00:00,42908.58988166667
zone1,2017-04-12 21:00:00,41506.30785833333
zone1,2017-04-12 22:00:00,37926.71690166667
zone1,2017-04-12 23:00:00,32409.558665
zone1,2017-04-13 00:00:00,28040.473628333333
zone1,2017-04-13 01:00:00,25501.485468333336
zone1,2017-04-13 02:00:00,24345.145318333332
zone1,2017-04-13 03:00:00,24096.103336666667
zone1,2017-04-13 04:00:00,24882.497308333335
zone1,2017-04-13 05:00:00,22937.696448333332
zone1,2017-04-13 06:00:00,21484.779333333336
zone1,2017-04-13 07:00:00,24150.871906666667
zone1,2017-04-13 08:00:00,27405.984931666666
zone1,2017-04-13 09:00:00,30332.486543333333
zone1,2017-04-13 10:00:00,33304.456405
zone1,2017-04-13 11:00:00,34933.04628666667
zone1,2017-04-13 12:00:00,35385.662001666664
zone1,2017-04-13 13:00:00,35202.75565166667
zone1,2017-04-13 14:00:00,33979.24650166667
zone1,2017-04-13 15:00:00,33737.438105
zone1,2017-04-13 16:00:00,32594.531756666667
zone1,2017-04-13 17:00:00,32029.278795000002
zone1,2017-04-13 18:00:00,34267.55651166666
zone1,2017-04-13 19:00:00,43240.30139833333
zone1,2017-04-13 20:00:00,43636.08180666666
zone1,2017-04-13 21:00:00,41918.622176666664
zone1,2017-04-13 22:00:00,38071.388589999995
zone1,2017-04-13 23:00:00,33019.2465
zone1,2017-04-14 00:00:00,28796.899891666664
zone1,2017-04-14 01:00:00,26018.170076666665
zone1,2017-04-14 02:00:00,24689.257265000004
zone1,2017-04-14 03:00:00,24336.878363333333
zone1,2017-04-14 04:00:00,25167.707211666668
zone1,2017-04-14 05:00:00,23080.301398333333
zone1,2017-04-14 06:00:00,21915.694294999998
zone1,2017-04-14 07:00:00,23941.097955
zone1,2017-04-14 08:00:00,26689.860065
zone1,2017-04-14 09:00:00,30454.424111666667
zone1,2017-04-14 10:00:00,33521.46394
zone1,2017-04-14 11:00:00,34782.174381666664
zone1,2017-04-14 12:00:00,33677.50269166667
zone1,2017-04-14 13:00:00,33603.10010833333
zone1,2017-04-14 14:00:00,33188.71905166667
zone1,2017-04-14 15:00:00,32495.328311666668
zone1,2017-04-14 16:00:00,32487.06135666667
zone1,2017-04-14 17:00:00,31273.885899999997
zone1,2017-04-14 18:00:00,32730.936491666667
zone1,2017-04-14 19:00:00,42078.79440333333
zone1,2017-04-14 20:00:00,42696.74919333333
zone1,2017-04-14 21:00:00,41803.918191666664
zone1,2017-04-14 22:00:00,38385.532830000004
zone1,2017-04-14 23:00:00,33001.679225
zone1,2017-04-15 00:00:00,28324.650163333336
zone1,2017-04-15 01:00:00,25890.032293333334
zone1,2017-04-15 02:00:00,24337.911735
zone1,2017-04-15 03:00:00,24075.43595166667
zone1,2017-04-15 04:00:00,24654.122713333334
zone1,2017-04-15 05:00:00,22426.17868833333
zone1,2017-04-15 06:00:00,21049.730893333333
zone1,2017-04-15 07:00:00,23310.742734999996
zone1,2017-04-15 08:00:00,26280.645855
zone1,2017-04-15 09:00:00,29678.363833333333
zone1,2017-04-15 10:00:00,32245.25296
zone1,2017-04-15 11:00:00,34235.52206833333
zone1,2017-04-15 12:00:00,34103.250804999996
zone1,2017-04-15 13:00:00,33673.369215
zone1,2017-04-15 14:00:00,32960.34445833333
zone1,2017-04-15 15:00:00,32497.395050000003
zone1,2017-04-15 16:00:00,31418.557588333333
zone1,2017-04-15 17:00:00,31201.550055
zone1,2017-04-15 18:00:00,33305.489773333335
zone1,2017-04-15 19:00:00,42413.606028333335
zone1,2017-04-15 20:00:00,43167.965553333335
zone1,2017-04-15 21:00:00,41675.78040833334
zone1,2017-04-15 22:00:00,38501.270183333334
zone1,2017-04-15 23:00:00,33935.844995
zone1,2017-04-16 00:00:00,28669.79547833333
zone1,2017-04-16 01:00:00,25598.622176666668
zone1,2017-04-16 02:00:00,24056.835306666664
zone1,2017-04-16 03:00:00,23660.021528333335
zone1,2017-04-16 04:00:00,23934.897736666666
zone1,2017-04-16 05:00:00,21411.410118333333
zone1,2017-04-16 06:00:00,19532.74488833333
zone1,2017-04-16 07:00:00,20650.850376666665
zone1,2017-04-16 08:00:00,23122.66953833333
zone1,2017-04-16 09:00:00,26429.45102333333
zone1,2017-04-16 10:00:00,28882.66953833333
zone1,2017-04-16 11:00:00,31048.611408333334
zone1,2017-04-16 12:00:00,31092.012918333334
zone1,2017-04-16 13:00:00,30885.339073333336
zone1,2017-04-16 14:00:00,30124.779333333336
zone1,2017-04-16 15:00:00,28812.40043166667
zone1,2017-04-16 16:00:00,28694.596338333333
zone1,2017-04-16 17:00:00,28595.392894999997
zone1,2017-04-16 18:00:00,31379.289558333334
zone1,2017-04-16 19:00:00,40956.555435
zone1,2017-04-16 20:00:00,42494.208825
zone1,2017-04-16 21:00:00,42221.39935166667
zone1,2017-04-16 22:00:00,37649.77395166667
zone1,2017-04-16 23:00:00,31840.172226666666
zone1,2017-04-17 00:00:00,27504.155003333333
zone1,2017-04-17 01:00:00,25009.601725
zone1,2017-04-17 02:00:00,24040.301401666668
zone1,2017-04-17 03:00:00,24087.83638333333
zone1,2017-04-17 04:00:00,24862.863293333332
zone1,2017-04-17 05:00:00,22822.992466666667
zone1,2017-04-17 06:00:00,23748.89128
zone1,2017-04-17 07:00:00,25797.029063333335
zone1,2017-04-17 08:00:00,28368.05167
zone1,2017-04-17 09:00:00,31069.27879333333
zone1,2017-04-17 10:00:00,33904.843916666665
zone1,2017-04-17 11:00:00,35580.968785
zone1,2017-04-17 12:00:00,35603.702905
zone1,2017-04-17 13:00:00,34944.41334666667
zone1,2017-04-17 14:00:00,34588.934336666665
zone1,2017-04-17 15:00:00,33927.57804
zone1,2017-04-17 16:00:00,33222.82023666667
zone1,2017-04-17 17:00:00,33119.483315
zone1,2017-04-17 18:00:00,35076.68460666667
zone1,2017-04-17 19:00:00,44852.357375
zone1,2017-04-17 20:00:00,45331.840690000005
zone1,2017-04-17 21:00:00,42924.09042
zone1,2017-04-17 22:00:00,37883.31539333333
zone1,2017-04-17 23:00:00,31933.175456666668
zone1,2017-04-18 00:00:00,27787.29817
zone1,2017-04-18 01:00:00,25528.35307
zone1,2017-04-18 02:00:00,24488.783638333334
zone1,2017-04-18 03:00:00,24205.640473333333
zone1,2017-04-18 04:00:00,25005.468245
zone1,2017-04-18 05:00:00,23389.278795000002
zone1,2017-04-18 06:00:00,23922.497310000002
zone1,2017-04-18 07:00:00,25737.093648333335
zone1,2017-04-18 08:00:00,28944.67169
zone1,2017-04-18 09:00:00,31519.827771666667
zone1,2017-04-18 10:00:00,33944.11194833333
zone1,2017-04-18 11:00:00,35694.639396666666
zone1,2017-04-18 12:00:00,35936.44779333333
zone1,2017-04-18 13:00:00,35502.43272333333
zone1,2017-04-18 14:00:00,34247.922496666666
zone1,2017-04-18 15:00:00,33530.76426166666
zone1,2017-04-18 16:00:00,32933.476858333335
zone1,2017-04-18 17:00:00,32945.87728666666
zone1,2017-04-18 18:00:00,34952.68030166667
zone1,2017-04-18 19:00:00,44188.93433833334
zone1,2017-04-18 20:00:00,44637.41657833333
zone1,2017-04-18 21:00:00,42496.27556666667
zone1,2017-04-18 22:00:00,38176.79225
zone1,2017-04-18 23:00:00,31949.709365000002
zone1,2017-04-19 00:00:00,27572.357373333332
zone1,2017-04-19 01:00:00,25241.076425000003
zone1,2017-04-19 02:00:00,24267.642626666668
zone1,2017-04-19 03:00:00,24073.369213333335
zone1,2017-04-19 04:00:00,24964.133476666666
zone1,2017-04-19 05:00:00,23052.40043166667
zone1,2017-04-19 06:00:00,23614.55328333333
zone1,2017-04-19 07:00:00,26067.77179833333
zone1,2017-04-19 08:00:00,29944.973088333336
zone1,2017-04-19 09:00:00,31792.637241666667
zone1,2017-04-19 10:00:00,34338.858986666666
zone1,2017-04-19 11:00:00,35919.913884999994
zone1,2017-04-19 12:00:00,36203.05705166667
zone1,2017-04-19 13:00:00,35959.181915
zone1,2017-04-19 14:00:00,35008.48223833333
zone1,2017-04-19 15:00:00,33867.64262666667
zone1,2017-04-19 16:00:00,32962.41119666667
zone1,2017-04-19 17:00:00,33470.82884666666
zone1,2017-04-19 18:00:00,36211.32400666667
zone1,2017-04-19 19:00:00,43963.65985
zone1,2017-04-19 20:00:00,44184.80086166667
zone1,2017-04-19 21:00:00,41979.59095666667
zone1,2017-04-19 22:00:00,36876.81377833333
zone1,2017-04-19 23:00:00,31042.411194999997
zone1,2017-04-20 00:00:00,27045.339075
zone1,2017-04-20 01:00:00,24926.932183333334
zone1,2017-04-20 02:00:00,24067.168996666664
zone1,2017-04-20 03:00:00,24058.902045
zone1,2017-04-20 04:00:00,24767.793325000002
zone1,2017-04-20 05:00:00,22467.513455000004
zone1,2017-04-20 06:00:00,23513.2831
zone1,2017-04-20 07:00:00,25708.159311666666
zone1,2017-04-20 08:00:00,28723.530676666665
zone1,2017-04-20 09:00:00,31340.021526666667
zone1,2017-04-20 10:00:00,33793.24004333333
zone1,2017-04-20 11:00:00,35944.714746666665
zone1,2017-04-20 12:00:00,25135.672765
zone1,2017-04-20 13:00:00,26646.458558333336
zone1,2017-04-20 14:00:00,26328.180836666666
zone1,2017-04-20 15:00:00,26119.440261666667
zone1,2017-04-20 16:00:00,25538.68676
zone1,2017-04-20 17:00:00,25485.98492833333
zone1,2017-04-20 18:00:00,28221.31324
zone1,2017-04-20 19:00:00,38414.467168333336
zone1,2017-04-20 20:00:00,38565.33907333333
zone1,2017-04-20 21:00:00,35907.51345333333
zone1,2017-04-20 22:00:00,32022.04521
zone1,2017-04-20 23:00:00,27656.060278333334
zone1,2017-04-21 00:00:00,24332.74488833333
zone1,2017-04-21 01:00:00,22202.970936666665
zone1,2017-04-21 02:00:00,21494.079654999998
zone1,2017-04-21 03:00:00,21688.353066666667
zone1,2017-04-21 04:00:00,22303.20775
zone1,2017-04-21 05:00:00,20524.779333333332
zone1,2017-04-21 06:00:00,21882.626481666666
zone1,2017-04-21 07:00:00,24565.25296166667
zone1,2017-04-21 08:00:00,28110.742733333333
zone1,2017-04-21 09:00:00,35671.905275
zone1,2017-04-21 10:00:00,39382.734123333335
zone1,2017-04-21 11:00:00,41506.307856666666
zone1,2017-04-21 12:00:00,40157.761033333336
zone1,2017-04-21 13:00:00,38984.88697666667
zone1,2017-04-21 14:00:00,38564.305705
zone1,2017-04-21 15:00:00,38298.72982
zone1,2017-04-21 16:00:00,36286.75995666667
zone1,2017-04-21 17:00:00,34153.88589666667
zone1,2017-04-21 18:00:00,36346.69537166667
zone1,2017-04-21 19:00:00,43050.161465000005
zone1,2017-04-21 20:00:00,43357.072121666664
zone1,2017-04-21 21:00:00,40780.88267
zone1,2017-04-21 22:00:00,36385.96340166667
zone1,2017-04-21 23:00:00,30705.53283
zone1,2017-04-22 00:00:00,27180.710441666666
zone1,2017-04-22 01:00:00,24797.761033333332
zone1,2017-04-22 02:00:00,23670.355218333334
zone1,2017-04-22 03:00:00,23677.588805000003
zone1,2017-04-22 04:00:00,24142.60495333333
zone1,2017-04-22 05:00:00,21430.010765
zone1,2017-04-22 06:00:00,21657.35199
zone1,2017-04-22 07:00:00,23359.311088333332
zone1,2017-04-22 08:00:00,27172.44349
zone1,2017-04-22 09:00:00,30775.801938333334
zone1,2017-04-22 10:00:00,34441.16254
zone1,2017-04-22 11:00:00,36243.35844833333
zone1,2017-04-22 12:00:00,36861.31323833333
zone1,2017-04-22 13:00:00,35487.965553333335
zone1,2017-04-22 14:00:00,34125.984931666666
zone1,2017-04-22 15:00:00,32849.77395
zone1,2017-04-22 16:00:00,32481.894510000002
zone1,2017-04-22 17:00:00,31901.14101333333
zone1,2017-04-22 18:00:00,36359.09580333334
zone1,2017-04-22 19:00:00,42554.14424166666
zone1,2017-04-22 20:00:00,42743.25080833333
zone1,2017-04-22 21:00:00,40426.437028333334
zone1,2017-04-22 22:00:00,37170.290636666665
zone1,2017-04-22 23:00:00,32756.77072
zone1,2017-04-23 00:00:00,27211.711518333334
zone1,2017-04-23 01:00:00,24235.608178333336
zone1,2017-04-23 02:00:00,22387.944025
zone1,2017-04-23 03:00:00,21601.550053333336
zone1,2017-04-23 04:00:00,22148.202368333335
zone1,2017-04-23 05:00:00,19217.56727666667
zone1,2017-04-23 06:00:00,18402.238966666668
zone1,2017-04-23 07:00:00,19785.920343333335
zone1,2017-04-23 08:00:00,22642.15285166667
zone1,2017-04-23 09:00:00,26067.77179833333
zone1,2017-04-23 10:00:00,29833.369213333335
zone1,2017-04-23 11:00:00,32070.613563333332
zone1,2017-04-23 12:00:00,33168.05166833333
zone1,2017-04-23 13:00:00,33083.31539166666
zone1,2017-04-23 14:00:00,32298.988158333334
zone1,2017-04-23 15:00:00,31653.132403333333
zone1,2017-04-23 16:00:00,30761.33477
zone1,2017-04-23 17:00:00,30946.30785833333
zone1,2017-04-23 18:00:00,33151.517759999995
zone1,2017-04-23 19:00:00,41097.09365
zone1,2017-04-23 20:00:00,42215.199141666664
zone1,2017-04-23 21:00:00,41856.62002
zone1,2017-04-23 22:00:00,37875.048441666666
zone1,2017-04-23 23:00:00,31509.49408
zone1,2017-04-24 00:00:00,27295.414423333335
zone1,2017-04-24 01:00:00,24612.787945
zone1,2017-04-24 02:00:00,23649.687835
zone1,2017-04-24 03:00:00,23711.689988333335
zone1,2017-04-24 04:00:00,24111.60387333333
zone1,2017-04-24 05:00:00,21503.379978333334
zone1,2017-04-24 06:00:00,23196.038751666667
zone1,2017-04-24 07:00:00,25868.33154
zone1,2017-04-24 08:00:00,26693.993541666667
zone1,2017-04-24 09:00:00,28792.766416666665
zone1,2017-04-24 10:00:00,31442.325081666666
zone1,2017-04-24 11:00:00,35657.43810666667
zone1,2017-04-24 12:00:00,36051.151775
zone1,2017-04-24 13:00:00,34824.542519999995
zone1,2017-04-24 14:00:00,33956.51237833333
zone1,2017-04-24 15:00:00,33257.95479166667
zone1,2017-04-24 16:00:00,32777.438105
zone1,2017-04-24 17:00:00,33346.82454166667
zone1,2017-04-24 18:00:00,35563.40150666667
zone1,2017-04-24 19:00:00,43435.60818166666
zone1,2017-04-24 20:00:00,44193.067813333335
zone1,2017-04-24 21:00:00,41840.086115000006
zone1,2017-04-24 22:00:00,37229.19267833333
zone1,2017-04-24 23:00:00,31598.363831666666
zone1,2017-04-25 00:00:00,27288.180841666664
zone1,2017-04-25 01:00:00,24890.764261666667
zone1,2017-04-25 02:00:00,24052.701831666665
zone1,2017-04-25 03:00:00,23689.989235
zone1,2017-04-25 04:00:00,24133.304628333335
zone1,2017-04-25 05:00:00,21443.444564999998
zone1,2017-04-25 06:00:00,22631.819161666663
zone1,2017-04-25 07:00:00,25109.838535
zone1,2017-04-25 08:00:00,27956.770721666664
zone1,2017-04-25 09:00:00,30966.975243333334
zone1,2017-04-25 10:00:00,33778.772873333335
zone1,2017-04-25 11:00:00,35018.815930000004
zone1,2017-04-25 12:00:00,35166.58772833333
zone1,2017-04-25 13:00:00,35097.35199
zone1,2017-04-25 14:00:00,34388.46071
zone1,2017-04-25 15:00:00,33439.82777333333
zone1,2017-04-25 16:00:00,32801.20559666667
zone1,2017-04-25 17:00:00,33077.11517833333
zone1,2017-04-25 18:00:00,35738.040905
zone1,2017-04-25 19:00:00,45226.437026666674
zone1,2017-04-25 20:00:00,45090.03229333333
zone1,2017-04-25 21:00:00,42516.94294833333
zone1,2017-04-25 22:00:00,38286.32938833333
zone1,2017-04-25 23:00:00,32160.516685
zone1,2017-04-26 00:00:00,27644.69321833333
zone1,2017-04-26 01:00:00,25497.35199
zone1,2017-04-26 02:00:00,24492.917115
zone1,2017-04-26 03:00:00,24205.640473333333
zone1,2017-04-26 04:00:00,24286.243273333337
zone1,2017-04-26 05:00:00,21837.158235
zone1,2017-04-26 06:00:00,22990.398276666663
zone1,2017-04-26 07:00:00,25458.08396
zone1,2017-04-26 08:00:00,27776.964478333335
zone1,2017-04-26 09:00:00,31021.74381
zone1,2017-04-26 10:00:00,33751.905275
zone1,2017-04-26 11:00:00,35366.02798666667
zone1,2017-04-26 12:00:00,35686.372443333334
zone1,2017-04-26 13:00:00,35167.62109833334
zone1,2017-04-26 14:00:00,34001.98062333333
zone1,2017-04-26 15:00:00,33152.55113
zone1,2017-04-26 16:00:00,32162.583423333333
zone1,2017-04-26 17:00:00,32722.66953833333
zone1,2017-04-26 18:00:00,34194.18729833333
zone1,2017-04-26 19:00:00,43436.64155
zone1,2017-04-26 20:00:00,44978.42841833333
zone1,2017-04-26 21:00:00,43023.293865
zone1,2017-04-26 22:00:00,38145.791171666664
zone1,2017-04-26 23:00:00,31945.575888333333
zone1,2017-04-27 00:00:00,27380.1507
zone1,2017-04-27 01:00:00,25081.937566666664
zone1,2017-04-27 02:00:00,24218.04090333333
zone1,2017-04-27 03:00:00,24267.642624999997
zone1,2017-04-27 04:00:00,24534.251883333334
zone1,2017-04-27 05:00:00,21622.217438333333
zone1,2017-04-27 06:00:00,22887.06135666667
zone1,2017-04-27 07:00:00,24798.794404999997
zone1,2017-04-27 08:00:00,28324.65016
zone1,2017-04-27 09:00:00,31439.22497166667
zone1,2017-04-27 10:00:00,34043.31539333333
zone1,2017-04-27 11:00:00,35967.44887
zone1,2017-04-27 12:00:00,35624.37029333333
zone1,2017-04-27 13:00:00,34559.99999833333
zone1,2017-04-27 14:00:00,33613.43379833333
zone1,2017-04-27 15:00:00,32848.740581666665
zone1,2017-04-27 16:00:00,32143.982776666668
zone1,2017-04-27 17:00:00,32408.525295
zone1,2017-04-27 18:00:00,34028.848223333334
zone1,2017-04-27 19:00:00,42917.890205
zone1,2017-04-27 20:00:00,44284.00430666667
zone1,2017-04-27 21:00:00,42382.604953333335
zone1,2017-04-27 22:00:00,38273.92895666666
zone1,2017-04-27 23:00:00,32398.191605
zone1,2017-04-28 00:00:00,27483.487621666663
zone1,2017-04-28 01:00:00,24755.392895
zone1,2017-04-28 02:00:00,23637.287406666666
zone1,2017-04-28 03:00:00,24015.500538333334
zone1,2017-04-28 04:00:00,24536.318621666665
zone1,2017-04-28 05:00:00,21845.425186666664
zone1,2017-04-28 06:00:00,23197.072118333333
zone1,2017-04-28 07:00:00,24695.457481666668
zone1,2017-04-28 08:00:00,28095.24219666667
zone1,2017-04-28 09:00:00,31342.08826666667
zone1,2017-04-28 10:00:00,34152.85253
zone1,2017-04-28 11:00:00,36114.18729666666
zone1,2017-04-28 12:00:00,34942.34660833333
zone1,2017-04-28 13:00:00,34409.128095
zone1,2017-04-28 14:00:00,33309.62325
zone1,2017-04-28 15:00:00,32511.862216666665
zone1,2017-04-28 16:00:00,32216.318621666665
zone1,2017-04-28 17:00:00,33394.359525
zone1,2017-04-28 18:00:00,35208.955865
zone1,2017-04-28 19:00:00,42789.75242
zone1,2017-04-28 20:00:00,43453.17545833333
zone1,2017-04-28 21:00:00,41733.649085
zone1,2017-04-28 22:00:00,37627.03982666667
zone1,2017-04-28 23:00:00,31738.902043333335
zone1,2017-04-29 00:00:00,27644.69321833333
zone1,2017-04-29 01:00:00,25152.206673333334
zone1,2017-04-29 02:00:00,23765.425188333335
zone1,2017-04-29 03:00:00,23540.1507
zone1,2017-04-29 04:00:00,23982.432721666668
zone1,2017-04-29 05:00:00,20962.927878333332
zone1,2017-04-29 06:00:00,21308.073196666668
zone1,2017-04-29 07:00:00,23467.814856666664
zone1,2017-04-29 08:00:00,26896.533908333335
zone1,2017-04-29 09:00:00,30457.524220000003
zone1,2017-04-29 10:00:00,33381.959095
zone1,2017-04-29 11:00:00,35446.630785
zone1,2017-04-29 12:00:00,35698.77287166667
zone1,2017-04-29 13:00:00,36093.51991166667
zone1,2017-04-29 14:00:00,34733.606028333335
zone1,2017-04-29 15:00:00,33123.616795
zone1,2017-04-29 16:00:00,32646.200216666664
zone1,2017-04-29 17:00:00,32857.007535000004
zone1,2017-04-29 18:00:00,34952.68030166667
zone1,2017-04-29 19:00:00,42510.742731666665
zone1,2017-04-29 20:00:00,42764.95156166667
zone1,2017-04-29 21:00:00,40807.75027166667
zone1,2017-04-29 22:00:00,37852.31431666666
zone1,2017-04-29 23:00:00,33315.823465
zone1,2017-04-30 00:00:00,27857.56727666667
zone1,2017-04-30 01:00:00,24575.58665166667
zone1,2017-04-30 02:00:00,23151.603875
zone1,2017-04-30 03:00:00,22758.923574999997
zone1,2017-04-30 04:00:00,22684.520988333334
zone1,2017-04-30 05:00:00,19181.399355
zone1,2017-04-30 06:00:00,19036.727663333335
zone1,2017-04-30 07:00:00,20208.568353333332
zone1,2017-04-30 08:00:00,22998.66523
zone1,2017-04-30 09:00:00,26429.451021666668
zone1,2017-04-30 10:00:00,29942.906351666665
zone1,2017-04-30 11:00:00,31827.77179833333
zone1,2017-04-30 12:00:00,31920.775028333333
zone1,2017-04-30 13:00:00,32096.447793333336
zone1,2017-04-30 14:00:00,31335.888053333332
zone1,2017-04-30 15:00:00,30087.578041666668
zone1,2017-04-30 16:00:00,29153.41227
zone1,2017-04-30 17:00:00,28603.659848333336
zone1,2017-04-30 18:00:00,29486.157160000002
zone1,2017-04-30 19:00:00,38360.73196833333
zone1,2017-04-30 20:00:00,41115.694295
zone1,2017-04-30 21:00:00,40630.01076333333
zone1,2017-04-30 22:00:00,37682.841765
zone1,2017-04-30 23:00:00,32201.851453333333
zone1,2017-05-01 00:00:00,27859.934428333334
zone1,2017-05-01 01:00:00,24890.754098333335
zone1,2017-05-01 02:00:00,23400.91803333333
zone1,2017-05-01 03:00:00,23319.08197
zone1,2017-05-01 04:00:00,22905.704918333333
zone1,2017-05-01 05:00:00,18836.983608333332
zone1,2017-05-01 06:00:00,18601.967213333333
zone1,2017-05-01 07:00:00,19919.737705
zone1,2017-05-01 08:00:00,22958.163935
zone1,2017-05-01 09:00:00,26886.29508333333
zone1,2017-05-01 10:00:00,29993.967213333333
zone1,2017-05-01 11:00:00,32098.62295
zone1,2017-05-01 12:00:00,32740.721311666668
zone1,2017-05-01 13:00:00,32058.754100000002
zone1,2017-05-01 14:00:00,31173.24590166667
zone1,2017-05-01 15:00:00,30457.70492
zone1,2017-05-01 16:00:00,29796.721309999997
zone1,2017-05-01 17:00:00,29326.688523333334
zone1,2017-05-01 18:00:00,30692.721311666668
zone1,2017-05-01 19:00:00,39858.360655000004
zone1,2017-05-01 20:00:00,42957.639343333336
zone1,2017-05-01 21:00:00,42926.16393333333
zone1,2017-05-01 22:00:00,38704.26229666667
zone1,2017-05-01 23:00:00,32430.163935
zone1,2017-05-02 00:00:00,28128.524591666664
zone1,2017-05-02 01:00:00,25314.622951666668
zone1,2017-05-02 02:00:00,24057.70492
zone1,2017-05-02 03:00:00,24084.983605
zone1,2017-05-02 04:00:00,24103.86885166667
zone1,2017-05-02 05:00:00,21455.737705
zone1,2017-05-02 06:00:00,23659.016393333335
zone1,2017-05-02 07:00:00,25528.655736666668
zone1,2017-05-02 08:00:00,28506.229506666667
zone1,2017-05-02 09:00:00,31108.19672333333
zone1,2017-05-02 10:00:00,34345.96721166667
zone1,2017-05-02 11:00:00,35810.62295
zone1,2017-05-02 12:00:00,35716.196723333334
zone1,2017-05-02 13:00:00,35076.19672166667
zone1,2017-05-02 14:00:00,33926.29508166666
zone1,2017-05-02 15:00:00,33403.80328
zone1,2017-05-02 16:00:00,32593.836065
zone1,2017-05-02 17:00:00,32480.52459
zone1,2017-05-02 18:00:00,34601.96721333333
zone1,2017-05-02 19:00:00,43148.590163333334
zone1,2017-05-02 20:00:00,45041.311473333335
zone1,2017-05-02 21:00:00,43010.09836
zone1,2017-05-02 22:00:00,38867.934425
zone1,2017-05-02 23:00:00,32453.245901666665
zone1,2017-05-03 00:00:00,27964.85246
zone1,2017-05-03 01:00:00,25434.229511666665
zone1,2017-05-03 02:00:00,24414.426228333334
zone1,2017-05-03 03:00:00,24408.13114833333
zone1,2017-05-03 04:00:00,24647.34426166667
zone1,2017-05-03 05:00:00,21535.47541
zone1,2017-05-03 06:00:00,23247.737703333332
zone1,2017-05-03 07:00:00,23489.04918
zone1,2017-05-03 08:00:00,24099.67212833333
zone1,2017-05-03 09:00:00,26833.836066666667
zone1,2017-05-03 10:00:00,29534.426228333334
zone1,2017-05-03 11:00:00,31110.295083333334
zone1,2017-05-03 12:00:00,31223.606556666666
zone1,2017-05-03 13:00:00,31087.213115000002
zone1,2017-05-03 14:00:00,30868.983606666665
zone1,2017-05-03 15:00:00,31062.032788333334
zone1,2017-05-03 16:00:00,32033.573771666666
zone1,2017-05-03 17:00:00,33101.639344999996
zone1,2017-05-03 18:00:00,35363.67213
zone1,2017-05-03 19:00:00,43660.590165
zone1,2017-05-03 20:00:00,45353.96721166666
zone1,2017-05-03 21:00:00,43075.147541666665
zone1,2017-05-03 22:00:00,37867.01639333333
zone1,2017-05-03 23:00:00,31895.081968333336
zone1,2017-05-04 00:00:00,27948.065571666666
zone1,2017-05-04 01:00:00,25272.65573833333
zone1,2017-05-04 02:00:00,24399.737705000003
zone1,2017-05-04 03:00:00,24796.327868333334
zone1,2017-05-04 04:00:00,24697.704918333333
zone1,2017-05-04 05:00:00,21552.262295
zone1,2017-05-04 06:00:00,23230.95082
zone1,2017-05-04 07:00:00,25203.409835
zone1,2017-05-04 08:00:00,27771.803278333333
zone1,2017-05-04 09:00:00,30759.86885166667
zone1,2017-05-04 10:00:00,33750.03278666667
zone1,2017-05-04 11:00:00,35747.67213333333
zone1,2017-05-04 12:00:00,35439.21311333333
zone1,2017-05-04 13:00:00,34398.426230000005
zone1,2017-05-04 14:00:00,33787.80328
zone1,2017-05-04 15:00:00,33588.45901666667
zone1,2017-05-04 16:00:00,33160.393443333334
zone1,2017-05-04 17:00:00,34318.688525
zone1,2017-05-04 18:00:00,36811.54098333333
zone1,2017-05-04 19:00:00,43979.54098166667
zone1,2017-05-04 20:00:00,45330.885245000005
zone1,2017-05-04 21:00:00,43503.213115
zone1,2017-05-04 22:00:00,38595.14754
zone1,2017-05-04 23:00:00,32493.114756666666
zone1,2017-05-05 00:00:00,28562.88524666667
zone1,2017-05-05 01:00:00,25757.37705
zone1,2017-05-05 02:00:00,24534.032788333334
zone1,2017-05-05 03:00:00,24873.967213333333
zone1,2017-05-05 04:00:00,24850.885245
zone1,2017-05-05 05:00:00,21673.967213333333
zone1,2017-05-05 06:00:00,23161.70492
zone1,2017-05-05 07:00:00,25201.311475
zone1,2017-05-05 08:00:00,28546.09836
zone1,2017-05-05 09:00:00,31143.86885166667
zone1,2017-05-05 10:00:00,33915.80327833333
zone1,2017-05-05 11:00:00,36135.86885333333
zone1,2017-05-05 12:00:00,34836.98360666667
zone1,2017-05-05 13:00:00,34444.590163333334
zone1,2017-05-05 14:00:00,33506.62295
zone1,2017-05-05 15:00:00,32577.04918
zone1,2017-05-05 16:00:00,31706.229508333334
zone1,2017-05-05 17:00:00,31878.295081666667
zone1,2017-05-05 18:00:00,33389.114753333335
zone1,2017-05-05 19:00:00,41738.49180166667
zone1,2017-05-05 20:00:00,44558.688525000005
zone1,2017-05-05 21:00:00,43167.47540833333
zone1,2017-05-05 22:00:00,39449.180328333336
zone1,2017-05-05 23:00:00,33403.80327833333
zone1,2017-05-06 00:00:00,28770.622951666668
zone1,2017-05-06 01:00:00,26070.032788333334
zone1,2017-05-06 02:00:00,24542.426231666668
zone1,2017-05-06 03:00:00,24368.262296666668
zone1,2017-05-06 04:00:00,24347.278688333332
zone1,2017-05-06 05:00:00,20870.295081666667
zone1,2017-05-06 06:00:00,22068.459016666664
zone1,2017-05-06 07:00:00,24580.196721666667
zone1,2017-05-06 08:00:00,28734.950816666667
zone1,2017-05-06 09:00:00,32142.688523333334
zone1,2017-05-06 10:00:00,34306.09836166666
zone1,2017-05-06 11:00:00,35485.377048333336
zone1,2017-05-06 12:00:00,35516.852458333335
zone1,2017-05-06 13:00:00,34839.081966666665
zone1,2017-05-06 14:00:00,34190.688525
zone1,2017-05-06 15:00:00,32799.475411666666
zone1,2017-05-06 16:00:00,32291.672131666666
zone1,2017-05-06 17:00:00,32067.14754
zone1,2017-05-06 18:00:00,32742.819673333335
zone1,2017-05-06 19:00:00,40806.819671666664
zone1,2017-05-06 20:00:00,44264.91803333333
zone1,2017-05-06 21:00:00,42590.426230000005
zone1,2017-05-06 22:00:00,39468.065575
zone1,2017-05-06 23:00:00,35034.22950666666
zone1,2017-05-07 00:00:00,28850.360655
zone1,2017-05-07 01:00:00,25744.786884999998
zone1,2017-05-07 02:00:00,24183.606556666666
zone1,2017-05-07 03:00:00,23925.508196666666
zone1,2017-05-07 04:00:00,23612.852461666665
zone1,2017-05-07 05:00:00,19374.163933333333
zone1,2017-05-07 06:00:00,19181.114755
zone1,2017-05-07 07:00:00,20952.131148333334
zone1,2017-05-07 08:00:00,23505.836066666667
zone1,2017-05-07 09:00:00,26938.754100000002
zone1,2017-05-07 10:00:00,29746.360655
zone1,2017-05-07 11:00:00,30959.213115000002
zone1,2017-05-07 12:00:00,31223.606558333337
zone1,2017-05-07 13:00:00,31467.016395
zone1,2017-05-07 14:00:00,30917.245899999998
zone1,2017-05-07 15:00:00,30220.590161666667
zone1,2017-05-07 16:00:00,29347.672131666666
zone1,2017-05-07 17:00:00,28902.819675000002
zone1,2017-05-07 18:00:00,30065.311476666666
zone1,2017-05-07 19:00:00,39092.459015
zone1,2017-05-07 20:00:00,43815.868853333326
zone1,2017-05-07 21:00:00,43559.868851666666
zone1,2017-05-07 22:00:00,39358.95082
zone1,2017-05-07 23:00:00,33034.491805
zone1,2017-05-08 00:00:00,28229.245903333333
zone1,2017-05-08 01:00:00,25881.180328333332
zone1,2017-05-08 02:00:00,24561.311475
zone1,2017-05-08 03:00:00,25178.229506666667
zone1,2017-05-08 04:00:00,24617.967211666666
zone1,2017-05-08 05:00:00,21837.639343333332
zone1,2017-05-08 06:00:00,24038.81967333333
zone1,2017-05-08 07:00:00,26443.540983333336
zone1,2017-05-08 08:00:00,29181.901638333336
zone1,2017-05-08 09:00:00,31618.098361666667
zone1,2017-05-08 10:00:00,34501.245903333336
zone1,2017-05-08 11:00:00,34944.0
zone1,2017-05-08 12:00:00,35856.78688666667
zone1,2017-05-08 13:00:00,35659.54098333333
zone1,2017-05-08 14:00:00,35298.62295333333
zone1,2017-05-08 15:00:00,34583.081966666665
zone1,2017-05-08 16:00:00,33796.19672166667
zone1,2017-05-08 17:00:00,33372.32787
zone1,2017-05-08 18:00:00,34580.98360666667
zone1,2017-05-08 19:00:00,42940.85246
zone1,2017-05-08 20:00:00,46178.62295
zone1,2017-05-08 21:00:00,44348.85246
zone1,2017-05-08 22:00:00,39325.37705
zone1,2017-05-08 23:00:00,33000.91803166667
zone1,2017-05-09 00:00:00,28422.29508
zone1,2017-05-09 01:00:00,26200.13114833333
zone1,2017-05-09 02:00:00,24964.196719999996
zone1,2017-05-09 03:00:00,25467.80327666667
zone1,2017-05-09 04:00:00,24867.672130000003
zone1,2017-05-09 05:00:00,22183.86885166667
zone1,2017-05-09 06:00:00,24790.032786666667
zone1,2017-05-09 07:00:00,25497.180328333332
zone1,2017-05-09 08:00:00,25404.85246
zone1,2017-05-09 09:00:00,28254.42623
zone1,2017-05-09 10:00:00,31618.098361666664
zone1,2017-05-09 11:00:00,34937.70491666667
zone1,2017-05-09 12:00:00,36232.39344166667
zone1,2017-05-09 13:00:00,36079.21311333333
zone1,2017-05-09 14:00:00,35611.278686666665
zone1,2017-05-09 15:00:00,34685.901640000004
zone1,2017-05-09 16:00:00,34010.22950833334
zone1,2017-05-09 17:00:00,33540.19672166667
zone1,2017-05-09 18:00:00,34566.29508333333
zone1,2017-05-09 19:00:00,42326.032784999996
zone1,2017-05-09 20:00:00,45454.68852333334
zone1,2017-05-09 21:00:00,44199.868851666666
zone1,2017-05-09 22:00:00,39858.360655000004
zone1,2017-05-09 23:00:00,33143.606556666666
zone1,2017-05-10 00:00:00,28690.88524666667
zone1,2017-05-10 01:00:00,25996.59016333333
zone1,2017-05-10 02:00:00,24968.393443333334
zone1,2017-05-10 03:00:00,25442.622951666668
zone1,2017-05-10 04:00:00,24987.278688333332
zone1,2017-05-10 05:00:00,21774.688525
zone1,2017-05-10 06:00:00,24385.049181666665
zone1,2017-05-10 07:00:00,26294.55738
zone1,2017-05-10 08:00:00,29549.11475333333
zone1,2017-05-10 09:00:00,32883.40983833333
zone1,2017-05-10 10:00:00,35449.704915
zone1,2017-05-10 11:00:00,36624.786885
zone1,2017-05-10 12:00:00,36450.62294833334
zone1,2017-05-10 13:00:00,36087.60655833333
zone1,2017-05-10 14:00:00,35451.80327833333
zone1,2017-05-10 15:00:00,34486.557376666664
zone1,2017-05-10 16:00:00,33506.62295
zone1,2017-05-10 17:00:00,33756.327868333334
zone1,2017-05-10 18:00:00,35571.409836666666
zone1,2017-05-10 19:00:00,42810.75409833333
zone1,2017-05-10 20:00:00,45824.0
zone1,2017-05-10 21:00:00,44445.37705
zone1,2017-05-10 22:00:00,39426.09836166667
zone1,2017-05-10 23:00:00,33334.55737666667
zone1,2017-05-11 00:00:00,28944.786883333334
zone1,2017-05-11 01:00:00,26290.360656666668
zone1,2017-05-11 02:00:00,25381.770493333333
zone1,2017-05-11 03:00:00,25822.42623
zone1,2017-05-11 04:00:00,24773.245903333333
zone1,2017-05-11 05:00:00,21814.557378333335
zone1,2017-05-11 06:00:00,24116.459016666664
zone1,2017-05-11 07:00:00,26055.344263333332
zone1,2017-05-11 08:00:00,29568.0
zone1,2017-05-11 09:00:00,32119.60655833333
zone1,2017-05-11 10:00:00,34430.950820000005
zone1,2017-05-11 11:00:00,35955.409836666666
zone1,2017-05-11 12:00:00,36579.67213
zone1,2017-05-11 13:00:00,36406.55737833333
zone1,2017-05-11 14:00:00,35714.09836333333
zone1,2017-05-11 15:00:00,34683.80327833333
zone1,2017-05-11 16:00:00,33884.327868333334
zone1,2017-05-11 17:00:00,33552.786885
zone1,2017-05-11 18:00:00,35193.70492
zone1,2017-05-11 19:00:00,42672.262295
zone1,2017-05-11 20:00:00,45826.09835833334
zone1,2017-05-11 21:00:00,43975.344265
zone1,2017-05-11 22:00:00,39306.49180333333
zone1,2017-05-11 23:00:00,33038.68852333334
zone1,2017-05-12 00:00:00,28707.672130000003
zone1,2017-05-12 01:00:00,25933.639345000003
zone1,2017-05-12 02:00:00,24626.360656666668
zone1,2017-05-12 03:00:00,25335.60656
zone1,2017-05-12 04:00:00,24492.065575
zone1,2017-05-12 05:00:00,21678.163935
zone1,2017-05-12 06:00:00,24441.70492
zone1,2017-05-12 07:00:00,26260.983606666665
zone1,2017-05-12 08:00:00,28848.262294999997
zone1,2017-05-12 09:00:00,31603.409835
zone1,2017-05-12 10:00:00,34238.950821666665
zone1,2017-05-12 11:00:00,36482.09836166667
zone1,2017-05-12 12:00:00,35911.344261666665
zone1,2017-05-12 13:00:00,35495.868851666666
zone1,2017-05-12 14:00:00,34872.655738333335
zone1,2017-05-12 15:00:00,33355.540985
zone1,2017-05-12 16:00:00,32807.868851666666
zone1,2017-05-12 17:00:00,32887.60655833333
zone1,2017-05-12 18:00:00,33896.918033333335
zone1,2017-05-12 19:00:00,41281.04918166667
zone1,2017-05-12 20:00:00,45039.21311333333
zone1,2017-05-12 21:00:00,44042.49180166667
zone1,2017-05-12 22:00:00,40353.57377166667
zone1,2017-05-12 23:00:00,34184.393443333334
zone1,2017-05-13 00:00:00,29351.86885166667
zone1,2017-05-13 01:00:00,26754.09836
zone1,2017-05-13 02:00:00,25266.360656666668
zone1,2017-05-13 03:00:00,25560.131146666667
zone1,2017-05-13 04:00:00,24452.19672333333
zone1,2017-05-13 05:00:00,21174.557378333335
zone1,2017-05-13 06:00:00,22637.11475333333
zone1,2017-05-13 07:00:00,25010.360653333333
zone1,2017-05-13 08:00:00,28319.47541
zone1,2017-05-13 09:00:00,32125.901638333336
zone1,2017-05-13 10:00:00,34654.426230000005
zone1,2017-05-13 11:00:00,35831.60655833333
zone1,2017-05-13 12:00:00,36085.508195
zone1,2017-05-13 13:00:00,35544.131148333334
zone1,2017-05-13 14:00:00,34255.737705
zone1,2017-05-13 15:00:00,30703.213115000002
zone1,2017-05-13 16:00:00,31979.01639666667
zone1,2017-05-13 17:00:00,31882.491803333334
zone1,2017-05-13 18:00:00,32660.983606666665
zone1,2017-05-13 19:00:00,40525.639344999996
zone1,2017-05-13 20:00:00,44705.57377166667
zone1,2017-05-13 21:00:00,43171.67213
zone1,2017-05-13 22:00:00,40215.081965
zone1,2017-05-13 23:00:00,34843.27868833333
zone1,2017-05-14 00:00:00,28988.85246
zone1,2017-05-14 01:00:00,25769.967213333333
zone1,2017-05-14 02:00:00,24053.508198333333
zone1,2017-05-14 03:00:00,24219.278688333332
zone1,2017-05-14 04:00:00,23102.95082
zone1,2017-05-14 05:00:00,19525.245901666665
zone1,2017-05-14 06:00:00,19353.18033
zone1,2017-05-14 07:00:00,21038.163935
zone1,2017-05-14 08:00:00,24040.91803333333
zone1,2017-05-14 09:00:00,27408.786883333334
zone1,2017-05-14 10:00:00,30900.459015
zone1,2017-05-14 11:00:00,33103.737705
zone1,2017-05-14 12:00:00,33630.426230000005
zone1,2017-05-14 13:00:00,33458.360655
zone1,2017-05-14 14:00:00,31913.967213333333
zone1,2017-05-14 15:00:00,30862.688525
zone1,2017-05-14 16:00:00,30394.754096666667
zone1,2017-05-14 17:00:00,30113.573771666666
zone1,2017-05-14 18:00:00,30877.37705
zone1,2017-05-14 19:00:00,38767.21311333334
zone1,2017-05-14 20:00:00,43868.32787
zone1,2017-05-14 21:00:00,43920.78688333333
zone1,2017-05-14 22:00:00,40022.03278833333
zone1,2017-05-14 23:00:00,33846.557376666664
zone1,2017-05-15 00:00:00,29043.40983666667
zone1,2017-05-15 01:00:00,26701.639343333332
zone1,2017-05-15 02:00:00,25027.147538333335
zone1,2017-05-15 03:00:00,25530.754096666667
zone1,2017-05-15 04:00:00,24615.868853333333
zone1,2017-05-15 05:00:00,21596.327868333334
zone1,2017-05-15 06:00:00,24078.688523333334
zone1,2017-05-15 07:00:00,26191.737705000003
zone1,2017-05-15 08:00:00,29452.590165
zone1,2017-05-15 09:00:00,32209.836065
zone1,2017-05-15 10:00:00,34169.70491833334
zone1,2017-05-15 11:00:00,35579.80327833333
zone1,2017-05-15 12:00:00,35984.78688166667
zone1,2017-05-15 13:00:00,35286.03278666667
zone1,2017-05-15 14:00:00,35233.57377166667
zone1,2017-05-15 15:00:00,34161.311473333335
zone1,2017-05-15 16:00:00,33485.639344999996
zone1,2017-05-15 17:00:00,33510.819671666664
zone1,2017-05-15 18:00:00,34572.590165
zone1,2017-05-15 19:00:00,42856.918035
zone1,2017-05-15 20:00:00,46596.19672
zone1,2017-05-15 21:00:00,44374.03278666667
zone1,2017-05-15 22:00:00,39472.26229666667
zone1,2017-05-15 23:00:00,33321.967215000004
zone1,2017-05-16 00:00:00,28823.081966666665
zone1,2017-05-16 01:00:00,26443.540985
zone1,2017-05-16 02:00:00,25390.163933333333
zone1,2017-05-16 03:00:00,25480.393443333334
zone1,2017-05-16 04:00:00,24345.18032666667
zone1,2017-05-16 05:00:00,21632.0
zone1,2017-05-16 06:00:00,24032.52459
zone1,2017-05-16 07:00:00,26569.442623333336
zone1,2017-05-16 08:00:00,29356.065573333337
zone1,2017-05-16 09:00:00,31962.22951
zone1,2017-05-16 10:00:00,34637.63934666666
zone1,2017-05-16 11:00:00,36154.75409833333
zone1,2017-05-16 12:00:00,36056.13114666667
zone1,2017-05-16 13:00:00,35984.786885
zone1,2017-05-16 14:00:00,35170.62295333333
zone1,2017-05-16 15:00:00,34329.180328333336
zone1,2017-05-16 16:00:00,33548.590163333334
zone1,2017-05-16 17:00:00,33789.90163833334
zone1,2017-05-16 18:00:00,34918.819671666664
zone1,2017-05-16 19:00:00,42365.901640000004
zone1,2017-05-16 20:00:00,46342.295085
zone1,2017-05-16 21:00:00,44239.737705
zone1,2017-05-16 22:00:00,40032.52459
zone1,2017-05-16 23:00:00,33200.26229333333
zone1,2017-05-17 00:00:00,28508.327868333334
zone1,2017-05-17 01:00:00,26038.557375
zone1,2017-05-17 02:00:00,25354.491801666667
zone1,2017-05-17 03:00:00,25610.491804999998
zone1,2017-05-17 04:00:00,24647.34426166667
zone1,2017-05-17 05:00:00,21369.704918333333
zone1,2017-05-17 06:00:00,24001.04918
zone1,2017-05-17 07:00:00,26118.295081666667
zone1,2017-05-17 08:00:00,29056.000001666664
zone1,2017-05-17 09:00:00,31993.70491666667
zone1,2017-05-17 10:00:00,34006.03278666667
zone1,2017-05-17 11:00:00,36840.91803333333
zone1,2017-05-17 12:00:00,36509.37705
zone1,2017-05-17 13:00:00,36232.393443333334
zone1,2017-05-17 14:00:00,35174.819671666664
zone1,2017-05-17 15:00:00,34371.14754
zone1,2017-05-17 16:00:00,33059.67213
zone1,2017-05-17 17:00:00,33131.016395000006
zone1,2017-05-17 18:00:00,34635.540985
zone1,2017-05-17 19:00:00,42355.409836666666
zone1,2017-05-17 20:00:00,46277.2459
zone1,2017-05-17 21:00:00,44657.311474999995
zone1,2017-05-17 22:00:00,40053.50819833333
zone1,2017-05-17 23:00:00,33630.42622833333
zone1,2017-05-18 00:00:00,29108.459016666664
zone1,2017-05-18 01:00:00,26401.57377
zone1,2017-05-18 02:00:00,25215.999998333336
zone1,2017-05-18 03:00:00,25576.918031666664
zone1,2017-05-18 04:00:00,24750.163935
zone1,2017-05-18 05:00:00,21648.786884999998
zone1,2017-05-18 06:00:00,23902.426228333334
zone1,2017-05-18 07:00:00,25933.639346666667
zone1,2017-05-18 08:00:00,29446.295081666667
zone1,2017-05-18 09:00:00,32098.622951666668
zone1,2017-05-18 10:00:00,34150.81967333334
zone1,2017-05-18 11:00:00,36070.819671666664
zone1,2017-05-18 12:00:00,36026.75409833333
zone1,2017-05-18 13:00:00,35976.39344166667
zone1,2017-05-18 14:00:00,35422.42622833333
zone1,2017-05-18 15:00:00,34268.32787
zone1,2017-05-18 16:00:00,33473.04918
zone1,2017-05-18 17:00:00,33500.327868333334
zone1,2017-05-18 18:00:00,34387.934425
zone1,2017-05-18 19:00:00,41463.60656
zone1,2017-05-18 20:00:00,46489.180328333336
zone1,2017-05-18 21:00:00,45156.72131166666
zone1,2017-05-18 22:00:00,40613.77049
zone1,2017-05-18 23:00:00,34184.393443333334
zone1,2017-05-19 00:00:00,29282.62295
zone1,2017-05-19 01:00:00,26900.983606666665
zone1,2017-05-19 02:00:00,25409.049181666665
zone1,2017-05-19 03:00:00,25937.836065
zone1,2017-05-19 04:00:00,24561.311475
zone1,2017-05-19 05:00:00,21443.147541666665
zone1,2017-05-19 06:00:00,23954.88524666667
zone1,2017-05-19 07:00:00,25948.327869999997
zone1,2017-05-19 08:00:00,29374.95082
zone1,2017-05-19 09:00:00,32688.262293333333
zone1,2017-05-19 10:00:00,34717.37705
zone1,2017-05-19 11:00:00,35772.852458333335
zone1,2017-05-19 12:00:00,33972.45901666667
zone1,2017-05-19 13:00:00,34064.786885
zone1,2017-05-19 14:00:00,33703.86885333333
zone1,2017-05-19 15:00:00,32539.278688333332
zone1,2017-05-19 16:00:00,32291.672130000003
zone1,2017-05-19 17:00:00,32123.803281666667
zone1,2017-05-19 18:00:00,33384.918033333335
zone1,2017-05-19 19:00:00,39961.180328333336
zone1,2017-05-19 20:00:00,44917.50819666667
zone1,2017-05-19 21:00:00,44428.590163333334
zone1,2017-05-19 22:00:00,40288.524588333334
zone1,2017-05-19 23:00:00,33873.83606666666
zone1,2017-05-20 00:00:00,28993.04917833333
zone1,2017-05-20 01:00:00,26735.213115000002
zone1,2017-05-20 02:00:00,25444.721311666668
zone1,2017-05-20 03:00:00,25562.229506666667
zone1,2017-05-20 04:00:00,24452.196721666667
zone1,2017-05-20 05:00:00,21308.85246
zone1,2017-05-20 06:00:00,23044.196720000004
zone1,2017-05-20 07:00:00,25602.098361666664
zone1,2017-05-20 08:00:00,28846.163935
zone1,2017-05-20 09:00:00,32493.11475333333
zone1,2017-05-20 10:00:00,34494.95082
zone1,2017-05-20 11:00:00,35067.803276666666
zone1,2017-05-20 12:00:00,35317.508195
zone1,2017-05-20 13:00:00,35032.13114666667
zone1,2017-05-20 14:00:00,34169.70491833334
zone1,2017-05-20 15:00:00,33336.65573666667
zone1,2017-05-20 16:00:00,32014.688525
zone1,2017-05-20 17:00:00,31238.29508333333
zone1,2017-05-20 18:00:00,32211.934425
zone1,2017-05-20 19:00:00,38849.049179999995
zone1,2017-05-20 20:00:00,44359.344260000005
zone1,2017-05-20 21:00:00,43198.95081833333
zone1,2017-05-20 22:00:00,40787.934428333334
zone1,2017-05-20 23:00:00,37611.016391666664
zone1,2017-05-21 00:00:00,32581.24590166667
zone1,2017-05-21 01:00:00,28936.393443333334
zone1,2017-05-21 02:00:00,27312.262295000004
zone1,2017-05-21 03:00:00,27194.75409833333
zone1,2017-05-21 04:00:00,25604.19672333333
zone1,2017-05-21 05:00:00,21741.114755
zone1,2017-05-21 06:00:00,22284.590165
zone1,2017-05-21 07:00:00,23260.327868333334
zone1,2017-05-21 08:00:00,26061.639343333332
zone1,2017-05-21 09:00:00,28321.573773333334
zone1,2017-05-21 10:00:00,31569.836066666667
zone1,2017-05-21 11:00:00,32942.163935
zone1,2017-05-21 12:00:00,33420.590163333334
zone1,2017-05-21 13:00:00,33494.03279
zone1,2017-05-21 14:00:00,32451.14754
zone1,2017-05-21 15:00:00,32102.819671666668
zone1,2017-05-21 16:00:00,31242.491803333334
zone1,2017-05-21 17:00:00,30902.557376666668
zone1,2017-05-21 18:00:00,31720.918033333335
zone1,2017-05-21 19:00:00,38773.50819666667
zone1,2017-05-21 20:00:00,43885.114754999995
zone1,2017-05-21 21:00:00,44073.967215000004
zone1,2017-05-21 22:00:00,41088.0
zone1,2017-05-21 23:00:00,35204.19672
zone1,2017-05-22 00:00:00,30077.90164
zone1,2017-05-22 01:00:00,26936.65573833333
zone1,2017-05-22 02:00:00,25595.803278333333
zone1,2017-05-22 03:00:00,25637.770493333333
zone1,2017-05-22 04:00:00,24049.311476666666
zone1,2017-05-22 05:00:00,20385.573773333334
zone1,2017-05-22 06:00:00,21644.590165
zone1,2017-05-22 07:00:00,25222.295083333334
zone1,2017-05-22 08:00:00,28155.803280000004
zone1,2017-05-22 09:00:00,31307.540981666665
zone1,2017-05-22 10:00:00,34574.688525
zone1,2017-05-22 11:00:00,36740.196723333334
zone1,2017-05-22 12:00:00,37531.27868833333
zone1,2017-05-22 13:00:00,37472.524588333334
zone1,2017-05-22 14:00:00,36815.73770333333
zone1,2017-05-22 15:00:00,36255.47541
zone1,2017-05-22 16:00:00,35518.950821666665
zone1,2017-05-22 17:00:00,35023.737705
zone1,2017-05-22 18:00:00,35701.508200000004
zone1,2017-05-22 19:00:00,42256.786885
zone1,2017-05-22 20:00:00,47326.426230000005
zone1,2017-05-22 21:00:00,46338.09836
zone1,2017-05-22 22:00:00,42344.91803166667
zone1,2017-05-22 23:00:00,36020.45901333333
zone1,2017-05-23 00:00:00,30999.081965
zone1,2017-05-23 01:00:00,27715.147541666665
zone1,2017-05-23 02:00:00,26139.278690000003
zone1,2017-05-23 03:00:00,26374.295083333334
zone1,2017-05-23 04:00:00,24668.327868333334
zone1,2017-05-23 05:00:00,21302.557376666668
zone1,2017-05-23 06:00:00,22326.557378333335
zone1,2017-05-23 07:00:00,25566.426228333334
zone1,2017-05-23 08:00:00,28879.737703333332
zone1,2017-05-23 09:00:00,32232.918031666664
zone1,2017-05-23 10:00:00,35258.75409833333
zone1,2017-05-23 11:00:00,36878.68852333334
zone1,2017-05-23 12:00:00,37428.459015
zone1,2017-05-23 13:00:00,36736.0
zone1,2017-05-23 14:00:00,36012.065571666666
zone1,2017-05-23 15:00:00,35518.950821666665
zone1,2017-05-23 16:00:00,35298.62295166667
zone1,2017-05-23 17:00:00,34981.77049333334
zone1,2017-05-23 18:00:00,36398.16393666667
zone1,2017-05-23 19:00:00,42451.93442666667
zone1,2017-05-23 20:00:00,47055.737705
zone1,2017-05-23 21:00:00,45872.262295
zone1,2017-05-23 22:00:00,41883.27869
zone1,2017-05-23 23:00:00,35959.60655833333
zone1,2017-05-24 00:00:00,30782.95082
zone1,2017-05-24 01:00:00,27658.491803333334
zone1,2017-05-24 02:00:00,26095.213116666666
zone1,2017-05-24 03:00:00,25774.163935
zone1,2017-05-24 04:00:00,24548.72131333333
zone1,2017-05-24 05:00:00,21281.573768333332
zone1,2017-05-24 06:00:00,21988.721311666664
zone1,2017-05-24 07:00:00,25142.557375
zone1,2017-05-24 08:00:00,28103.34426166667
zone1,2017-05-24 09:00:00,31318.032788333334
zone1,2017-05-24 10:00:00,34381.639344999996
zone1,2017-05-24 11:00:00,35934.426230000005
zone1,2017-05-24 12:00:00,36828.327868333334
zone1,2017-05-24 13:00:00,36616.393445
zone1,2017-05-24 14:00:00,35819.01639333333
zone1,2017-05-24 15:00:00,35057.311475
zone1,2017-05-24 16:00:00,34857.96721333333
zone1,2017-05-24 17:00:00,34620.852458333335
zone1,2017-05-24 18:00:00,35661.639344999996
zone1,2017-05-24 19:00:00,41809.83606666666
zone1,2017-05-24 20:00:00,47024.262295
zone1,2017-05-24 21:00:00,45914.22950833334
zone1,2017-05-24 22:00:00,42191.737705
zone1,2017-05-24 23:00:00,36658.360655
zone1,2017-05-25 00:00:00,30955.016393333335
zone1,2017-05-25 01:00:00,27717.24590166667
zone1,2017-05-25 02:00:00,26233.704916666666
zone1,2017-05-25 03:00:00,25826.622951666664
zone1,2017-05-25 04:00:00,24385.049181666665
zone1,2017-05-25 05:00:00,20872.393441666667
zone1,2017-05-25 06:00:00,21810.360656666668
zone1,2017-05-25 07:00:00,25469.90164
zone1,2017-05-25 08:00:00,28636.327868333334
zone1,2017-05-25 09:00:00,31074.622951666664
zone1,2017-05-25 10:00:00,33515.01639333333
zone1,2017-05-25 11:00:00,36475.80327833333
zone1,2017-05-25 12:00:00,37380.196723333334
zone1,2017-05-25 13:00:00,36884.983603333334
zone1,2017-05-25 14:00:00,36372.983605
zone1,2017-05-25 15:00:00,35789.639345
zone1,2017-05-25 16:00:00,36666.75409833333
zone1,2017-05-25 17:00:00,36049.836065
zone1,2017-05-25 18:00:00,35701.50819833333
zone1,2017-05-25 19:00:00,41908.459015
zone1,2017-05-25 20:00:00,47649.573769999995
zone1,2017-05-25 21:00:00,46816.524588333334
zone1,2017-05-25 22:00:00,43895.60655833333
zone1,2017-05-25 23:00:00,38574.163935
zone1,2017-05-26 00:00:00,32923.27869
zone1,2017-05-26 01:00:00,28856.655736666668
zone1,2017-05-26 02:00:00,27060.459016666664
zone1,2017-05-26 03:00:00,26527.47541
zone1,2017-05-26 04:00:00,24951.606558333337
zone1,2017-05-26 05:00:00,21086.42623
zone1,2017-05-26 06:00:00,21734.819671666668
zone1,2017-05-26 07:00:00,25098.491801666667
zone1,2017-05-26 08:00:00,28080.262294999997
zone1,2017-05-26 09:00:00,31611.803278333333
zone1,2017-05-26 10:00:00,35151.737705
zone1,2017-05-26 11:00:00,36601.70492
zone1,2017-05-26 12:00:00,36326.819671666664
zone1,2017-05-26 13:00:00,36834.62294833334
zone1,2017-05-26 14:00:00,36156.85246
zone1,2017-05-26 15:00:00,35552.52459
zone1,2017-05-26 16:00:00,35430.819671666664
zone1,2017-05-26 17:00:00,34887.344261666665
zone1,2017-05-26 18:00:00,35241.96721333333
zone1,2017-05-26 19:00:00,41341.901640000004
zone1,2017-05-26 20:00:00,47733.50819666666
zone1,2017-05-26 21:00:00,47196.32786833334
zone1,2017-05-26 22:00:00,45469.37704833333
zone1,2017-05-26 23:00:00,41155.14754
zone1,2017-05-27 00:00:00,36224.00000166667
zone1,2017-05-27 01:00:00,34392.131148333334
zone1,2017-05-27 02:00:00,36895.47541000001
zone1,2017-05-27 03:00:00,32877.114754999995
zone1,2017-05-27 04:00:00,26116.196721666667
zone1,2017-05-27 05:00:00,21929.967213333333
zone1,2017-05-27 06:00:00,21801.967211666666
zone1,2017-05-27 07:00:00,22479.737705000003
zone1,2017-05-27 08:00:00,24122.75409833333
zone1,2017-05-27 09:00:00,27159.081965
zone1,2017-05-27 10:00:00,30459.803278333333
zone1,2017-05-27 11:00:00,33470.95081833333
zone1,2017-05-27 12:00:00,34925.114753333335
zone1,2017-05-27 13:00:00,35111.868851666666
zone1,2017-05-27 14:00:00,35401.44262333333
zone1,2017-05-27 15:00:00,35372.065575
zone1,2017-05-27 16:00:00,34308.19671833333
zone1,2017-05-27 17:00:00,36270.16393666667
zone1,2017-05-27 18:00:00,39795.409835
zone1,2017-05-27 19:00:00,45769.44262166667
zone1,2017-05-27 20:00:00,45213.37705
zone1,2017-05-27 21:00:00,43507.409835
zone1,2017-05-27 22:00:00,42647.081966666665
zone1,2017-05-27 23:00:00,38970.754096666664
zone1,2017-05-28 00:00:00,35615.47541
zone1,2017-05-28 01:00:00,34501.24590166667
zone1,2017-05-28 02:00:00,37925.77049166666
zone1,2017-05-28 03:00:00,32562.360654999997
zone1,2017-05-28 04:00:00,25623.081968333336
zone1,2017-05-28 05:00:00,21151.47541
zone1,2017-05-28 06:00:00,20782.163933333333
zone1,2017-05-28 07:00:00,21015.081965
zone1,2017-05-28 08:00:00,21986.622951666664
zone1,2017-05-28 09:00:00,23560.393441666663
zone1,2017-05-28 10:00:00,26540.065573333337
zone1,2017-05-28 11:00:00,29513.442621666665
zone1,2017-05-28 12:00:00,31397.770493333333
zone1,2017-05-28 13:00:00,32847.73770333333
zone1,2017-05-28 14:00:00,32654.688525
zone1,2017-05-28 15:00:00,32707.147541666665
zone1,2017-05-28 16:00:00,33747.93442500001
zone1,2017-05-28 17:00:00,36356.19672166667
zone1,2017-05-28 18:00:00,39952.786883333334
zone1,2017-05-28 19:00:00,43778.09836
zone1,2017-05-28 20:00:00,43849.442624999996
zone1,2017-05-28 21:00:00,42164.45901666667
zone1,2017-05-28 22:00:00,41541.24590166667
zone1,2017-05-28 23:00:00,39201.57377
zone1,2017-05-29 00:00:00,35795.93442666667
zone1,2017-05-29 01:00:00,34576.786883333334
zone1,2017-05-29 02:00:00,37472.52459166667
zone1,2017-05-29 03:00:00,32715.54098333333
zone1,2017-05-29 04:00:00,26351.213115000002
zone1,2017-05-29 05:00:00,21940.459016666664
zone1,2017-05-29 06:00:00,21669.770493333333
zone1,2017-05-29 07:00:00,22788.196721666667
zone1,2017-05-29 08:00:00,25364.983608333336
zone1,2017-05-29 09:00:00,28321.573771666666
zone1,2017-05-29 10:00:00,31385.18033
zone1,2017-05-29 11:00:00,33989.2459
zone1,2017-05-29 12:00:00,35357.37704666667
zone1,2017-05-29 13:00:00,36192.52459
zone1,2017-05-29 14:00:00,35787.54098333333
zone1,2017-05-29 15:00:00,35407.73770333333
zone1,2017-05-29 16:00:00,34832.786885
zone1,2017-05-29 17:00:00,35751.86885333333
zone1,2017-05-29 18:00:00,39046.29508
zone1,2017-05-29 19:00:00,44464.262295
zone1,2017-05-29 20:00:00,44902.819671666664
zone1,2017-05-29 21:00:00,43268.19672166667
zone1,2017-05-29 22:00:00,42859.01639166667
zone1,2017-05-29 23:00:00,39694.688525
zone1,2017-05-30 00:00:00,35995.27868833333
zone1,2017-05-30 01:00:00,35032.131148333334
zone1,2017-05-30 02:00:00,37598.426230000005
zone1,2017-05-30 03:00:00,32660.983606666665
zone1,2017-05-30 04:00:00,26231.606555000002
zone1,2017-05-30 05:00:00,21489.311475
zone1,2017-05-30 06:00:00,21825.049179999998
zone1,2017-05-30 07:00:00,22855.34426166667
zone1,2017-05-30 08:00:00,25461.508195000002
zone1,2017-05-30 09:00:00,28166.29508
zone1,2017-05-30 10:00:00,30482.885244999998
zone1,2017-05-30 11:00:00,32595.934428333334
zone1,2017-05-30 12:00:00,34123.54098333333
zone1,2017-05-30 13:00:00,35353.180328333336
zone1,2017-05-30 14:00:00,35745.57376666667
zone1,2017-05-30 15:00:00,35151.737705
zone1,2017-05-30 16:00:00,34635.54098333333
zone1,2017-05-30 17:00:00,35661.639343333336
zone1,2017-05-30 18:00:00,38192.26229666667
zone1,2017-05-30 19:00:00,44367.737705
zone1,2017-05-30 20:00:00,44776.918035
zone1,2017-05-30 21:00:00,43482.22950833334
zone1,2017-05-30 22:00:00,42668.065571666666
zone1,2017-05-30 23:00:00,39696.78688666667
zone1,2017-05-31 00:00:00,36265.96721166667
zone1,2017-05-31 01:00:00,35418.22950666666
zone1,2017-05-31 02:00:00,38095.73770666667
zone1,2017-05-31 03:00:00,32904.393443333334
zone1,2017-05-31 04:00:00,26464.52459
zone1,2017-05-31 05:00:00,22060.065573333337
zone1,2017-05-31 06:00:00,21974.032788333334
zone1,2017-05-31 07:00:00,23247.737705000003
zone1,2017-05-31 08:00:00,25751.081968333336
zone1,2017-05-31 09:00:00,27870.426231666668
zone1,2017-05-31 10:00:00,30529.049181666665
zone1,2017-05-31 11:00:00,29920.52459
zone1,2017-05-31 12:00:00,32404.983606666665
zone1,2017-05-31 13:00:00,35405.639343333336
zone1,2017-05-31 14:00:00,35401.44262166667
zone1,2017-05-31 15:00:00,35013.2459
zone1,2017-05-31 16:00:00,34507.540985
zone1,2017-05-31 17:00:00,36030.95081833333
zone1,2017-05-31 18:00:00,39572.983608333336
zone1,2017-05-31 19:00:00,44774.81967333334
zone1,2017-05-31 20:00:00,44802.09836
zone1,2017-05-31 21:00:00,43591.34426333333
zone1,2017-05-31 22:00:00,43289.18033
zone1,2017-05-31 23:00:00,40462.688526666665
zone1,2017-06-01 00:00:00,36087.94702
zone1,2017-06-01 01:00:00,35558.145695
zone1,2017-06-01 02:00:00,38516.55629
zone1,2017-06-01 03:00:00,33303.311258333335
zone1,2017-06-01 04:00:00,26873.642383333336
zone1,2017-06-01 05:00:00,22586.490068333336
zone1,2017-06-01 06:00:00,22139.337750000002
zone1,2017-06-01 07:00:00,22900.13245
zone1,2017-06-01 08:00:00,25301.19205166667
zone1,2017-06-01 09:00:00,28132.450331666667
zone1,2017-06-01 10:00:00,30480.529801666667
zone1,2017-06-01 11:00:00,33415.62913666666
zone1,2017-06-01 12:00:00,34846.09271333334
zone1,2017-06-01 13:00:00,35085.56291166667
zone1,2017-06-01 14:00:00,35373.774835
zone1,2017-06-01 15:00:00,35263.57616
zone1,2017-06-01 16:00:00,35038.9404
zone1,2017-06-01 17:00:00,35892.98013166667
zone1,2017-06-01 18:00:00,39330.331126666664
zone1,2017-06-01 19:00:00,44749.139071666665
zone1,2017-06-01 20:00:00,45156.02649166667
zone1,2017-06-01 21:00:00,43967.15231666667
zone1,2017-06-01 22:00:00,43450.066224999995
zone1,2017-06-01 23:00:00,40964.23841
zone1,2017-06-02 00:00:00,37535.364238333335
zone1,2017-06-02 01:00:00,36566.88741833333
zone1,2017-06-02 02:00:00,38722.11920666666
zone1,2017-06-02 03:00:00,33193.11258166667
zone1,2017-06-02 04:00:00,26964.76821166667
zone1,2017-06-02 05:00:00,22372.45033333333
zone1,2017-06-02 06:00:00,21832.052978333333
zone1,2017-06-02 07:00:00,23213.774835
zone1,2017-06-02 08:00:00,25396.556291666668
zone1,2017-06-02 09:00:00,27909.933773333334
zone1,2017-06-02 10:00:00,30840.79470166667
zone1,2017-06-02 11:00:00,32964.238411666665
zone1,2017-06-02 12:00:00,32934.56953666667
zone1,2017-06-02 13:00:00,34841.85430666667
zone1,2017-06-02 14:00:00,35409.80132666667
zone1,2017-06-02 15:00:00,36246.887416666665
zone1,2017-06-02 16:00:00,36155.76158833333
zone1,2017-06-02 17:00:00,38253.77483333334
zone1,2017-06-02 18:00:00,42278.145695
zone1,2017-06-02 19:00:00,46111.78807833333
zone1,2017-06-02 20:00:00,46124.50331333334
zone1,2017-06-02 21:00:00,44880.52980166667
zone1,2017-06-02 22:00:00,44605.03311333333
zone1,2017-06-02 23:00:00,42388.344371666666
zone1,2017-06-03 00:00:00,39402.384106666665
zone1,2017-06-03 01:00:00,38491.12583
zone1,2017-06-03 02:00:00,40453.509935
zone1,2017-06-03 03:00:00,34757.086091666664
zone1,2017-06-03 04:00:00,28333.774833333333
zone1,2017-06-03 05:00:00,24021.192053333332
zone1,2017-06-03 06:00:00,23425.695365000003
zone1,2017-06-03 07:00:00,24046.622513333336
zone1,2017-06-03 08:00:00,26322.649006666663
zone1,2017-06-03 09:00:00,29018.278148333335
zone1,2017-06-03 10:00:00,32065.695363333332
zone1,2017-06-03 11:00:00,34617.21854166667
zone1,2017-06-03 12:00:00,35861.19205333333
zone1,2017-06-03 13:00:00,36700.39735
zone1,2017-06-03 14:00:00,36768.21192
zone1,2017-06-03 15:00:00,36537.21854666666
zone1,2017-06-03 16:00:00,36865.695365
zone1,2017-06-03 17:00:00,37938.013243333335
zone1,2017-06-03 18:00:00,41015.09933833333
zone1,2017-06-03 19:00:00,46671.25827833333
zone1,2017-06-03 20:00:00,46656.42384
zone1,2017-06-03 21:00:00,45654.039735
zone1,2017-06-03 22:00:00,45257.748345
zone1,2017-06-03 23:00:00,42528.21192333333
zone1,2017-06-04 00:00:00,39294.30463666667
zone1,2017-06-04 01:00:00,38467.814568333335
zone1,2017-06-04 02:00:00,40029.668874999996
zone1,2017-06-04 03:00:00,33875.49668833333
zone1,2017-06-04 04:00:00,27231.788078333335
zone1,2017-06-04 05:00:00,22416.953641666667
zone1,2017-06-04 06:00:00,21376.423841666667
zone1,2017-06-04 07:00:00,21247.152318333334
zone1,2017-06-04 08:00:00,22054.569538333333
zone1,2017-06-04 09:00:00,24277.615893333335
zone1,2017-06-04 10:00:00,26865.165565000003
zone1,2017-06-04 11:00:00,29033.112583333335
zone1,2017-06-04 12:00:00,30395.761588333335
zone1,2017-06-04 13:00:00,28460.927151666667
zone1,2017-06-04 14:00:00,28441.854301666666
zone1,2017-06-04 15:00:00,28819.072846666666
zone1,2017-06-04 16:00:00,29156.02649
zone1,2017-06-04 17:00:00,31972.450331666667
zone1,2017-06-04 18:00:00,37446.357615
zone1,2017-06-04 19:00:00,43365.29801333333
zone1,2017-06-04 20:00:00,43344.10595833333
zone1,2017-06-04 21:00:00,42572.71523166667
zone1,2017-06-04 22:00:00,42742.25165666667
zone1,2017-06-04 23:00:00,40745.960265
zone1,2017-06-05 00:00:00,37904.10596166667
zone1,2017-06-05 01:00:00,37134.834435
zone1,2017-06-05 02:00:00,38643.70861
zone1,2017-06-05 03:00:00,33015.09933833333
zone1,2017-06-05 04:00:00,26513.377483333334
zone1,2017-06-05 05:00:00,22226.225166666667
zone1,2017-06-05 06:00:00,21969.801324999997
zone1,2017-06-05 07:00:00,23298.54304666667
zone1,2017-06-05 08:00:00,25538.543048333333
zone1,2017-06-05 09:00:00,28575.364238333335
zone1,2017-06-05 10:00:00,31451.125826666666
zone1,2017-06-05 11:00:00,34447.68211833333
zone1,2017-06-05 12:00:00,35655.62914
zone1,2017-06-05 13:00:00,31976.68874166667
zone1,2017-06-05 14:00:00,34216.688741666665
zone1,2017-06-05 15:00:00,35513.64238666667
zone1,2017-06-05 16:00:00,34740.132451666665
zone1,2017-06-05 17:00:00,35933.24503333333
zone1,2017-06-05 18:00:00,38641.58940333334
zone1,2017-06-05 19:00:00,44556.291391666666
zone1,2017-06-05 20:00:00,45408.211918333334
zone1,2017-06-05 21:00:00,44412.185430000005
zone1,2017-06-05 22:00:00,43776.42384166666
zone1,2017-06-05 23:00:00,41252.45033166667
zone1,2017-06-06 00:00:00,38033.377485
zone1,2017-06-06 01:00:00,37251.39073
zone1,2017-06-06 02:00:00,38641.58940333333
zone1,2017-06-06 03:00:00,32930.331125000004
zone1,2017-06-06 04:00:00,26843.97351
zone1,2017-06-06 05:00:00,22393.642385
zone1,2017-06-06 06:00:00,22410.596026666666
zone1,2017-06-06 07:00:00,23249.801323333333
zone1,2017-06-06 08:00:00,25405.033111666668
zone1,2017-06-06 09:00:00,26918.145695
zone1,2017-06-06 10:00:00,27988.344371666666
zone1,2017-06-06 11:00:00,29910.463576666665
zone1,2017-06-06 12:00:00,31381.19205166667
zone1,2017-06-06 13:00:00,34990.19867666667
zone1,2017-06-06 14:00:00,35861.19205333333
zone1,2017-06-06 15:00:00,35772.18542833333
zone1,2017-06-06 16:00:00,35401.32450166667
zone1,2017-06-06 17:00:00,36488.47682166666
zone1,2017-06-06 18:00:00,39209.53642333333
zone1,2017-06-06 19:00:00,44679.205298333334
zone1,2017-06-06 20:00:00,45596.82119333334
zone1,2017-06-06 21:00:00,44814.834436666664
zone1,2017-06-06 22:00:00,44376.158939999994
zone1,2017-06-06 23:00:00,42174.30463666667
zone1,2017-06-07 00:00:00,38906.49006666667
zone1,2017-06-07 01:00:00,38221.986755
zone1,2017-06-07 02:00:00,39419.33774833334
zone1,2017-06-07 03:00:00,33735.62913833334
zone1,2017-06-07 04:00:00,27456.423843333334
zone1,2017-06-07 05:00:00,22972.185429999998
zone1,2017-06-07 06:00:00,22419.072846666666
zone1,2017-06-07 07:00:00,23381.192053333332
zone1,2017-06-07 08:00:00,25930.596025000003
zone1,2017-06-07 09:00:00,28804.23840833333
zone1,2017-06-07 10:00:00,31402.384106666665
zone1,2017-06-07 11:00:00,33434.701985
zone1,2017-06-07 12:00:00,31614.304634999997
zone1,2017-06-07 13:00:00,29624.370861666666
zone1,2017-06-07 14:00:00,31578.278145
zone1,2017-06-07 15:00:00,34337.48344166666
zone1,2017-06-07 16:00:00,34735.89404
zone1,2017-06-07 17:00:00,36215.099336666666
zone1,2017-06-07 18:00:00,39211.655628333334
zone1,2017-06-07 19:00:00,44532.980135
zone1,2017-06-07 20:00:00,45668.87417166666
zone1,2017-06-07 21:00:00,44651.655628333334
zone1,2017-06-07 22:00:00,44153.64238500001
zone1,2017-06-07 23:00:00,41572.45033166667
zone1,2017-06-08 00:00:00,38387.28476666667
zone1,2017-06-08 01:00:00,37594.701988333334
zone1,2017-06-08 02:00:00,39188.344371666666
zone1,2017-06-08 03:00:00,33517.35099333333
zone1,2017-06-08 04:00:00,26903.311256666668
zone1,2017-06-08 05:00:00,22728.476821666667
zone1,2017-06-08 06:00:00,22550.463575
zone1,2017-06-08 07:00:00,23807.15231666667
zone1,2017-06-08 08:00:00,25616.953641666667
zone1,2017-06-08 09:00:00,28496.953641666667
zone1,2017-06-08 10:00:00,31141.721855
zone1,2017-06-08 11:00:00,33197.35099
zone1,2017-06-08 12:00:00,34500.66225
zone1,2017-06-08 13:00:00,35344.10596
zone1,2017-06-08 14:00:00,35793.37748166666
zone1,2017-06-08 15:00:00,35507.28476833333
zone1,2017-06-08 16:00:00,34990.198675
zone1,2017-06-08 17:00:00,36189.668873333336
zone1,2017-06-08 18:00:00,39989.403973333334
zone1,2017-06-08 19:00:00,45543.84106
zone1,2017-06-08 20:00:00,45266.225165
zone1,2017-06-08 21:00:00,44484.23841
zone1,2017-06-08 22:00:00,44117.615893333335
zone1,2017-06-08 23:00:00,42386.225165
zone1,2017-06-09 00:00:00,39082.384106666665
zone1,2017-06-09 01:00:00,38166.887415
zone1,2017-06-09 02:00:00,39703.311258333335
zone1,2017-06-09 03:00:00,33905.16556166666
zone1,2017-06-09 04:00:00,27486.092715000002
zone1,2017-06-09 05:00:00,22821.721855
zone1,2017-06-09 06:00:00,22393.642383333336
zone1,2017-06-09 07:00:00,23364.23841
zone1,2017-06-09 08:00:00,25816.158939999998
zone1,2017-06-09 09:00:00,28128.21192
zone1,2017-06-09 10:00:00,30349.139073333336
zone1,2017-06-09 11:00:00,32830.72847833333
zone1,2017-06-09 12:00:00,32279.7351
zone1,2017-06-09 13:00:00,33941.19205333333
zone1,2017-06-09 14:00:00,35685.298011666666
zone1,2017-06-09 15:00:00,36179.07285
zone1,2017-06-09 16:00:00,35990.463575
zone1,2017-06-09 17:00:00,36467.28476833333
zone1,2017-06-09 18:00:00,39501.98675333334
zone1,2017-06-09 19:00:00,45321.32450166667
zone1,2017-06-09 20:00:00,45656.15894166666
zone1,2017-06-09 21:00:00,44687.68211833333
zone1,2017-06-09 22:00:00,44844.50331166667
zone1,2017-06-09 23:00:00,43036.82119166667
zone1,2017-06-10 00:00:00,40521.32450166667
zone1,2017-06-10 01:00:00,40010.59602833333
zone1,2017-06-10 02:00:00,40603.97351
zone1,2017-06-10 03:00:00,34818.543045
zone1,2017-06-10 04:00:00,28916.556291666668
zone1,2017-06-10 05:00:00,24044.50331
zone1,2017-06-10 06:00:00,23266.75496666667
zone1,2017-06-10 07:00:00,23978.807946666668
zone1,2017-06-10 08:00:00,26246.357615
zone1,2017-06-10 09:00:00,28552.052978333333
zone1,2017-06-10 10:00:00,30923.443708333332
zone1,2017-06-10 11:00:00,33303.31125666667
zone1,2017-06-10 12:00:00,35047.41721666666
zone1,2017-06-10 13:00:00,35664.10596
zone1,2017-06-10 14:00:00,35284.76821
zone1,2017-06-10 15:00:00,35674.70198666667
zone1,2017-06-10 16:00:00,36119.7351
zone1,2017-06-10 17:00:00,37567.152318333334
zone1,2017-06-10 18:00:00,40300.92715333333
zone1,2017-06-10 19:00:00,45234.43708666667
zone1,2017-06-10 20:00:00,45815.09933833333
zone1,2017-06-10 21:00:00,45183.57616
zone1,2017-06-10 22:00:00,44473.642381666665
zone1,2017-06-10 23:00:00,41739.86755166666
zone1,2017-06-11 00:00:00,39362.119205
zone1,2017-06-11 01:00:00,38792.05298
zone1,2017-06-11 02:00:00,40110.198675
zone1,2017-06-11 03:00:00,33633.907285
zone1,2017-06-11 04:00:00,27005.033113333335
zone1,2017-06-11 05:00:00,22431.78808
zone1,2017-06-11 06:00:00,21518.41059666667
zone1,2017-06-11 07:00:00,21868.079469999997
zone1,2017-06-11 08:00:00,22620.39735
zone1,2017-06-11 09:00:00,24570.066225000002
zone1,2017-06-11 10:00:00,26998.675496666667
zone1,2017-06-11 11:00:00,29189.933775
zone1,2017-06-11 12:00:00,31169.271521666666
zone1,2017-06-11 13:00:00,32146.225165
zone1,2017-06-11 14:00:00,32928.21192333333
zone1,2017-06-11 15:00:00,32563.70860833333
zone1,2017-06-11 16:00:00,32523.44370666667
zone1,2017-06-11 17:00:00,33599.99999833333
zone1,2017-06-11 18:00:00,36594.437086666665
zone1,2017-06-11 19:00:00,43174.56953666667
zone1,2017-06-11 20:00:00,43935.364238333335
zone1,2017-06-11 21:00:00,43178.807948333335
zone1,2017-06-11 22:00:00,42827.01986833334
zone1,2017-06-11 23:00:00,41566.092716666666
zone1,2017-06-12 00:00:00,38749.668875
zone1,2017-06-12 01:00:00,38243.17880666667
zone1,2017-06-12 02:00:00,39319.73509833333
zone1,2017-06-12 03:00:00,33093.509933333335
zone1,2017-06-12 04:00:00,26918.145696666663
zone1,2017-06-12 05:00:00,22590.728476666667
zone1,2017-06-12 06:00:00,22366.09271333333
zone1,2017-06-12 07:00:00,23046.357615
zone1,2017-06-12 08:00:00,25515.23179
zone1,2017-06-12 09:00:00,29539.60265
zone1,2017-06-12 10:00:00,32171.65563166667
zone1,2017-06-12 11:00:00,33905.165563333336
zone1,2017-06-12 12:00:00,35674.70198666667
zone1,2017-06-12 13:00:00,36785.165563333336
zone1,2017-06-12 14:00:00,37274.70198666667
zone1,2017-06-12 15:00:00,36891.125825
zone1,2017-06-12 16:00:00,37045.827815000004
zone1,2017-06-12 17:00:00,37690.066225
zone1,2017-06-12 18:00:00,39919.47019833333
zone1,2017-06-12 19:00:00,45526.88741833333
zone1,2017-06-12 20:00:00,46116.02649166667
zone1,2017-06-12 21:00:00,45543.84105833334
zone1,2017-06-12 22:00:00,45344.635761666665
zone1,2017-06-12 23:00:00,43356.82119166667
zone1,2017-06-13 00:00:00,40618.807948333335
zone1,2017-06-13 01:00:00,39461.721855
zone1,2017-06-13 02:00:00,40659.072850000004
zone1,2017-06-13 03:00:00,34704.10596
zone1,2017-06-13 04:00:00,28338.013245
zone1,2017-06-13 05:00:00,24120.7947
zone1,2017-06-13 06:00:00,23010.331125
zone1,2017-06-13 07:00:00,24707.814570000002
zone1,2017-06-13 08:00:00,26973.245033333336
zone1,2017-06-13 09:00:00,28452.450331666667
zone1,2017-06-13 10:00:00,30980.662249999998
zone1,2017-06-13 11:00:00,33074.437085
zone1,2017-06-13 12:00:00,34623.57615833333
zone1,2017-06-13 13:00:00,35176.68874333333
zone1,2017-06-13 14:00:00,35657.748345
zone1,2017-06-13 15:00:00,35594.172185
zone1,2017-06-13 16:00:00,35352.582781666664
zone1,2017-06-13 17:00:00,35481.854305
zone1,2017-06-13 18:00:00,38709.403973333334
zone1,2017-06-13 19:00:00,45022.516555
zone1,2017-06-13 20:00:00,45213.24503166667
zone1,2017-06-13 21:00:00,44776.68874333333
zone1,2017-06-13 22:00:00,44217.21854333333
zone1,2017-06-13 23:00:00,42288.74172
zone1,2017-06-14 00:00:00,39353.64238333333
zone1,2017-06-14 01:00:00,38573.77483333334
zone1,2017-06-14 02:00:00,39870.72847666666
zone1,2017-06-14 03:00:00,33936.95364166667
zone1,2017-06-14 04:00:00,27642.913908333332
zone1,2017-06-14 05:00:00,22997.615895
zone1,2017-06-14 06:00:00,22940.397351666663
zone1,2017-06-14 07:00:00,23631.258276666664
zone1,2017-06-14 08:00:00,24724.768213333333
zone1,2017-06-14 09:00:00,27259.337748333335
zone1,2017-06-14 10:00:00,29666.754968333335
zone1,2017-06-14 11:00:00,32881.58940333333
zone1,2017-06-14 12:00:00,35187.28476833333
zone1,2017-06-14 13:00:00,35984.10596166667
zone1,2017-06-14 14:00:00,36204.50331166667
zone1,2017-06-14 15:00:00,35922.64900666667
zone1,2017-06-14 16:00:00,35981.986755
zone1,2017-06-14 17:00:00,36787.28476833333
zone1,2017-06-14 18:00:00,39228.609273333335
zone1,2017-06-14 19:00:00,44978.013245
zone1,2017-06-14 20:00:00,46122.384105000005
zone1,2017-06-14 21:00:00,45425.165565
zone1,2017-06-14 22:00:00,44799.99999833334
zone1,2017-06-14 23:00:00,42464.635761666665
zone1,2017-06-15 00:00:00,39622.78145833333
zone1,2017-06-15 01:00:00,38959.4702
zone1,2017-06-15 02:00:00,39858.013243333335
zone1,2017-06-15 03:00:00,33900.92715333333
zone1,2017-06-15 04:00:00,28064.63576
zone1,2017-06-15 05:00:00,23658.807946666668
zone1,2017-06-15 06:00:00,23525.29801166667
zone1,2017-06-15 07:00:00,22753.907284999998
zone1,2017-06-15 08:00:00,23961.85430333333
zone1,2017-06-15 09:00:00,26799.470198333333
zone1,2017-06-15 10:00:00,30789.933775
zone1,2017-06-15 11:00:00,34555.761588333335
zone1,2017-06-15 12:00:00,36344.37086166666
zone1,2017-06-15 13:00:00,37990.99337833333
zone1,2017-06-15 14:00:00,38069.403973333334
zone1,2017-06-15 15:00:00,36632.582781666664
zone1,2017-06-15 16:00:00,36573.24503333333
zone1,2017-06-15 17:00:00,37338.278145
zone1,2017-06-15 18:00:00,39351.52318
zone1,2017-06-15 19:00:00,44956.82119166667
zone1,2017-06-15 20:00:00,46156.291391666666
zone1,2017-06-15 21:00:00,44846.62251666666
zone1,2017-06-15 22:00:00,44819.07284666667
zone1,2017-06-15 23:00:00,43261.45695166667
zone1,2017-06-16 00:00:00,40364.50331166667
zone1,2017-06-16 01:00:00,39686.357615
zone1,2017-06-16 02:00:00,40396.291391666666
zone1,2017-06-16 03:00:00,34199.7351
zone1,2017-06-16 04:00:00,28009.536423333335
zone1,2017-06-16 05:00:00,23699.072846666666
zone1,2017-06-16 06:00:00,23213.774835
zone1,2017-06-16 07:00:00,24086.887416666665
zone1,2017-06-16 08:00:00,25920.0
zone1,2017-06-16 09:00:00,28757.615893333335
zone1,2017-06-16 10:00:00,31578.278145
zone1,2017-06-16 11:00:00,33625.430465
zone1,2017-06-16 12:00:00,33712.31788166667
zone1,2017-06-16 13:00:00,35312.31788166667
zone1,2017-06-16 14:00:00,36454.56953666667
zone1,2017-06-16 15:00:00,36272.31788
zone1,2017-06-16 16:00:00,35882.384105
zone1,2017-06-16 17:00:00,36912.31788166667
zone1,2017-06-16 18:00:00,38972.185430000005
zone1,2017-06-16 19:00:00,44624.10595999999
zone1,2017-06-16 20:00:00,45209.00662166667
zone1,2017-06-16 21:00:00,44869.933775000005
zone1,2017-06-16 22:00:00,44575.364238333335
zone1,2017-06-16 23:00:00,43034.70198666667
zone1,2017-06-17 00:00:00,40360.2649
zone1,2017-06-17 01:00:00,39766.887416666665
zone1,2017-06-17 02:00:00,40595.49668833333
zone1,2017-06-17 03:00:00,34487.94701833333
zone1,2017-06-17 04:00:00,28325.298014999997
zone1,2017-06-17 05:00:00,23078.145695
zone1,2017-06-17 06:00:00,22527.152318333334
zone1,2017-06-17 07:00:00,23387.549668333333
zone1,2017-06-17 08:00:00,25633.90728666667
zone1,2017-06-17 09:00:00,27670.463576666665
zone1,2017-06-17 10:00:00,31001.854303333337
zone1,2017-06-17 11:00:00,33553.37748166666
zone1,2017-06-17 12:00:00,35242.384106666665
zone1,2017-06-17 13:00:00,35587.81457
zone1,2017-06-17 14:00:00,35611.12582666666
zone1,2017-06-17 15:00:00,35939.60264833333
zone1,2017-06-17 16:00:00,36249.006623333335
zone1,2017-06-17 17:00:00,37054.30463666667
zone1,2017-06-17 18:00:00,38772.980135
zone1,2017-06-17 19:00:00,43998.94039833333
zone1,2017-06-17 20:00:00,45940.132451666665
zone1,2017-06-17 21:00:00,45448.47682166666
zone1,2017-06-17 22:00:00,44789.40397000001
zone1,2017-06-17 23:00:00,43041.059603333335
zone1,2017-06-18 00:00:00,40745.960263333334
zone1,2017-06-18 01:00:00,40116.55629166667
zone1,2017-06-18 02:00:00,40987.549666666666
zone1,2017-06-18 03:00:00,34738.013245
zone1,2017-06-18 04:00:00,28240.5298
zone1,2017-06-18 05:00:00,23336.68874166667
zone1,2017-06-18 06:00:00,22342.781458333335
zone1,2017-06-18 07:00:00,22433.907284999998
zone1,2017-06-18 08:00:00,23245.562915
zone1,2017-06-18 09:00:00,24752.31788
zone1,2017-06-18 10:00:00,26712.582781666668
zone1,2017-06-18 11:00:00,29639.205296666667
zone1,2017-06-18 12:00:00,31614.30463833333
zone1,2017-06-18 13:00:00,32508.60927
zone1,2017-06-18 14:00:00,32896.423839999996
zone1,2017-06-18 15:00:00,33157.086091666664
zone1,2017-06-18 16:00:00,33587.28476833333
zone1,2017-06-18 17:00:00,34979.60265
zone1,2017-06-18 18:00:00,37825.69536333333
zone1,2017-06-18 19:00:00,43566.62251833334
zone1,2017-06-18 20:00:00,44492.71523166667
zone1,2017-06-18 21:00:00,44185.43046333333
zone1,2017-06-18 22:00:00,43986.225165
zone1,2017-06-18 23:00:00,42905.430465
zone1,2017-06-19 00:00:00,40432.317879999995
zone1,2017-06-19 01:00:00,39919.47019666667
zone1,2017-06-19 02:00:00,40834.966885
zone1,2017-06-19 03:00:00,34324.76821333334
zone1,2017-06-19 04:00:00,28041.324501666666
zone1,2017-06-19 05:00:00,23805.033111666668
zone1,2017-06-19 06:00:00,23656.688743333332
zone1,2017-06-19 07:00:00,24214.039735
zone1,2017-06-19 08:00:00,26292.980133333334
zone1,2017-06-19 09:00:00,29484.503311666664
zone1,2017-06-19 10:00:00,31942.781455
zone1,2017-06-19 11:00:00,35981.98675333333
zone1,2017-06-19 12:00:00,38033.37748333334
zone1,2017-06-19 13:00:00,38614.039736666666
zone1,2017-06-19 14:00:00,38594.966888333336
zone1,2017-06-19 15:00:00,37145.43046333333
zone1,2017-06-19 16:00:00,36859.337746666664
zone1,2017-06-19 17:00:00,37342.51655833334
zone1,2017-06-19 18:00:00,39610.066224999995
zone1,2017-06-19 19:00:00,45444.23841
zone1,2017-06-19 20:00:00,46126.62252
zone1,2017-06-19 21:00:00,45473.907283333334
zone1,2017-06-19 22:00:00,45234.437086666665
zone1,2017-06-19 23:00:00,44005.298011666666
zone1,2017-06-20 00:00:00,41292.71523166667
zone1,2017-06-20 01:00:00,40317.880795
zone1,2017-06-20 02:00:00,40945.165563333336
zone1,2017-06-20 03:00:00,34646.88741833333
zone1,2017-06-20 04:00:00,27952.317881666666
zone1,2017-06-20 05:00:00,23468.07947
zone1,2017-06-20 06:00:00,23141.721856666667
zone1,2017-06-20 07:00:00,26625.695365000003
zone1,2017-06-20 08:00:00,29183.57616
zone1,2017-06-20 09:00:00,32216.158939999998
zone1,2017-06-20 10:00:00,33517.350991666666
zone1,2017-06-20 11:00:00,34509.13907333333
zone1,2017-06-20 12:00:00,35865.43046333333
zone1,2017-06-20 13:00:00,37418.80794666667
zone1,2017-06-20 14:00:00,39328.21192
zone1,2017-06-20 15:00:00,38838.675495
zone1,2017-06-20 16:00:00,37668.87417
zone1,2017-06-20 17:00:00,38643.70860666667
zone1,2017-06-20 18:00:00,40322.119205
zone1,2017-06-20 19:00:00,45906.22516666667
zone1,2017-06-20 20:00:00,47292.18543166667
zone1,2017-06-20 21:00:00,46925.562913333335
zone1,2017-06-20 22:00:00,47029.403973333334
zone1,2017-06-20 23:00:00,45707.01986666667
zone1,2017-06-21 00:00:00,43435.23178833333
zone1,2017-06-21 01:00:00,42411.655628333334
zone1,2017-06-21 02:00:00,42860.92715333333
zone1,2017-06-21 03:00:00,36480.0
zone1,2017-06-21 04:00:00,30048.211921666665
zone1,2017-06-21 05:00:00,25082.91390666667
zone1,2017-06-21 06:00:00,24667.549668333333
zone1,2017-06-21 07:00:00,25515.23178833333
zone1,2017-06-21 08:00:00,27651.390728333336
zone1,2017-06-21 09:00:00,31037.880795
zone1,2017-06-21 10:00:00,34199.7351
zone1,2017-06-21 11:00:00,36804.238411666665
zone1,2017-06-21 12:00:00,38476.291391666666
zone1,2017-06-21 13:00:00,39254.03973333333
zone1,2017-06-21 14:00:00,38919.205298333334
zone1,2017-06-21 15:00:00,38029.139071666665
zone1,2017-06-21 16:00:00,37793.907285
zone1,2017-06-21 17:00:00,38039.7351
zone1,2017-06-21 18:00:00,39552.847681666666
zone1,2017-06-21 19:00:00,44630.463575
zone1,2017-06-21 20:00:00,46414.834436666664
zone1,2017-06-21 21:00:00,45274.701985
zone1,2017-06-21 22:00:00,44821.19205333333
zone1,2017-06-21 23:00:00,44554.172185
zone1,2017-06-22 00:00:00,42867.28476666667
zone1,2017-06-22 01:00:00,41508.87417166666
zone1,2017-06-22 02:00:00,41689.00662333333
zone1,2017-06-22 03:00:00,35433.11258166667
zone1,2017-06-22 04:00:00,28800.000001666664
zone1,2017-06-22 05:00:00,24230.993376666665
zone1,2017-06-22 06:00:00,23406.622515
zone1,2017-06-22 07:00:00,23989.403974999997
zone1,2017-06-22 08:00:00,26036.556291666668
zone1,2017-06-22 09:00:00,29350.993378333336
zone1,2017-06-22 10:00:00,32413.245035
zone1,2017-06-22 11:00:00,34655.36424
zone1,2017-06-22 12:00:00,36520.2649
zone1,2017-06-22 13:00:00,37365.827816666664
zone1,2017-06-22 14:00:00,37938.01324666667
zone1,2017-06-22 15:00:00,37906.225165
zone1,2017-06-22 16:00:00,37374.30463666667
zone1,2017-06-22 17:00:00,37865.960265
zone1,2017-06-22 18:00:00,39465.96026666667
zone1,2017-06-22 19:00:00,45153.907285
zone1,2017-06-22 20:00:00,46910.72847666667
zone1,2017-06-22 21:00:00,46760.2649
zone1,2017-06-22 22:00:00,46486.887416666665
zone1,2017-06-22 23:00:00,45211.12582666666
zone1,2017-06-23 00:00:00,42636.29139
zone1,2017-06-23 01:00:00,41489.80132333333
zone1,2017-06-23 02:00:00,41809.80132333333
zone1,2017-06-23 03:00:00,35282.649008333334
zone1,2017-06-23 04:00:00,28596.556291666668
zone1,2017-06-23 05:00:00,24021.19205166667
zone1,2017-06-23 06:00:00,23667.284768333335
zone1,2017-06-23 07:00:00,23995.76159
zone1,2017-06-23 08:00:00,25695.364236666665
zone1,2017-06-23 09:00:00,27861.192055000003
zone1,2017-06-23 10:00:00,30967.947021666667
zone1,2017-06-23 11:00:00,34994.437086666665
zone1,2017-06-23 12:00:00,35259.33774833333
zone1,2017-06-23 13:00:00,36757.615893333335
zone1,2017-06-23 14:00:00,38319.47019833333
zone1,2017-06-23 15:00:00,38268.609273333335
zone1,2017-06-23 16:00:00,37766.35761666667
zone1,2017-06-23 17:00:00,38393.642385
zone1,2017-06-23 18:00:00,41032.05297833333
zone1,2017-06-23 19:00:00,46881.05960166667
zone1,2017-06-23 20:00:00,48648.47682166666
zone1,2017-06-23 21:00:00,48631.52317833333
zone1,2017-06-23 22:00:00,48349.66887666666
zone1,2017-06-23 23:00:00,47050.596026666666
zone1,2017-06-24 00:00:00,44744.900663333334
zone1,2017-06-24 01:00:00,43668.34436833334
zone1,2017-06-24 02:00:00,43242.384105
zone1,2017-06-24 03:00:00,36700.39735166667
zone1,2017-06-24 04:00:00,29846.887416666665
zone1,2017-06-24 05:00:00,24731.125826666666
zone1,2017-06-24 06:00:00,23673.642385
zone1,2017-06-24 07:00:00,23489.271523333333
zone1,2017-06-24 08:00:00,25347.814570000002
zone1,2017-06-24 09:00:00,28202.384106666665
zone1,2017-06-24 10:00:00,30768.741723333336
zone1,2017-06-24 11:00:00,33150.72847833333
zone1,2017-06-24 12:00:00,34843.97351
zone1,2017-06-24 13:00:00,35651.390726666665
zone1,2017-06-24 14:00:00,36348.60927166667
zone1,2017-06-24 15:00:00,37054.304635
zone1,2017-06-24 16:00:00,37234.437085
zone1,2017-06-24 17:00:00,38205.03311333333
zone1,2017-06-24 18:00:00,39953.37748333334
zone1,2017-06-24 19:00:00,46052.45033
zone1,2017-06-24 20:00:00,46965.827815
zone1,2017-06-24 21:00:00,46908.60927166667
zone1,2017-06-24 22:00:00,47040.00000166667
zone1,2017-06-24 23:00:00,45662.516555
zone1,2017-06-25 00:00:00,43231.78808
zone1,2017-06-25 01:00:00,41731.39073
zone1,2017-06-25 02:00:00,40665.430465000005
zone1,2017-06-25 03:00:00,35038.940395000005
zone1,2017-06-25 04:00:00,28503.311260000002
zone1,2017-06-25 05:00:00,23565.562915000002
zone1,2017-06-25 06:00:00,22732.715231666665
zone1,2017-06-25 07:00:00,23061.192053333332
zone1,2017-06-25 08:00:00,23775.364238333335
zone1,2017-06-25 09:00:00,25960.2649
zone1,2017-06-25 10:00:00,28889.006624999998
zone1,2017-06-25 11:00:00,32061.45695333333
zone1,2017-06-25 12:00:00,33629.668875
zone1,2017-06-25 13:00:00,35089.80132333333
zone1,2017-06-25 14:00:00,35191.52317833334
zone1,2017-06-25 15:00:00,35967.152318333334
zone1,2017-06-25 16:00:00,36098.543046666666
zone1,2017-06-25 17:00:00,36903.84105833333
zone1,2017-06-25 18:00:00,38400.0
zone1,2017-06-25 19:00:00,43602.649005
zone1,2017-06-25 20:00:00,46052.45033
zone1,2017-06-25 21:00:00,47188.344371666666
zone1,2017-06-25 22:00:00,47624.900663333334
zone1,2017-06-25 23:00:00,45874.43708333333
zone1,2017-06-26 00:00:00,43244.50331166667
zone1,2017-06-26 01:00:00,39896.15894166666
zone1,2017-06-26 02:00:00,36975.89404166667
zone1,2017-06-26 03:00:00,34055.62913833334
zone1,2017-06-26 04:00:00,29247.152318333334
zone1,2017-06-26 05:00:00,23805.033113333335
zone1,2017-06-26 06:00:00,23832.582781666668
zone1,2017-06-26 07:00:00,25725.033111666668
zone1,2017-06-26 08:00:00,27197.880791666666
zone1,2017-06-26 09:00:00,27486.092715000002
zone1,2017-06-26 10:00:00,28361.324503333333
zone1,2017-06-26 11:00:00,29298.013245
zone1,2017-06-26 12:00:00,30366.092713333335
zone1,2017-06-26 13:00:00,31029.403973333334
zone1,2017-06-26 14:00:00,30138.278145
zone1,2017-06-26 15:00:00,28619.86755
zone1,2017-06-26 16:00:00,27262.51655666667
zone1,2017-06-26 17:00:00,26978.543043333335
zone1,2017-06-26 18:00:00,27388.60927
zone1,2017-06-26 19:00:00,30241.05960333333
zone1,2017-06-26 20:00:00,36965.29801333333
zone1,2017-06-26 21:00:00,37669.933775000005
zone1,2017-06-26 22:00:00,38543.04635833333
zone1,2017-06-26 23:00:00,36671.78807833333
zone1,2017-06-27 00:00:00,33083.97351166666
zone1,2017-06-27 01:00:00,29334.039735
zone1,2017-06-27 02:00:00,26822.781456666668
zone1,2017-06-27 03:00:00,25659.337750000002
zone1,2017-06-27 04:00:00,23590.99338
zone1,2017-06-27 05:00:00,19806.092715000002
zone1,2017-06-27 06:00:00,19726.622516666666
zone1,2017-06-27 07:00:00,20535.099338333333
zone1,2017-06-27 08:00:00,21747.284770000002
zone1,2017-06-27 09:00:00,23980.927150000003
zone1,2017-06-27 10:00:00,26678.675495
zone1,2017-06-27 11:00:00,28824.370863333334
zone1,2017-06-27 12:00:00,30031.258278333335
zone1,2017-06-27 13:00:00,30807.947020000003
zone1,2017-06-27 14:00:00,31147.01986666667
zone1,2017-06-27 15:00:00,30549.403973333334
zone1,2017-06-27 16:00:00,29710.198675000003
zone1,2017-06-27 17:00:00,28886.88742
zone1,2017-06-27 18:00:00,28581.721855
zone1,2017-06-27 19:00:00,31793.377481666666
zone1,2017-06-27 20:00:00,38812.18543
zone1,2017-06-27 21:00:00,39542.251655
zone1,2017-06-27 22:00:00,40540.39735
zone1,2017-06-27 23:00:00,38295.09933833333
zone1,2017-06-28 00:00:00,34331.12583
zone1,2017-06-28 01:00:00,30720.00000166667
zone1,2017-06-28 02:00:00,28618.807946666668
zone1,2017-06-28 03:00:00,27630.198676666667
zone1,2017-06-28 04:00:00,25185.695363333332
zone1,2017-06-28 05:00:00,20873.11258333333
zone1,2017-06-28 06:00:00,20461.986756666665
zone1,2017-06-28 07:00:00,22128.741725
zone1,2017-06-28 08:00:00,25430.463576666665
zone1,2017-06-28 09:00:00,28654.83443833333
zone1,2017-06-28 10:00:00,31565.56291333333
zone1,2017-06-28 11:00:00,33832.05297833333
zone1,2017-06-28 12:00:00,34781.456953333334
zone1,2017-06-28 13:00:00,35386.49006666667
zone1,2017-06-28 14:00:00,35002.913908333336
zone1,2017-06-28 15:00:00,34035.49668833333
zone1,2017-06-28 16:00:00,33376.423839999996
zone1,2017-06-28 17:00:00,32477.880795
zone1,2017-06-28 18:00:00,32567.947020000003
zone1,2017-06-28 19:00:00,36203.44370833333
zone1,2017-06-28 20:00:00,43002.913905
zone1,2017-06-28 21:00:00,42939.33774833333
zone1,2017-06-28 22:00:00,41701.721855
zone1,2017-06-28 23:00:00,39070.72847833333
zone1,2017-06-29 00:00:00,34935.099336666666
zone1,2017-06-29 01:00:00,31099.337750000002
zone1,2017-06-29 02:00:00,29089.271521666666
zone1,2017-06-29 03:00:00,28232.052981666668
zone1,2017-06-29 04:00:00,25820.39735
zone1,2017-06-29 05:00:00,21976.158939999998
zone1,2017-06-29 06:00:00,21481.324501666666
zone1,2017-06-29 07:00:00,22776.158939999998
zone1,2017-06-29 08:00:00,23107.81456833333
zone1,2017-06-29 09:00:00,24614.569536666666
zone1,2017-06-29 10:00:00,27606.887418333336
zone1,2017-06-29 11:00:00,31222.251655
zone1,2017-06-29 12:00:00,34325.82781166667
zone1,2017-06-29 13:00:00,35390.72847666666
zone1,2017-06-29 14:00:00,35564.50331
zone1,2017-06-29 15:00:00,35669.403975
zone1,2017-06-29 16:00:00,34972.185430000005
zone1,2017-06-29 17:00:00,34813.24503333333
zone1,2017-06-29 18:00:00,33047.94702
zone1,2017-06-29 19:00:00,36999.205298333334
zone1,2017-06-29 20:00:00,43619.60265
zone1,2017-06-29 21:00:00,43797.61589666666
zone1,2017-06-29 22:00:00,42399.99999833333
zone1,2017-06-29 23:00:00,38992.31788
zone1,2017-06-30 00:00:00,34152.05298
zone1,2017-06-30 01:00:00,30821.721853333333
zone1,2017-06-30 02:00:00,28752.317883333333
zone1,2017-06-30 03:00:00,27490.331126666668
zone1,2017-06-30 04:00:00,25247.152318333334
zone1,2017-06-30 05:00:00,21301.192053333332
zone1,2017-06-30 06:00:00,21117.880795
zone1,2017-06-30 07:00:00,22969.006623333335
zone1,2017-06-30 08:00:00,25663.576161666668
zone1,2017-06-30 09:00:00,28282.91390666667
zone1,2017-06-30 10:00:00,31117.35099333333
zone1,2017-06-30 11:00:00,33260.92715166666
zone1,2017-06-30 12:00:00,33673.112583333335
zone1,2017-06-30 13:00:00,34384.10596
zone1,2017-06-30 14:00:00,34493.24503333333
zone1,2017-06-30 15:00:00,33957.086091666664
zone1,2017-06-30 16:00:00,33515.23178833333
zone1,2017-06-30 17:00:00,33004.50331166667
zone1,2017-06-30 18:00:00,32911.25827833333
zone1,2017-06-30 19:00:00,36636.82119166667
zone1,2017-06-30 20:00:00,43746.75496666667
zone1,2017-06-30 21:00:00,43949.13907333333
zone1,2017-06-30 22:00:00,42395.76159
zone1,2017-06-30 23:00:00,39131.12582833334
zone1,2017-07-01 00:00:00,34531.29568
zone1,2017-07-01 01:00:00,30742.325581666664
zone1,2017-07-01 02:00:00,29015.813953333334
zone1,2017-07-01 03:00:00,27798.538206666668
zone1,2017-07-01 04:00:00,25198.139536666666
zone1,2017-07-01 05:00:00,21148.70432
zone1,2017-07-01 06:00:00,20701.129566666667
zone1,2017-07-01 07:00:00,21938.60465166667
zone1,2017-07-01 08:00:00,24479.468438333333
zone1,2017-07-01 09:00:00,27380.730896666664
zone1,2017-07-01 10:00:00,30928.372093333335
zone1,2017-07-01 11:00:00,32913.222591666665
zone1,2017-07-01 12:00:00,34301.66112833333
zone1,2017-07-01 13:00:00,35180.863788333336
zone1,2017-07-01 14:00:00,34971.42857
zone1,2017-07-01 15:00:00,34027.375414999995
zone1,2017-07-01 16:00:00,33156.67774
zone1,2017-07-01 17:00:00,33160.930231666665
zone1,2017-07-01 18:00:00,33499.00332333333
zone1,2017-07-01 19:00:00,37699.40199333333
zone1,2017-07-01 20:00:00,44982.857143333335
zone1,2017-07-01 21:00:00,44619.26910333333
zone1,2017-07-01 22:00:00,42167.70764
zone1,2017-07-01 23:00:00,38847.57475
zone1,2017-07-02 00:00:00,34488.770765
zone1,2017-07-02 01:00:00,31036.81063333333
zone1,2017-07-02 02:00:00,28996.67774
zone1,2017-07-02 03:00:00,27824.053155
zone1,2017-07-02 04:00:00,25578.737540000002
zone1,2017-07-02 05:00:00,21556.943521666664
zone1,2017-07-02 06:00:00,21577.142856666665
zone1,2017-07-02 07:00:00,22545.64784
zone1,2017-07-02 08:00:00,24543.255815
zone1,2017-07-02 09:00:00,26761.993355
zone1,2017-07-02 10:00:00,29805.714286666665
zone1,2017-07-02 11:00:00,32086.112956666664
zone1,2017-07-02 12:00:00,33271.495018333335
zone1,2017-07-02 13:00:00,32841.99335333333
zone1,2017-07-02 14:00:00,32659.136213333335
zone1,2017-07-02 15:00:00,31925.581398333336
zone1,2017-07-02 16:00:00,31192.026578333334
zone1,2017-07-02 17:00:00,31428.03986666667
zone1,2017-07-02 18:00:00,32086.112956666668
zone1,2017-07-02 19:00:00,36419.401995
zone1,2017-07-02 20:00:00,43682.65780666666
zone1,2017-07-02 21:00:00,44493.82059833334
zone1,2017-07-02 22:00:00,42962.923586666664
zone1,2017-07-02 23:00:00,38726.37873833333
zone1,2017-07-03 00:00:00,33613.82059833333
zone1,2017-07-03 01:00:00,30015.14950166667
zone1,2017-07-03 02:00:00,28655.41528
zone1,2017-07-03 03:00:00,28001.594683333333
zone1,2017-07-03 04:00:00,25758.405313333333
zone1,2017-07-03 05:00:00,22371.29568
zone1,2017-07-03 06:00:00,23102.72425166667
zone1,2017-07-03 07:00:00,23485.448504999997
zone1,2017-07-03 08:00:00,25579.800665
zone1,2017-07-03 09:00:00,31435.481726666665
zone1,2017-07-03 10:00:00,34539.800664999995
zone1,2017-07-03 11:00:00,36647.97342
zone1,2017-07-03 12:00:00,37985.382059999996
zone1,2017-07-03 13:00:00,37862.05980166667
zone1,2017-07-03 14:00:00,37199.734216666664
zone1,2017-07-03 15:00:00,36235.481725
zone1,2017-07-03 16:00:00,35304.18604666667
zone1,2017-07-03 17:00:00,35109.63455166667
zone1,2017-07-03 18:00:00,35011.827241666666
zone1,2017-07-03 19:00:00,39641.727575
zone1,2017-07-03 20:00:00,46397.873755
zone1,2017-07-03 21:00:00,46089.56810833333
zone1,2017-07-03 22:00:00,43951.62790666667
zone1,2017-07-03 23:00:00,38954.95016833333
zone1,2017-07-04 00:00:00,33825.38206166667
zone1,2017-07-04 01:00:00,30067.242524999998
zone1,2017-07-04 02:00:00,28757.475083333335
zone1,2017-07-04 03:00:00,28325.847176666666
zone1,2017-07-04 04:00:00,26182.591361666666
zone1,2017-07-04 05:00:00,22660.465113333335
zone1,2017-07-04 06:00:00,21653.687706666668
zone1,2017-07-04 07:00:00,25362.92358833333
zone1,2017-07-04 08:00:00,26162.39202666667
zone1,2017-07-04 09:00:00,29820.598006666667
zone1,2017-07-04 10:00:00,28598.006646666665
zone1,2017-07-04 11:00:00,29396.41196166667
zone1,2017-07-04 12:00:00,32630.431891666667
zone1,2017-07-04 13:00:00,35105.38206
zone1,2017-07-04 14:00:00,34283.588039999995
zone1,2017-07-04 15:00:00,36958.40531666666
zone1,2017-07-04 16:00:00,35977.142856666665
zone1,2017-07-04 17:00:00,35818.73754166667
zone1,2017-07-04 18:00:00,36486.37873833333
zone1,2017-07-04 19:00:00,41189.634555
zone1,2017-07-04 20:00:00,46828.438535
zone1,2017-07-04 21:00:00,45665.382058333336
zone1,2017-07-04 22:00:00,43581.66112833333
zone1,2017-07-04 23:00:00,38679.60132833334
zone1,2017-07-05 00:00:00,34058.205981666666
zone1,2017-07-05 01:00:00,30621.129568333334
zone1,2017-07-05 02:00:00,28939.269103333336
zone1,2017-07-05 03:00:00,28422.591361666666
zone1,2017-07-05 04:00:00,26378.20598
zone1,2017-07-05 05:00:00,22893.28903666667
zone1,2017-07-05 06:00:00,24131.827243333333
zone1,2017-07-05 07:00:00,26039.06976833333
zone1,2017-07-05 08:00:00,29515.481728333336
zone1,2017-07-05 09:00:00,33215.1495
zone1,2017-07-05 10:00:00,36416.212625
zone1,2017-07-05 11:00:00,38479.734220000006
zone1,2017-07-05 12:00:00,39785.24917
zone1,2017-07-05 13:00:00,39329.169433333336
zone1,2017-07-05 14:00:00,39270.697675
zone1,2017-07-05 15:00:00,38696.61129666667
zone1,2017-07-05 16:00:00,37885.448505
zone1,2017-07-05 17:00:00,37564.385383333334
zone1,2017-07-05 18:00:00,37223.12292166667
zone1,2017-07-05 19:00:00,41687.176081666665
zone1,2017-07-05 20:00:00,47436.544850000006
zone1,2017-07-05 21:00:00,46776.345515
zone1,2017-07-05 22:00:00,44720.26578166667
zone1,2017-07-05 23:00:00,39613.023255
zone1,2017-07-06 00:00:00,34706.710965
zone1,2017-07-06 01:00:00,31102.724253333334
zone1,2017-07-06 02:00:00,29233.754151666668
zone1,2017-07-06 03:00:00,28803.189368333333
zone1,2017-07-06 04:00:00,26704.584715
zone1,2017-07-06 05:00:00,23406.77741
zone1,2017-07-06 06:00:00,24314.684386666664
zone1,2017-07-06 07:00:00,26756.67774
zone1,2017-07-06 08:00:00,29501.661128333333
zone1,2017-07-06 09:00:00,33209.833888333334
zone1,2017-07-06 10:00:00,38903.92026666667
zone1,2017-07-06 11:00:00,41626.57807166667
zone1,2017-07-06 12:00:00,41947.641196666664
zone1,2017-07-06 13:00:00,41978.47176
zone1,2017-07-06 14:00:00,42170.89701166667
zone1,2017-07-06 15:00:00,41335.28239
zone1,2017-07-06 16:00:00,40014.883721666665
zone1,2017-07-06 17:00:00,36370.49834
zone1,2017-07-06 18:00:00,35895.28239166667
zone1,2017-07-06 19:00:00,40422.059799999995
zone1,2017-07-06 20:00:00,47075.08305833334
zone1,2017-07-06 21:00:00,45957.74086333333
zone1,2017-07-06 22:00:00,44175.94684333333
zone1,2017-07-06 23:00:00,39464.186045
zone1,2017-07-07 00:00:00,34244.252491666666
zone1,2017-07-07 01:00:00,30645.581396666665
zone1,2017-07-07 02:00:00,28881.860466666665
zone1,2017-07-07 03:00:00,28478.936878333334
zone1,2017-07-07 04:00:00,26377.14285666667
zone1,2017-07-07 05:00:00,22859.269101666665
zone1,2017-07-07 06:00:00,23832.026576666667
zone1,2017-07-07 07:00:00,26375.016611666666
zone1,2017-07-07 08:00:00,28960.531560000003
zone1,2017-07-07 09:00:00,32288.106310000003
zone1,2017-07-07 10:00:00,34313.355481666666
zone1,2017-07-07 11:00:00,29575.016611666666
zone1,2017-07-07 12:00:00,34616.345515
zone1,2017-07-07 13:00:00,37312.42525166667
zone1,2017-07-07 14:00:00,37257.142856666665
zone1,2017-07-07 15:00:00,36888.23920166666
zone1,2017-07-07 16:00:00,35562.524915
zone1,2017-07-07 17:00:00,34674.817275
zone1,2017-07-07 18:00:00,34703.521595
zone1,2017-07-07 19:00:00,38640.26578
zone1,2017-07-07 20:00:00,46107.641196666664
zone1,2017-07-07 21:00:00,45819.534885
zone1,2017-07-07 22:00:00,44016.478405
zone1,2017-07-07 23:00:00,39522.657805
zone1,2017-07-08 00:00:00,34444.119601666665
zone1,2017-07-08 01:00:00,30781.661129999997
zone1,2017-07-08 02:00:00,28918.006645
zone1,2017-07-08 03:00:00,28505.51495
zone1,2017-07-08 04:00:00,26688.637873333337
zone1,2017-07-08 05:00:00,23000.66445333333
zone1,2017-07-08 06:00:00,23739.534881666666
zone1,2017-07-08 07:00:00,25682.92358833333
zone1,2017-07-08 08:00:00,29432.558139999997
zone1,2017-07-08 09:00:00,33475.61461833333
zone1,2017-07-08 10:00:00,36348.172755
zone1,2017-07-08 11:00:00,38430.830565000004
zone1,2017-07-08 12:00:00,38627.508303333336
zone1,2017-07-08 13:00:00,37375.1495
zone1,2017-07-08 14:00:00,36774.48505166667
zone1,2017-07-08 15:00:00,36102.59136333333
zone1,2017-07-08 16:00:00,35444.518273333335
zone1,2017-07-08 17:00:00,35268.03986833333
zone1,2017-07-08 18:00:00,35470.03322333333
zone1,2017-07-08 19:00:00,39958.53820666667
zone1,2017-07-08 20:00:00,47147.375414999995
zone1,2017-07-08 21:00:00,46359.60133
zone1,2017-07-08 22:00:00,44114.285715000005
zone1,2017-07-08 23:00:00,39819.26910333333
zone1,2017-07-09 00:00:00,35047.97342166666
zone1,2017-07-09 01:00:00,31293.02325833333
zone1,2017-07-09 02:00:00,29357.07641166667
zone1,2017-07-09 03:00:00,28769.169435
zone1,2017-07-09 04:00:00,26556.810630000004
zone1,2017-07-09 05:00:00,21881.196013333334
zone1,2017-07-09 06:00:00,22242.657808333333
zone1,2017-07-09 07:00:00,23415.28239333333
zone1,2017-07-09 08:00:00,25462.857141666667
zone1,2017-07-09 09:00:00,28753.22259
zone1,2017-07-09 10:00:00,31975.548173333333
zone1,2017-07-09 11:00:00,34199.60132666666
zone1,2017-07-09 12:00:00,35430.697674999996
zone1,2017-07-09 13:00:00,36514.019935
zone1,2017-07-09 14:00:00,36130.23255666666
zone1,2017-07-09 15:00:00,35388.172758333334
zone1,2017-07-09 16:00:00,34575.94684166667
zone1,2017-07-09 17:00:00,32281.727575
zone1,2017-07-09 18:00:00,31398.272425
zone1,2017-07-09 19:00:00,35979.26910333333
zone1,2017-07-09 20:00:00,43803.85382166667
zone1,2017-07-09 21:00:00,43359.46843833334
zone1,2017-07-09 22:00:00,40316.81063166667
zone1,2017-07-09 23:00:00,36859.534883333334
zone1,2017-07-10 00:00:00,33398.006645
zone1,2017-07-10 01:00:00,30335.1495
zone1,2017-07-10 02:00:00,28754.285713333335
zone1,2017-07-10 03:00:00,28161.063123333337
zone1,2017-07-10 04:00:00,26828.970100000002
zone1,2017-07-10 05:00:00,23678.936878333334
zone1,2017-07-10 06:00:00,25097.142858333333
zone1,2017-07-10 07:00:00,27838.936875
zone1,2017-07-10 08:00:00,32196.677741666663
zone1,2017-07-10 09:00:00,32872.823918333335
zone1,2017-07-10 10:00:00,37233.754155
zone1,2017-07-10 11:00:00,39572.624586666665
zone1,2017-07-10 12:00:00,40462.458471666665
zone1,2017-07-10 13:00:00,40605.98006666666
zone1,2017-07-10 14:00:00,39913.887045
zone1,2017-07-10 15:00:00,38983.654485
zone1,2017-07-10 16:00:00,37841.860465
zone1,2017-07-10 17:00:00,36882.92358833334
zone1,2017-07-10 18:00:00,37005.18272333333
zone1,2017-07-10 19:00:00,41501.12956666666
zone1,2017-07-10 20:00:00,48333.82059833334
zone1,2017-07-10 21:00:00,47440.79734333333
zone1,2017-07-10 22:00:00,45075.34883833333
zone1,2017-07-10 23:00:00,40498.60465
zone1,2017-07-11 00:00:00,35495.548173333336
zone1,2017-07-11 01:00:00,31790.564785
zone1,2017-07-11 02:00:00,30139.53488333333
zone1,2017-07-11 03:00:00,29900.332226666666
zone1,2017-07-11 04:00:00,27693.289038333332
zone1,2017-07-11 05:00:00,24158.405315
zone1,2017-07-11 06:00:00,25673.35548166667
zone1,2017-07-11 07:00:00,28579.933555
zone1,2017-07-11 08:00:00,31824.584720000003
zone1,2017-07-11 09:00:00,35639.06976666667
zone1,2017-07-11 10:00:00,38696.611295
zone1,2017-07-11 11:00:00,40468.83721
zone1,2017-07-11 12:00:00,41759.46844
zone1,2017-07-11 13:00:00,40527.30896833333
zone1,2017-07-11 14:00:00,39897.94019833333
zone1,2017-07-11 15:00:00,38792.292356666665
zone1,2017-07-11 16:00:00,37791.89368666667
zone1,2017-07-11 17:00:00,36920.13289
zone1,2017-07-11 18:00:00,37220.99667833333
zone1,2017-07-11 19:00:00,41669.10298833333
zone1,2017-07-11 20:00:00,48277.47508333333
zone1,2017-07-11 21:00:00,47607.70764166667
zone1,2017-07-11 22:00:00,45404.91694333334
zone1,2017-07-11 23:00:00,40420.99667666667
zone1,2017-07-12 00:00:00,35515.74750666667
zone1,2017-07-12 01:00:00,31795.880398333335
zone1,2017-07-12 02:00:00,30066.17940333333
zone1,2017-07-12 03:00:00,29601.594685
zone1,2017-07-12 04:00:00,28154.684386666664
zone1,2017-07-12 05:00:00,24608.106311666666
zone1,2017-07-12 06:00:00,26010.365448333334
zone1,2017-07-12 07:00:00,28392.823921666666
zone1,2017-07-12 08:00:00,31567.308968333335
zone1,2017-07-12 09:00:00,35037.34219333334
zone1,2017-07-12 10:00:00,38601.993356666666
zone1,2017-07-12 11:00:00,41175.81395333334
zone1,2017-07-12 12:00:00,41800.930231666665
zone1,2017-07-12 13:00:00,41333.15614666667
zone1,2017-07-12 14:00:00,40979.136215
zone1,2017-07-12 15:00:00,40003.18937
zone1,2017-07-12 16:00:00,38657.27575
zone1,2017-07-12 17:00:00,37800.39867
zone1,2017-07-12 18:00:00,38009.833888333334
zone1,2017-07-12 19:00:00,42343.122923333336
zone1,2017-07-12 20:00:00,49516.013288333335
zone1,2017-07-12 21:00:00,48603.85382
zone1,2017-07-12 22:00:00,46186.31229333333
zone1,2017-07-12 23:00:00,40481.59468666667
zone1,2017-07-13 00:00:00,35439.20265666667
zone1,2017-07-13 01:00:00,32089.302326666668
zone1,2017-07-13 02:00:00,30579.667773333334
zone1,2017-07-13 03:00:00,30179.933555
zone1,2017-07-13 04:00:00,28340.730895
zone1,2017-07-13 05:00:00,24715.481726666665
zone1,2017-07-13 06:00:00,26034.81727666667
zone1,2017-07-13 07:00:00,28679.867108333332
zone1,2017-07-13 08:00:00,31487.57475166667
zone1,2017-07-13 09:00:00,35028.83720833333
zone1,2017-07-13 10:00:00,38329.83388666667
zone1,2017-07-13 11:00:00,41215.149503333334
zone1,2017-07-13 12:00:00,41550.033220000005
zone1,2017-07-13 13:00:00,40904.71760833333
zone1,2017-07-13 14:00:00,40586.84385333333
zone1,2017-07-13 15:00:00,39784.18604666667
zone1,2017-07-13 16:00:00,38661.52823833333
zone1,2017-07-13 17:00:00,37640.930231666665
zone1,2017-07-13 18:00:00,37790.830565000004
zone1,2017-07-13 19:00:00,42464.318934999996
zone1,2017-07-13 20:00:00,48285.98006833333
zone1,2017-07-13 21:00:00,47396.14618
zone1,2017-07-13 22:00:00,43998.405315
zone1,2017-07-13 23:00:00,41270.431894999994
zone1,2017-07-14 00:00:00,36106.84385333333
zone1,2017-07-14 01:00:00,32028.704318333334
zone1,2017-07-14 02:00:00,30025.78073166667
zone1,2017-07-14 03:00:00,29918.405315
zone1,2017-07-14 04:00:00,28620.332225000002
zone1,2017-07-14 05:00:00,23535.415281666665
zone1,2017-07-14 06:00:00,23240.930233333333
zone1,2017-07-14 07:00:00,25913.621261666663
zone1,2017-07-14 08:00:00,29073.222591666665
zone1,2017-07-14 09:00:00,32071.229236666666
zone1,2017-07-14 10:00:00,35468.97009833334
zone1,2017-07-14 11:00:00,37495.28239166667
zone1,2017-07-14 12:00:00,36262.059799999995
zone1,2017-07-14 13:00:00,36270.564783333335
zone1,2017-07-14 14:00:00,39032.55814166667
zone1,2017-07-14 15:00:00,41266.17940166667
zone1,2017-07-14 16:00:00,40442.25913833333
zone1,2017-07-14 17:00:00,35474.28571333334
zone1,2017-07-14 18:00:00,33525.58139666667
zone1,2017-07-14 19:00:00,37721.727575000004
zone1,2017-07-14 20:00:00,44447.04318833334
zone1,2017-07-14 21:00:00,43184.05315666667
zone1,2017-07-14 22:00:00,41004.65116166666
zone1,2017-07-14 23:00:00,36070.697674999996
zone1,2017-07-15 00:00:00,31709.767441666667
zone1,2017-07-15 01:00:00,28082.392024999997
zone1,2017-07-15 02:00:00,28507.641195
zone1,2017-07-15 03:00:00,29435.747508333337
zone1,2017-07-15 04:00:00,27796.411959999998
zone1,2017-07-15 05:00:00,24232.82392
zone1,2017-07-15 06:00:00,25151.362126666663
zone1,2017-07-15 07:00:00,26923.588040000002
zone1,2017-07-15 08:00:00,29889.700996666666
zone1,2017-07-15 09:00:00,33464.98339
zone1,2017-07-15 10:00:00,36438.538206666664
zone1,2017-07-15 11:00:00,38734.883721666665
zone1,2017-07-15 12:00:00,39767.176081666665
zone1,2017-07-15 13:00:00,39418.47176
zone1,2017-07-15 14:00:00,38718.93687666667
zone1,2017-07-15 15:00:00,37944.983388333334
zone1,2017-07-15 16:00:00,36976.47840666667
zone1,2017-07-15 17:00:00,36594.81727666667
zone1,2017-07-15 18:00:00,36498.07309
zone1,2017-07-15 19:00:00,41337.40863666667
zone1,2017-07-15 20:00:00,48894.08637833333
zone1,2017-07-15 21:00:00,48169.036545
zone1,2017-07-15 22:00:00,46263.920265
zone1,2017-07-15 23:00:00,41747.774085000005
zone1,2017-07-16 00:00:00,36998.803986666666
zone1,2017-07-16 01:00:00,33513.88704333333
zone1,2017-07-16 02:00:00,31423.787376666663
zone1,2017-07-16 03:00:00,30846.511631666668
zone1,2017-07-16 04:00:00,29165.714285
zone1,2017-07-16 05:00:00,25238.538205
zone1,2017-07-16 06:00:00,25427.774086666668
zone1,2017-07-16 07:00:00,26395.215946666667
zone1,2017-07-16 08:00:00,28347.109635
zone1,2017-07-16 09:00:00,31644.916945
zone1,2017-07-16 10:00:00,34283.58804
zone1,2017-07-16 11:00:00,35858.07308833333
zone1,2017-07-16 12:00:00,36502.32558166667
zone1,2017-07-16 13:00:00,36957.34219333334
zone1,2017-07-16 14:00:00,36389.63455166667
zone1,2017-07-16 15:00:00,35648.63787333333
zone1,2017-07-16 16:00:00,34681.196013333334
zone1,2017-07-16 17:00:00,34403.72093
zone1,2017-07-16 18:00:00,34884.252491666666
zone1,2017-07-16 19:00:00,40531.56146333334
zone1,2017-07-16 20:00:00,47317.47508333333
zone1,2017-07-16 21:00:00,47288.770763333334
zone1,2017-07-16 22:00:00,45100.863788333336
zone1,2017-07-16 23:00:00,40246.64452
zone1,2017-07-17 00:00:00,35405.18272333333
zone1,2017-07-17 01:00:00,31766.112958333335
zone1,2017-07-17 02:00:00,30073.621263333334
zone1,2017-07-17 03:00:00,29589.900331666668
zone1,2017-07-17 04:00:00,28344.983389999998
zone1,2017-07-17 05:00:00,24514.551496666667
zone1,2017-07-17 06:00:00,25213.023254999996
zone1,2017-07-17 07:00:00,27860.199335
zone1,2017-07-17 08:00:00,31737.408636666663
zone1,2017-07-17 09:00:00,35348.837211666665
zone1,2017-07-17 10:00:00,38595.614616666666
zone1,2017-07-17 11:00:00,40464.584716666664
zone1,2017-07-17 12:00:00,41462.857143333335
zone1,2017-07-17 13:00:00,41435.21594666667
zone1,2017-07-17 14:00:00,41192.82392166666
zone1,2017-07-17 15:00:00,39756.544851666666
zone1,2017-07-17 16:00:00,38998.53820666667
zone1,2017-07-17 17:00:00,37956.67774166667
zone1,2017-07-17 18:00:00,37938.60465
zone1,2017-07-17 19:00:00,43073.488371666666
zone1,2017-07-17 20:00:00,49288.50498333334
zone1,2017-07-17 21:00:00,48427.37541666667
zone1,2017-07-17 22:00:00,45766.37873999999
zone1,2017-07-17 23:00:00,40836.67774
zone1,2017-07-18 00:00:00,35638.006644999994
zone1,2017-07-18 01:00:00,32154.152823333334
zone1,2017-07-18 02:00:00,30257.54152833333
zone1,2017-07-18 03:00:00,30067.242524999998
zone1,2017-07-18 04:00:00,28514.01993166667
zone1,2017-07-18 05:00:00,24890.89701
zone1,2017-07-18 06:00:00,25654.21926833333
zone1,2017-07-18 07:00:00,27989.900331666664
zone1,2017-07-18 08:00:00,31729.96677833333
zone1,2017-07-18 09:00:00,35462.59136333333
zone1,2017-07-18 10:00:00,39289.83388666667
zone1,2017-07-18 11:00:00,41318.272424999996
zone1,2017-07-18 12:00:00,41591.49501333333
zone1,2017-07-18 13:00:00,41957.20930166667
zone1,2017-07-18 14:00:00,41474.55149666667
zone1,2017-07-18 15:00:00,40624.053155
zone1,2017-07-18 16:00:00,39030.431895
zone1,2017-07-18 17:00:00,38313.887045
zone1,2017-07-18 18:00:00,38768.903653333335
zone1,2017-07-18 19:00:00,43771.960133333334
zone1,2017-07-18 20:00:00,49124.78405333334
zone1,2017-07-18 21:00:00,48569.83388666667
zone1,2017-07-18 22:00:00,46250.099668333336
zone1,2017-07-18 23:00:00,41352.29235833333
zone1,2017-07-19 00:00:00,35450.89701
zone1,2017-07-19 01:00:00,32384.850496666666
zone1,2017-07-19 02:00:00,30379.80066333333
zone1,2017-07-19 03:00:00,30477.607975000003
zone1,2017-07-19 04:00:00,28784.053156666665
zone1,2017-07-19 05:00:00,24961.063123333337
zone1,2017-07-19 06:00:00,25592.558139999997
zone1,2017-07-19 07:00:00,28356.67774
zone1,2017-07-19 08:00:00,32113.75415333333
zone1,2017-07-19 09:00:00,35967.57475166667
zone1,2017-07-19 10:00:00,39877.740865
zone1,2017-07-19 11:00:00,42706.71096333334
zone1,2017-07-19 12:00:00,43690.099664999994
zone1,2017-07-19 13:00:00,42538.73754166667
zone1,2017-07-19 14:00:00,42869.36877166667
zone1,2017-07-19 15:00:00,41788.17275666667
zone1,2017-07-19 16:00:00,40535.81395333333
zone1,2017-07-19 17:00:00,39931.960135
zone1,2017-07-19 18:00:00,39880.930231666665
zone1,2017-07-19 19:00:00,44465.116279999995
zone1,2017-07-19 20:00:00,50965.04983333333
zone1,2017-07-19 21:00:00,49003.58804
zone1,2017-07-19 22:00:00,44995.61462
zone1,2017-07-19 23:00:00,40585.78072833333
zone1,2017-07-20 00:00:00,36900.99667666667
zone1,2017-07-20 01:00:00,32441.196014999998
zone1,2017-07-20 02:00:00,29884.385381666667
zone1,2017-07-20 03:00:00,30225.647841666665
zone1,2017-07-20 04:00:00,28726.64451833333
zone1,2017-07-20 05:00:00,24551.76079666667
zone1,2017-07-20 06:00:00,24207.308966666664
zone1,2017-07-20 07:00:00,28133.421926666666
zone1,2017-07-20 08:00:00,31672.558138333334
zone1,2017-07-20 09:00:00,35359.468440000004
zone1,2017-07-20 10:00:00,38443.588038333335
zone1,2017-07-20 11:00:00,40652.757475
zone1,2017-07-20 12:00:00,41486.245846666665
zone1,2017-07-20 13:00:00,41346.97674666667
zone1,2017-07-20 14:00:00,40419.933555
zone1,2017-07-20 15:00:00,39566.24584833333
zone1,2017-07-20 16:00:00,38281.993355
zone1,2017-07-20 17:00:00,37624.983388333334
zone1,2017-07-20 18:00:00,37663.25581333333
zone1,2017-07-20 19:00:00,42356.94352166667
zone1,2017-07-20 20:00:00,48625.116278333335
zone1,2017-07-20 21:00:00,47615.14950333333
zone1,2017-07-20 22:00:00,45054.08637833333
zone1,2017-07-20 23:00:00,40200.930231666665
zone1,2017-07-21 00:00:00,35176.611295
zone1,2017-07-21 01:00:00,31395.083056666666
zone1,2017-07-21 02:00:00,29600.53156
zone1,2017-07-21 03:00:00,28937.14285666667
zone1,2017-07-21 04:00:00,27627.375415
zone1,2017-07-21 05:00:00,23459.933553333332
zone1,2017-07-21 06:00:00,24425.249168333336
zone1,2017-07-21 07:00:00,26980.996675000002
zone1,2017-07-21 08:00:00,30620.066446666664
zone1,2017-07-21 09:00:00,34247.441861666666
zone1,2017-07-21 10:00:00,37211.42857166667
zone1,2017-07-21 11:00:00,38898.60465166667
zone1,2017-07-21 12:00:00,37908.83721
zone1,2017-07-21 13:00:00,38310.697675
zone1,2017-07-21 14:00:00,38372.358805
zone1,2017-07-21 15:00:00,37702.59136333333
zone1,2017-07-21 16:00:00,36894.61794
zone1,2017-07-21 17:00:00,36156.81063
zone1,2017-07-21 18:00:00,36404.51827166667
zone1,2017-07-21 19:00:00,41352.29235833333
zone1,2017-07-21 20:00:00,48003.18936833334
zone1,2017-07-21 21:00:00,47288.770763333334
zone1,2017-07-21 22:00:00,44858.47176166667
zone1,2017-07-21 23:00:00,39877.74086333333
zone1,2017-07-22 00:00:00,34645.04983333333
zone1,2017-07-22 01:00:00,31436.544850000002
zone1,2017-07-22 02:00:00,29534.617941666667
zone1,2017-07-22 03:00:00,29279.46844
zone1,2017-07-22 04:00:00,27578.471758333337
zone1,2017-07-22 05:00:00,23365.315613333336
zone1,2017-07-22 06:00:00,23704.451826666667
zone1,2017-07-22 07:00:00,25704.18604666667
zone1,2017-07-22 08:00:00,29077.475081666667
zone1,2017-07-22 09:00:00,33281.06312333333
zone1,2017-07-22 10:00:00,36316.27907
zone1,2017-07-22 11:00:00,38097.009966666665
zone1,2017-07-22 12:00:00,38430.830566666664
zone1,2017-07-22 13:00:00,38796.54484833334
zone1,2017-07-22 14:00:00,38469.10298833333
zone1,2017-07-22 15:00:00,37599.468440000004
zone1,2017-07-22 16:00:00,36992.42524833333
zone1,2017-07-22 17:00:00,36504.451826666664
zone1,2017-07-22 18:00:00,36638.405315
zone1,2017-07-22 19:00:00,41923.18936833333
zone1,2017-07-22 20:00:00,48284.91694333334
zone1,2017-07-22 21:00:00,46555.215945
zone1,2017-07-22 22:00:00,44394.95016666667
zone1,2017-07-22 23:00:00,39858.60465166667
zone1,2017-07-23 00:00:00,35161.727575000004
zone1,2017-07-23 01:00:00,31565.182725000002
zone1,2017-07-23 02:00:00,29419.80066333333
zone1,2017-07-23 03:00:00,28897.80731
zone1,2017-07-23 04:00:00,27155.348836666668
zone1,2017-07-23 05:00:00,22892.22591166667
zone1,2017-07-23 06:00:00,22746.578071666667
zone1,2017-07-23 07:00:00,23940.46511666667
zone1,2017-07-23 08:00:00,26100.730896666664
zone1,2017-07-23 09:00:00,29397.475083333335
zone1,2017-07-23 10:00:00,32210.49833833333
zone1,2017-07-23 11:00:00,34497.27574833333
zone1,2017-07-23 12:00:00,35067.109635
zone1,2017-07-23 13:00:00,36160.0
zone1,2017-07-23 14:00:00,35332.89036666667
zone1,2017-07-23 15:00:00,34722.65781
zone1,2017-07-23 16:00:00,34310.16611333333
zone1,2017-07-23 17:00:00,33999.73422
zone1,2017-07-23 18:00:00,34421.79402
zone1,2017-07-23 19:00:00,40285.98006666666
zone1,2017-07-23 20:00:00,47569.435216666665
zone1,2017-07-23 21:00:00,47414.219268333334
zone1,2017-07-23 22:00:00,45268.83721
zone1,2017-07-23 23:00:00,40749.50166
zone1,2017-07-24 00:00:00,35715.614616666666
zone1,2017-07-24 01:00:00,32415.681063333333
zone1,2017-07-24 02:00:00,30632.82392
zone1,2017-07-24 03:00:00,30133.156146666664
zone1,2017-07-24 04:00:00,28855.282391666668
zone1,2017-07-24 05:00:00,24911.096344999998
zone1,2017-07-24 06:00:00,26034.817274999998
zone1,2017-07-24 07:00:00,28724.518271666664
zone1,2017-07-24 08:00:00,32126.511628333334
zone1,2017-07-24 09:00:00,35996.27907
zone1,2017-07-24 10:00:00,39638.538205
zone1,2017-07-24 11:00:00,41926.378736666666
zone1,2017-07-24 12:00:00,42940.59800666667
zone1,2017-07-24 13:00:00,43096.877076666664
zone1,2017-07-24 14:00:00,42538.73754166667
zone1,2017-07-24 15:00:00,41477.740865
zone1,2017-07-24 16:00:00,40208.37209166667
zone1,2017-07-24 17:00:00,40002.126245
zone1,2017-07-24 18:00:00,40194.551495
zone1,2017-07-24 19:00:00,44969.036545
zone1,2017-07-24 20:00:00,51138.33887166667
zone1,2017-07-24 21:00:00,49812.62458333333
zone1,2017-07-24 22:00:00,47126.11295833333
zone1,2017-07-24 23:00:00,42423.920265
zone1,2017-07-25 00:00:00,37492.093023333335
zone1,2017-07-25 01:00:00,33584.05315666667
zone1,2017-07-25 02:00:00,31520.531561666667
zone1,2017-07-25 03:00:00,31212.225913333332
zone1,2017-07-25 04:00:00,29924.784053333333
zone1,2017-07-25 05:00:00,25877.475085
zone1,2017-07-25 06:00:00,26305.913623333337
zone1,2017-07-25 07:00:00,28849.96677833333
zone1,2017-07-25 08:00:00,32895.14950166667
zone1,2017-07-25 09:00:00,37436.81063166667
zone1,2017-07-25 10:00:00,40453.95349
zone1,2017-07-25 11:00:00,42584.451826666664
zone1,2017-07-25 12:00:00,43161.727575000004
zone1,2017-07-25 13:00:00,43105.38206166666
zone1,2017-07-25 14:00:00,42854.485049999996
zone1,2017-07-25 15:00:00,41777.54152666667
zone1,2017-07-25 16:00:00,40279.60132833334
zone1,2017-07-25 17:00:00,39588.57143
zone1,2017-07-25 18:00:00,39809.70099666667
zone1,2017-07-25 19:00:00,44404.51827166667
zone1,2017-07-25 20:00:00,50886.378736666666
zone1,2017-07-25 21:00:00,49523.45515
zone1,2017-07-25 22:00:00,47113.355481666666
zone1,2017-07-25 23:00:00,42156.01329166667
zone1,2017-07-26 00:00:00,37244.385383333334
zone1,2017-07-26 01:00:00,33585.116278333335
zone1,2017-07-26 02:00:00,31513.089701666668
zone1,2017-07-26 03:00:00,31183.521595
zone1,2017-07-26 04:00:00,30105.51495
zone1,2017-07-26 05:00:00,25922.126245000003
zone1,2017-07-26 06:00:00,26844.916945
zone1,2017-07-26 07:00:00,29318.803986666666
zone1,2017-07-26 08:00:00,32865.382059999996
zone1,2017-07-26 09:00:00,36293.95349
zone1,2017-07-26 10:00:00,40136.079735
zone1,2017-07-26 11:00:00,41902.99003166667
zone1,2017-07-26 12:00:00,43012.890365
zone1,2017-07-26 13:00:00,42575.94684333333
zone1,2017-07-26 14:00:00,42213.42192666667
zone1,2017-07-26 15:00:00,41034.418601666664
zone1,2017-07-26 16:00:00,39773.55481666666
zone1,2017-07-26 17:00:00,38708.30565
zone1,2017-07-26 18:00:00,39064.451826666664
zone1,2017-07-26 19:00:00,44260.99667833333
zone1,2017-07-26 20:00:00,50546.1794
zone1,2017-07-26 21:00:00,49365.04983166666
zone1,2017-07-26 22:00:00,46691.29568
zone1,2017-07-26 23:00:00,41908.305648333335
zone1,2017-07-27 00:00:00,36755.34883833333
zone1,2017-07-27 01:00:00,33223.65448333333
zone1,2017-07-27 02:00:00,31222.857145
zone1,2017-07-27 03:00:00,30814.61794
zone1,2017-07-27 04:00:00,29879.069766666667
zone1,2017-07-27 05:00:00,25787.109636666664
zone1,2017-07-27 06:00:00,26443.056478333336
zone1,2017-07-27 07:00:00,29538.870431666666
zone1,2017-07-27 08:00:00,33088.63787333333
zone1,2017-07-27 09:00:00,37207.17608
zone1,2017-07-27 10:00:00,40415.68106333333
zone1,2017-07-27 11:00:00,42103.92026666666
zone1,2017-07-27 12:00:00,43142.59136
zone1,2017-07-27 13:00:00,42810.89701
zone1,2017-07-27 14:00:00,42401.594685
zone1,2017-07-27 15:00:00,41333.156145
zone1,2017-07-27 16:00:00,40147.774085000005
zone1,2017-07-27 17:00:00,39228.172758333334
zone1,2017-07-27 18:00:00,39397.20930166667
zone1,2017-07-27 19:00:00,44782.990033333335
zone1,2017-07-27 20:00:00,50973.55481666666
zone1,2017-07-27 21:00:00,49683.98671
zone1,2017-07-27 22:00:00,46999.60132833334
zone1,2017-07-27 23:00:00,42360.13289166667
zone1,2017-07-28 00:00:00,37245.44850666667
zone1,2017-07-28 01:00:00,33682.92358833333
zone1,2017-07-28 02:00:00,31615.149501666663
zone1,2017-07-28 03:00:00,31051.694351666665
zone1,2017-07-28 04:00:00,30000.265781666665
zone1,2017-07-28 05:00:00,25748.837209999998
zone1,2017-07-28 06:00:00,26322.923590000002
zone1,2017-07-28 07:00:00,28519.335548333333
zone1,2017-07-28 08:00:00,33006.777408333335
zone1,2017-07-28 09:00:00,36858.47176166667
zone1,2017-07-28 10:00:00,39634.285715
zone1,2017-07-28 11:00:00,41521.32890166667
zone1,2017-07-28 12:00:00,40666.57807333333
zone1,2017-07-28 13:00:00,41160.93023333333
zone1,2017-07-28 14:00:00,41491.561461666664
zone1,2017-07-28 15:00:00,40852.62458333333
zone1,2017-07-28 16:00:00,40159.46843666667
zone1,2017-07-28 17:00:00,39231.36212666667
zone1,2017-07-28 18:00:00,39297.27574833333
zone1,2017-07-28 19:00:00,44128.10631166666
zone1,2017-07-28 20:00:00,49604.25249333333
zone1,2017-07-28 21:00:00,48818.60465166666
zone1,2017-07-28 22:00:00,46778.471763333335
zone1,2017-07-28 23:00:00,42511.096345
zone1,2017-07-29 00:00:00,37452.757475
zone1,2017-07-29 01:00:00,33663.78737333333
zone1,2017-07-29 02:00:00,31474.817274999998
zone1,2017-07-29 03:00:00,30683.85382
zone1,2017-07-29 04:00:00,29916.279071666668
zone1,2017-07-29 05:00:00,25597.873754999997
zone1,2017-07-29 06:00:00,26156.013290000003
zone1,2017-07-29 07:00:00,28440.664451666667
zone1,2017-07-29 08:00:00,32273.222591666665
zone1,2017-07-29 09:00:00,36508.70431833334
zone1,2017-07-29 10:00:00,39515.21594666666
zone1,2017-07-29 11:00:00,41688.23920333334
zone1,2017-07-29 12:00:00,41712.691029999994
zone1,2017-07-29 13:00:00,41749.90033
zone1,2017-07-29 14:00:00,41375.68106333333
zone1,2017-07-29 15:00:00,40297.674418333336
zone1,2017-07-29 16:00:00,39503.521595
zone1,2017-07-29 17:00:00,39355.74751
zone1,2017-07-29 18:00:00,39672.55814
zone1,2017-07-29 19:00:00,45331.56146333334
zone1,2017-07-29 20:00:00,51010.76412
zone1,2017-07-29 21:00:00,49385.249169999996
zone1,2017-07-29 22:00:00,46701.92691
zone1,2017-07-29 23:00:00,42551.49501666667
zone1,2017-07-30 00:00:00,37830.16611333333
zone1,2017-07-30 01:00:00,34045.448505
zone1,2017-07-30 02:00:00,31758.671098333332
zone1,2017-07-30 03:00:00,31016.611296666666
zone1,2017-07-30 04:00:00,29746.179399999997
zone1,2017-07-30 05:00:00,25171.561461666668
zone1,2017-07-30 06:00:00,24716.544850000002
zone1,2017-07-30 07:00:00,25874.285715
zone1,2017-07-30 08:00:00,28622.45847166667
zone1,2017-07-30 09:00:00,32111.627906666665
zone1,2017-07-30 10:00:00,35135.14950166667
zone1,2017-07-30 11:00:00,37273.089701666664
zone1,2017-07-30 12:00:00,37771.69435333333
zone1,2017-07-30 13:00:00,37873.754153333335
zone1,2017-07-30 14:00:00,37479.335548333336
zone1,2017-07-30 15:00:00,36505.51494833333
zone1,2017-07-30 16:00:00,35689.03654666666
zone1,2017-07-30 17:00:00,35845.31561666667
zone1,2017-07-30 18:00:00,36334.352158333335
zone1,2017-07-30 19:00:00,42446.245846666665
zone1,2017-07-30 20:00:00,48769.700998333334
zone1,2017-07-30 21:00:00,48140.332225
zone1,2017-07-30 22:00:00,46432.95681
zone1,2017-07-30 23:00:00,42944.85049833333
zone1,2017-07-31 00:00:00,38112.95681
zone1,2017-07-31 01:00:00,34047.57474833333
zone1,2017-07-31 02:00:00,31840.531563333334
zone1,2017-07-31 03:00:00,31367.441860000003
zone1,2017-07-31 04:00:00,30401.063123333337
zone1,2017-07-31 05:00:00,26149.634551666666
zone1,2017-07-31 06:00:00,27049.036546666666
zone1,2017-07-31 07:00:00,29553.754155000002
zone1,2017-07-31 08:00:00,33378.87043166667
zone1,2017-07-31 09:00:00,37141.26245833333
zone1,2017-07-31 10:00:00,40480.53156333333
zone1,2017-07-31 11:00:00,42362.25913666667
zone1,2017-07-31 12:00:00,43308.438538333336
zone1,2017-07-31 13:00:00,43062.857145
zone1,2017-07-31 14:00:00,42768.37209333333
zone1,2017-07-31 15:00:00,42116.67774166667
zone1,2017-07-31 16:00:00,40607.043190000004
zone1,2017-07-31 17:00:00,39484.38538166667
zone1,2017-07-31 18:00:00,39218.60465
zone1,2017-07-31 19:00:00,45099.800664999995
zone1,2017-07-31 20:00:00,50505.78073
zone1,2017-07-31 21:00:00,49439.46844
zone1,2017-07-31 22:00:00,46555.215945
zone1,2017-07-31 23:00:00,42014.617941666664
zone1,2017-08-01 00:00:00,36791.12097833333
zone1,2017-08-01 01:00:00,33451.897893333335
zone1,2017-08-01 02:00:00,31316.670364999998
zone1,2017-08-01 03:00:00,31023.662596666665
zone1,2017-08-01 04:00:00,30187.258601666665
zone1,2017-08-01 05:00:00,26015.893451666667
zone1,2017-08-01 06:00:00,26656.24861
zone1,2017-08-01 07:00:00,29225.127636666668
zone1,2017-08-01 08:00:00,32896.781355
zone1,2017-08-01 09:00:00,36175.27191833333
zone1,2017-08-01 10:00:00,39394.09545
zone1,2017-08-01 11:00:00,41501.62042
zone1,2017-08-01 12:00:00,42391.298558333336
zone1,2017-08-01 13:00:00,42058.867925
zone1,2017-08-01 14:00:00,41954.45061
zone1,2017-08-01 15:00:00,40960.35516
zone1,2017-08-01 16:00:00,39469.744726666664
zone1,2017-08-01 17:00:00,38340.332963333334
zone1,2017-08-01 18:00:00,38254.028856666664
zone1,2017-08-01 19:00:00,44382.685905
zone1,2017-08-01 20:00:00,49336.11542666666
zone1,2017-08-01 21:00:00,47791.16537166667
zone1,2017-08-01 22:00:00,44839.778025
zone1,2017-08-01 23:00:00,39844.79467333333
zone1,2017-08-02 00:00:00,34744.328525
zone1,2017-08-02 01:00:00,31278.312985
zone1,2017-08-02 02:00:00,29463.795783333335
zone1,2017-08-02 03:00:00,29032.275250000002
zone1,2017-08-02 04:00:00,28287.50277333333
zone1,2017-08-02 05:00:00,24196.048834999998
zone1,2017-08-02 06:00:00,24696.825748333333
zone1,2017-08-02 07:00:00,28007.28079666667
zone1,2017-08-02 08:00:00,31930.38845833333
zone1,2017-08-02 09:00:00,35996.27081166667
zone1,2017-08-02 10:00:00,39730.78801333333
zone1,2017-08-02 11:00:00,41268.27969
zone1,2017-08-02 12:00:00,42070.588234999996
zone1,2017-08-02 13:00:00,42315.649280000005
zone1,2017-08-02 14:00:00,41510.144284999995
zone1,2017-08-02 15:00:00,40338.11320833333
zone1,2017-08-02 16:00:00,39556.048833333334
zone1,2017-08-02 17:00:00,38744.15094166667
zone1,2017-08-02 18:00:00,38975.36071166667
zone1,2017-08-02 19:00:00,44991.076581666675
zone1,2017-08-02 20:00:00,49962.61931166667
zone1,2017-08-02 21:00:00,48690.43285166667
zone1,2017-08-02 22:00:00,45801.90899
zone1,2017-08-02 23:00:00,41082.885683333334
zone1,2017-08-03 00:00:00,36032.49722666667
zone1,2017-08-03 01:00:00,32465.26082
zone1,2017-08-03 02:00:00,30193.651498333333
zone1,2017-08-03 03:00:00,29975.227525
zone1,2017-08-03 04:00:00,29406.25971
zone1,2017-08-03 05:00:00,25189.078801666667
zone1,2017-08-03 06:00:00,25650.43285166667
zone1,2017-08-03 07:00:00,28447.325193333334
zone1,2017-08-03 08:00:00,32197.82463833333
zone1,2017-08-03 09:00:00,36388.36848
zone1,2017-08-03 10:00:00,40147.391788333334
zone1,2017-08-03 11:00:00,42246.392896666664
zone1,2017-08-03 12:00:00,38313.69589166667
zone1,2017-08-03 13:00:00,41434.49500833333
zone1,2017-08-03 14:00:00,41083.951165
zone1,2017-08-03 15:00:00,40048.301885
zone1,2017-08-03 16:00:00,38937.00333166667
zone1,2017-08-03 17:00:00,38948.72364333333
zone1,2017-08-03 18:00:00,38498.024418333334
zone1,2017-08-03 19:00:00,44426.3707
zone1,2017-08-03 20:00:00,49322.26415
zone1,2017-08-03 21:00:00,47805.01664833334
zone1,2017-08-03 22:00:00,45279.82241833333
zone1,2017-08-03 23:00:00,40848.47946833333
zone1,2017-08-04 00:00:00,35917.42508166667
zone1,2017-08-04 01:00:00,32082.752496666668
zone1,2017-08-04 02:00:00,30232.008879999998
zone1,2017-08-04 03:00:00,29373.229745
zone1,2017-08-04 04:00:00,28909.744726666668
zone1,2017-08-04 05:00:00,24926.97003333333
zone1,2017-08-04 06:00:00,24948.27969
zone1,2017-08-04 07:00:00,27792.053275
zone1,2017-08-04 08:00:00,31667.214206666667
zone1,2017-08-04 09:00:00,35580.73252
zone1,2017-08-04 10:00:00,39073.38512833333
zone1,2017-08-04 11:00:00,41595.382906666666
zone1,2017-08-04 12:00:00,40636.448391666665
zone1,2017-08-04 13:00:00,40342.37513833334
zone1,2017-08-04 14:00:00,40809.056605
zone1,2017-08-04 15:00:00,41057.31409666667
zone1,2017-08-04 16:00:00,40152.7192
zone1,2017-08-04 17:00:00,39207.63596166667
zone1,2017-08-04 18:00:00,39175.67147666666
zone1,2017-08-04 19:00:00,45227.61376166667
zone1,2017-08-04 20:00:00,50108.59045333334
zone1,2017-08-04 21:00:00,48950.410658333334
zone1,2017-08-04 22:00:00,46435.871255
zone1,2017-08-04 23:00:00,41728.56825833333
zone1,2017-08-05 00:00:00,36878.490565
zone1,2017-08-05 01:00:00,33219.62264166667
zone1,2017-08-05 02:00:00,31009.811321666668
zone1,2017-08-05 03:00:00,30251.187571666665
zone1,2017-08-05 04:00:00,29863.35183
zone1,2017-08-05 05:00:00,25795.338511666665
zone1,2017-08-05 06:00:00,25955.160933333333
zone1,2017-08-05 07:00:00,27991.298556666665
zone1,2017-08-05 08:00:00,31878.179799999998
zone1,2017-08-05 09:00:00,35867.34739166666
zone1,2017-08-05 10:00:00,38787.83573833333
zone1,2017-08-05 11:00:00,40778.15760333333
zone1,2017-08-05 12:00:00,40839.955605
zone1,2017-08-05 13:00:00,40935.849055
zone1,2017-08-05 14:00:00,40437.20310666667
zone1,2017-08-05 15:00:00,39492.119868333335
zone1,2017-08-05 16:00:00,38653.584905
zone1,2017-08-05 17:00:00,38509.74473
zone1,2017-08-05 18:00:00,38901.84239666667
zone1,2017-08-05 19:00:00,45728.39067666667
zone1,2017-08-05 20:00:00,50614.69478166667
zone1,2017-08-05 21:00:00,49462.90787833333
zone1,2017-08-05 22:00:00,46862.06437166667
zone1,2017-08-05 23:00:00,42648.07991
zone1,2017-08-06 00:00:00,37693.584905
zone1,2017-08-06 01:00:00,34368.21309666667
zone1,2017-08-06 02:00:00,31902.68590333333
zone1,2017-08-06 03:00:00,31213.31853666667
zone1,2017-08-06 04:00:00,30740.244175
zone1,2017-08-06 05:00:00,26009.500555000002
zone1,2017-08-06 06:00:00,25445.86015333333
zone1,2017-08-06 07:00:00,25657.891233333332
zone1,2017-08-06 08:00:00,27652.47503
zone1,2017-08-06 09:00:00,30480.266369999998
zone1,2017-08-06 10:00:00,33313.385128333335
zone1,2017-08-06 11:00:00,38240.177579999996
zone1,2017-08-06 12:00:00,38794.228635
zone1,2017-08-06 13:00:00,39289.67813666667
zone1,2017-08-06 14:00:00,38647.19201
zone1,2017-08-06 15:00:00,37670.144284999995
zone1,2017-08-06 16:00:00,37516.71476166666
zone1,2017-08-06 17:00:00,37721.28746
zone1,2017-08-06 18:00:00,34942.508325
zone1,2017-08-06 19:00:00,39190.58823666667
zone1,2017-08-06 20:00:00,44288.92341833334
zone1,2017-08-06 21:00:00,43363.018866666665
zone1,2017-08-06 22:00:00,40965.682575
zone1,2017-08-06 23:00:00,37139.53385166667
zone1,2017-08-07 00:00:00,33870.63262833333
zone1,2017-08-07 01:00:00,31967.680355
zone1,2017-08-07 02:00:00,30318.312986666668
zone1,2017-08-07 03:00:00,29645.993341666664
zone1,2017-08-07 04:00:00,27880.488348333336
zone1,2017-08-07 05:00:00,24652.075471666667
zone1,2017-08-07 06:00:00,25477.824641666666
zone1,2017-08-07 07:00:00,28250.210876666668
zone1,2017-08-07 08:00:00,32027.347391666666
zone1,2017-08-07 09:00:00,36363.862375000004
zone1,2017-08-07 10:00:00,39154.36181833333
zone1,2017-08-07 11:00:00,41666.77025666666
zone1,2017-08-07 12:00:00,43943.70699333333
zone1,2017-08-07 13:00:00,43811.58712666667
zone1,2017-08-07 14:00:00,43059.35627166667
zone1,2017-08-07 15:00:00,42235.73806833333
zone1,2017-08-07 16:00:00,40913.47391833334
zone1,2017-08-07 17:00:00,40250.743618333334
zone1,2017-08-07 18:00:00,40875.116538333335
zone1,2017-08-07 19:00:00,47799.68923333334
zone1,2017-08-07 20:00:00,51844.26193166667
zone1,2017-08-07 21:00:00,50174.65038666667
zone1,2017-08-07 22:00:00,47120.97669166666
zone1,2017-08-07 23:00:00,42600.133186666666
zone1,2017-08-08 00:00:00,37819.311878333334
zone1,2017-08-08 01:00:00,34177.491676666665
zone1,2017-08-08 02:00:00,31870.72142
zone1,2017-08-08 03:00:00,30893.673695
zone1,2017-08-08 04:00:00,30747.702553333333
zone1,2017-08-08 05:00:00,26667.968923333334
zone1,2017-08-08 06:00:00,27014.250833333335
zone1,2017-08-08 07:00:00,30485.593785
zone1,2017-08-08 08:00:00,33822.685905
zone1,2017-08-08 09:00:00,37966.348503333335
zone1,2017-08-08 10:00:00,41257.62486166666
zone1,2017-08-08 11:00:00,43060.421753333336
zone1,2017-08-08 12:00:00,43452.519425
zone1,2017-08-08 13:00:00,43682.66370833333
zone1,2017-08-08 14:00:00,42250.654826666665
zone1,2017-08-08 15:00:00,39029.70033166667
zone1,2017-08-08 16:00:00,37978.068811666664
zone1,2017-08-08 17:00:00,39134.117646666666
zone1,2017-08-08 18:00:00,41206.481686666666
zone1,2017-08-08 19:00:00,47702.730298333336
zone1,2017-08-08 20:00:00,51192.18645833334
zone1,2017-08-08 21:00:00,49672.80799333333
zone1,2017-08-08 22:00:00,46693.71809
zone1,2017-08-08 23:00:00,41824.461708333336
zone1,2017-08-09 00:00:00,36727.19201
zone1,2017-08-09 01:00:00,33194.051053333336
zone1,2017-08-09 02:00:00,30845.726968333332
zone1,2017-08-09 03:00:00,30113.74028833333
zone1,2017-08-09 04:00:00,29853.762488333334
zone1,2017-08-09 05:00:00,24946.148723333332
zone1,2017-08-09 06:00:00,23801.8202
zone1,2017-08-09 07:00:00,29628.945616666664
zone1,2017-08-09 08:00:00,33114.139845
zone1,2017-08-09 09:00:00,33408.21309666667
zone1,2017-08-09 10:00:00,35817.2697
zone1,2017-08-09 11:00:00,40091.98668166667
zone1,2017-08-09 12:00:00,41692.34184166667
zone1,2017-08-09 13:00:00,42182.46392833333
zone1,2017-08-09 14:00:00,41552.763596666664
zone1,2017-08-09 15:00:00,40911.34295166667
zone1,2017-08-09 16:00:00,40030.188676666665
zone1,2017-08-09 17:00:00,39069.123195
zone1,2017-08-09 18:00:00,39016.91454
zone1,2017-08-09 19:00:00,45767.81354166666
zone1,2017-08-09 20:00:00,49142.19755833333
zone1,2017-08-09 21:00:00,47061.30965666667
zone1,2017-08-09 22:00:00,44161.06548333333
zone1,2017-08-09 23:00:00,39287.54716833333
zone1,2017-08-10 00:00:00,34319.200886666666
zone1,2017-08-10 01:00:00,31315.604883333333
zone1,2017-08-10 02:00:00,29160.133185
zone1,2017-08-10 03:00:00,28483.551608333335
zone1,2017-08-10 04:00:00,28310.943395
zone1,2017-08-10 05:00:00,24120.399556666667
zone1,2017-08-10 06:00:00,24061.798003333333
zone1,2017-08-10 07:00:00,26983.35183
zone1,2017-08-10 08:00:00,30386.503885000002
zone1,2017-08-10 09:00:00,32472.719198333332
zone1,2017-08-10 10:00:00,37997.24750333333
zone1,2017-08-10 11:00:00,41625.216425
zone1,2017-08-10 12:00:00,42071.65372
zone1,2017-08-10 13:00:00,42170.743615
zone1,2017-08-10 14:00:00,41669.96670333333
zone1,2017-08-10 15:00:00,40749.389565
zone1,2017-08-10 16:00:00,39368.52386166667
zone1,2017-08-10 17:00:00,38433.02996666666
zone1,2017-08-10 18:00:00,39052.07547166666
zone1,2017-08-10 19:00:00,46907.88013333333
zone1,2017-08-10 20:00:00,50597.64705833333
zone1,2017-08-10 21:00:00,48869.43396166666
zone1,2017-08-10 22:00:00,45410.876801666665
zone1,2017-08-10 23:00:00,40747.258603333335
zone1,2017-08-11 00:00:00,35935.538291666664
zone1,2017-08-11 01:00:00,32408.790234999997
zone1,2017-08-11 02:00:00,30428.05771166667
zone1,2017-08-11 03:00:00,29801.55383
zone1,2017-08-11 04:00:00,30014.650388333335
zone1,2017-08-11 05:00:00,25905.083241666667
zone1,2017-08-11 06:00:00,25520.443951666664
zone1,2017-08-11 07:00:00,28023.263043333336
zone1,2017-08-11 08:00:00,31751.387345
zone1,2017-08-11 09:00:00,35495.49389666667
zone1,2017-08-11 10:00:00,38647.19200666667
zone1,2017-08-11 11:00:00,40481.95338333333
zone1,2017-08-11 12:00:00,39581.62042166667
zone1,2017-08-11 13:00:00,39728.65704666667
zone1,2017-08-11 14:00:00,39433.51831166667
zone1,2017-08-11 15:00:00,39071.254161666664
zone1,2017-08-11 16:00:00,38129.36736833333
zone1,2017-08-11 17:00:00,37319.60044333333
zone1,2017-08-11 18:00:00,37512.45283166666
zone1,2017-08-11 19:00:00,45407.68035333333
zone1,2017-08-11 20:00:00,48787.39178666667
zone1,2017-08-11 21:00:00,47476.84794666667
zone1,2017-08-11 22:00:00,44545.70477166667
zone1,2017-08-11 23:00:00,39798.978911666665
zone1,2017-08-12 00:00:00,34760.310765
zone1,2017-08-12 01:00:00,31385.926748333335
zone1,2017-08-12 02:00:00,29501.087678333333
zone1,2017-08-12 03:00:00,28839.422865
zone1,2017-08-12 04:00:00,28859.66703833333
zone1,2017-08-12 05:00:00,24837.469478333336
zone1,2017-08-12 06:00:00,24601.99778
zone1,2017-08-12 07:00:00,27151.698113333332
zone1,2017-08-12 08:00:00,30718.934516666664
zone1,2017-08-12 09:00:00,34449.18978833334
zone1,2017-08-12 10:00:00,36963.729190000005
zone1,2017-08-12 11:00:00,38882.66370833333
zone1,2017-08-12 12:00:00,39507.036625
zone1,2017-08-12 13:00:00,39850.122085
zone1,2017-08-12 14:00:00,39006.25971
zone1,2017-08-12 15:00:00,38100.599335
zone1,2017-08-12 16:00:00,37317.469476666665
zone1,2017-08-12 17:00:00,37086.259711666666
zone1,2017-08-12 18:00:00,37591.298558333336
zone1,2017-08-12 19:00:00,45834.93895666667
zone1,2017-08-12 20:00:00,49257.269701666664
zone1,2017-08-12 21:00:00,47661.176471666666
zone1,2017-08-12 22:00:00,44764.128745
zone1,2017-08-12 23:00:00,40355.16093333333
zone1,2017-08-13 00:00:00,35772.51942333333
zone1,2017-08-13 01:00:00,32438.62375166667
zone1,2017-08-13 02:00:00,30160.621531666668
zone1,2017-08-13 03:00:00,29293.318535
zone1,2017-08-13 04:00:00,27139.977801666668
zone1,2017-08-13 05:00:00,24222.685905000002
zone1,2017-08-13 06:00:00,23928.612651666666
zone1,2017-08-13 07:00:00,25333.984461666667
zone1,2017-08-13 08:00:00,28395.116538333332
zone1,2017-08-13 09:00:00,31665.083241666667
zone1,2017-08-13 10:00:00,35333.540511666666
zone1,2017-08-13 11:00:00,37658.42397333333
zone1,2017-08-13 12:00:00,38169.855716666665
zone1,2017-08-13 13:00:00,38341.398446666666
zone1,2017-08-13 14:00:00,37403.773584999995
zone1,2017-08-13 15:00:00,36462.952274999996
zone1,2017-08-13 16:00:00,35770.38845666667
zone1,2017-08-13 17:00:00,35580.73252
zone1,2017-08-13 18:00:00,36416.07103166667
zone1,2017-08-13 19:00:00,44163.196449999996
zone1,2017-08-13 20:00:00,47545.038843333336
zone1,2017-08-13 21:00:00,46745.926746666664
zone1,2017-08-13 22:00:00,43951.16537166666
zone1,2017-08-13 23:00:00,38965.771365
zone1,2017-08-14 00:00:00,34383.129855
zone1,2017-08-14 01:00:00,31157.913431666664
zone1,2017-08-14 02:00:00,29187.835738333335
zone1,2017-08-14 03:00:00,28664.683683333333
zone1,2017-08-14 04:00:00,28542.153163333332
zone1,2017-08-14 05:00:00,24738.37957666667
zone1,2017-08-14 06:00:00,23938.201998333334
zone1,2017-08-14 07:00:00,26162.93007833333
zone1,2017-08-14 08:00:00,29126.037736666665
zone1,2017-08-14 09:00:00,32663.440619999998
zone1,2017-08-14 10:00:00,36462.952274999996
zone1,2017-08-14 11:00:00,38767.591565
zone1,2017-08-14 12:00:00,39703.08546
zone1,2017-08-14 13:00:00,39973.71809166666
zone1,2017-08-14 14:00:00,39151.165368333335
zone1,2017-08-14 15:00:00,38487.369588333335
zone1,2017-08-14 16:00:00,37270.588235
zone1,2017-08-14 17:00:00,37503.92896833333
zone1,2017-08-14 18:00:00,37886.43729166667
zone1,2017-08-14 19:00:00,46245.14983333333
zone1,2017-08-14 20:00:00,48945.08324166667
zone1,2017-08-14 21:00:00,47696.33740166667
zone1,2017-08-14 22:00:00,44468.99001
zone1,2017-08-14 23:00:00,39665.793561666665
zone1,2017-08-15 00:00:00,34801.864596666666
zone1,2017-08-15 01:00:00,31226.10432833333
zone1,2017-08-15 02:00:00,29315.69367333333
zone1,2017-08-15 03:00:00,28617.80244166667
zone1,2017-08-15 04:00:00,28847.946725
zone1,2017-08-15 05:00:00,25142.197556666666
zone1,2017-08-15 06:00:00,24951.47614
zone1,2017-08-15 07:00:00,28229.966705
zone1,2017-08-15 08:00:00,32293.718093333333
zone1,2017-08-15 09:00:00,35960.044395
zone1,2017-08-15 10:00:00,38700.46614833333
zone1,2017-08-15 11:00:00,41227.791345
zone1,2017-08-15 12:00:00,42280.488346666665
zone1,2017-08-15 13:00:00,42291.14317333334
zone1,2017-08-15 14:00:00,41939.53385166667
zone1,2017-08-15 15:00:00,40261.398445
zone1,2017-08-15 16:00:00,39471.875693333335
zone1,2017-08-15 17:00:00,38118.71254166667
zone1,2017-08-15 18:00:00,39175.67147666666
zone1,2017-08-15 19:00:00,47484.306326666665
zone1,2017-08-15 20:00:00,50258.823528333334
zone1,2017-08-15 21:00:00,48485.860153333335
zone1,2017-08-15 22:00:00,45157.29189833333
zone1,2017-08-15 23:00:00,40247.54717
zone1,2017-08-16 00:00:00,35609.500555
zone1,2017-08-16 01:00:00,31751.387346666666
zone1,2017-08-16 02:00:00,29706.72585833333
zone1,2017-08-16 03:00:00,28903.351831666663
zone1,2017-08-16 04:00:00,28885.238623333335
zone1,2017-08-16 05:00:00,25558.801331666666
zone1,2017-08-16 06:00:00,25127.280798333333
zone1,2017-08-16 07:00:00,27617.314094999998
zone1,2017-08-16 08:00:00,30907.52497166667
zone1,2017-08-16 09:00:00,34779.48945666667
zone1,2017-08-16 10:00:00,38946.59267333333
zone1,2017-08-16 11:00:00,41509.07880166667
zone1,2017-08-16 12:00:00,42263.44062
zone1,2017-08-16 13:00:00,42667.25860166667
zone1,2017-08-16 14:00:00,42228.279688333336
zone1,2017-08-16 15:00:00,41354.583796666666
zone1,2017-08-16 16:00:00,40463.84017833333
zone1,2017-08-16 17:00:00,39140.51054333333
zone1,2017-08-16 18:00:00,39759.55604833333
zone1,2017-08-16 19:00:00,46831.16537166667
zone1,2017-08-16 20:00:00,49586.503885000006
zone1,2017-08-16 21:00:00,46952.630410000005
zone1,2017-08-16 22:00:00,46445.4606
zone1,2017-08-16 23:00:00,41581.531630000005
zone1,2017-08-17 00:00:00,36066.592675
zone1,2017-08-17 01:00:00,32595.24972333333
zone1,2017-08-17 02:00:00,29584.195340000002
zone1,2017-08-17 03:00:00,28955.56049
zone1,2017-08-17 04:00:00,29610.83241
zone1,2017-08-17 05:00:00,26137.35849166667
zone1,2017-08-17 06:00:00,26295.049945000002
zone1,2017-08-17 07:00:00,28681.731408333333
zone1,2017-08-17 08:00:00,32110.45505
zone1,2017-08-17 09:00:00,35956.84794666667
zone1,2017-08-17 10:00:00,39338.690343333335
zone1,2017-08-17 11:00:00,41826.59267333333
zone1,2017-08-17 12:00:00,42701.35405166666
zone1,2017-08-17 13:00:00,42926.17092
zone1,2017-08-17 14:00:00,42152.630411666665
zone1,2017-08-17 15:00:00,41171.32075333333
zone1,2017-08-17 16:00:00,39792.586015
zone1,2017-08-17 17:00:00,38887.99112
zone1,2017-08-17 18:00:00,39846.925638333334
zone1,2017-08-17 19:00:00,49069.74472833334
zone1,2017-08-17 20:00:00,51185.793565
zone1,2017-08-17 21:00:00,49368.07991166667
zone1,2017-08-17 22:00:00,46084.26193
zone1,2017-08-17 23:00:00,41033.87347333333
zone1,2017-08-18 00:00:00,36341.48723666667
zone1,2017-08-18 01:00:00,32895.71587166667
zone1,2017-08-18 02:00:00,30733.851274999997
zone1,2017-08-18 03:00:00,29721.642616666668
zone1,2017-08-18 04:00:00,29920.887901666665
zone1,2017-08-18 05:00:00,26567.813541666666
zone1,2017-08-18 06:00:00,25601.42064333333
zone1,2017-08-18 07:00:00,27623.706991666666
zone1,2017-08-18 08:00:00,31689.589345
zone1,2017-08-18 09:00:00,35958.97891
zone1,2017-08-18 10:00:00,39178.86792333333
zone1,2017-08-18 11:00:00,41154.273030000004
zone1,2017-08-18 12:00:00,40232.630410000005
zone1,2017-08-18 13:00:00,40463.84017833333
zone1,2017-08-18 14:00:00,40345.57158833333
zone1,2017-08-18 15:00:00,39666.85904333334
zone1,2017-08-18 16:00:00,38668.501664999996
zone1,2017-08-18 17:00:00,37796.93673833334
zone1,2017-08-18 18:00:00,38680.221975
zone1,2017-08-18 19:00:00,47660.110988333334
zone1,2017-08-18 20:00:00,49904.01775666667
zone1,2017-08-18 21:00:00,48463.48501833333
zone1,2017-08-18 22:00:00,45570.69922333333
zone1,2017-08-18 23:00:00,40762.17536
zone1,2017-08-19 00:00:00,36444.83907
zone1,2017-08-19 01:00:00,32762.530521666664
zone1,2017-08-19 02:00:00,30601.731409999997
zone1,2017-08-19 03:00:00,30169.145395
zone1,2017-08-19 04:00:00,30343.884573333333
zone1,2017-08-19 05:00:00,26173.584908333334
zone1,2017-08-19 06:00:00,25342.508325000003
zone1,2017-08-19 07:00:00,27521.420645000002
zone1,2017-08-19 08:00:00,31301.753606666665
zone1,2017-08-19 09:00:00,35229.12319666667
zone1,2017-08-19 10:00:00,38385.08324
zone1,2017-08-19 11:00:00,40359.42286333333
zone1,2017-08-19 12:00:00,41097.80244166667
zone1,2017-08-19 13:00:00,40804.79467
zone1,2017-08-19 14:00:00,40357.29189666667
zone1,2017-08-19 15:00:00,39577.358491666666
zone1,2017-08-19 16:00:00,38671.69811333333
zone1,2017-08-19 17:00:00,37872.58601666667
zone1,2017-08-19 18:00:00,38649.322974999995
zone1,2017-08-19 19:00:00,47709.123196666675
zone1,2017-08-19 20:00:00,48671.254161666664
zone1,2017-08-19 21:00:00,48021.309655
zone1,2017-08-19 22:00:00,44864.28412833333
zone1,2017-08-19 23:00:00,40162.30854666667
zone1,2017-08-20 00:00:00,35587.125414999995
zone1,2017-08-20 01:00:00,31997.513873333333
zone1,2017-08-20 02:00:00,30066.859045
zone1,2017-08-20 03:00:00,28993.917868333334
zone1,2017-08-20 04:00:00,28838.35738
zone1,2017-08-20 05:00:00,24757.55826666667
zone1,2017-08-20 06:00:00,23273.340733333334
zone1,2017-08-20 07:00:00,24879.023308333333
zone1,2017-08-20 08:00:00,27049.411764999997
zone1,2017-08-20 09:00:00,30601.731408333333
zone1,2017-08-20 10:00:00,33792.852385
zone1,2017-08-20 11:00:00,36296.736958333335
zone1,2017-08-20 12:00:00,37295.094338333336
zone1,2017-08-20 13:00:00,37650.965593333334
zone1,2017-08-20 14:00:00,37286.57048
zone1,2017-08-20 15:00:00,36497.047725000004
zone1,2017-08-20 16:00:00,35269.611541666665
zone1,2017-08-20 17:00:00,34980.865705
zone1,2017-08-20 18:00:00,36157.15871333333
zone1,2017-08-20 19:00:00,45547.25860333333
zone1,2017-08-20 20:00:00,47714.45061
zone1,2017-08-20 21:00:00,47014.428413333335
zone1,2017-08-20 22:00:00,43839.28967833333
zone1,2017-08-20 23:00:00,39466.548279999995
zone1,2017-08-21 00:00:00,35012.83018833333
zone1,2017-08-21 01:00:00,31429.611543333333
zone1,2017-08-21 02:00:00,29252.830188333333
zone1,2017-08-21 03:00:00,28872.45283
zone1,2017-08-21 04:00:00,28699.84461666667
zone1,2017-08-21 05:00:00,25690.9212
zone1,2017-08-21 06:00:00,23697.402886666667
zone1,2017-08-21 07:00:00,25762.308544999996
zone1,2017-08-21 08:00:00,29151.609321666667
zone1,2017-08-21 09:00:00,33306.99223166666
zone1,2017-08-21 10:00:00,36660.06659333333
zone1,2017-08-21 11:00:00,38958.312985000004
zone1,2017-08-21 12:00:00,39662.597115000004
zone1,2017-08-21 13:00:00,39479.334075
zone1,2017-08-21 14:00:00,38991.34295333333
zone1,2017-08-21 15:00:00,38231.653718333335
zone1,2017-08-21 16:00:00,37691.45394
zone1,2017-08-21 17:00:00,37642.44173333333
zone1,2017-08-21 18:00:00,39044.617093333334
zone1,2017-08-21 19:00:00,47794.36182
zone1,2017-08-21 20:00:00,48926.97003333334
zone1,2017-08-21 21:00:00,47423.573806666674
zone1,2017-08-21 22:00:00,44000.177579999996
zone1,2017-08-21 23:00:00,39348.279688333336
zone1,2017-08-22 00:00:00,34629.25638
zone1,2017-08-22 01:00:00,31134.472810000003
zone1,2017-08-22 02:00:00,29362.574918333336
zone1,2017-08-22 03:00:00,28602.885681666667
zone1,2017-08-22 04:00:00,28866.059931666667
zone1,2017-08-22 05:00:00,25304.15094333333
zone1,2017-08-22 06:00:00,24766.082133333333
zone1,2017-08-22 07:00:00,27473.473918333333
zone1,2017-08-22 08:00:00,30963.995558333332
zone1,2017-08-22 09:00:00,34401.243065
zone1,2017-08-22 10:00:00,37588.10210833333
zone1,2017-08-22 11:00:00,40187.88013500001
zone1,2017-08-22 12:00:00,41307.70255333333
zone1,2017-08-22 13:00:00,41258.69034666667
zone1,2017-08-22 14:00:00,40314.672585
zone1,2017-08-22 15:00:00,39379.17869166667
zone1,2017-08-22 16:00:00,38171.98668333333
zone1,2017-08-22 17:00:00,36918.978911666665
zone1,2017-08-22 18:00:00,37900.28856833334
zone1,2017-08-22 19:00:00,47401.19866833333
zone1,2017-08-22 20:00:00,49264.72807833333
zone1,2017-08-22 21:00:00,47912.630411666665
zone1,2017-08-22 22:00:00,44560.621531666664
zone1,2017-08-22 23:00:00,39570.965593333334
zone1,2017-08-23 00:00:00,34866.85904666667
zone1,2017-08-23 01:00:00,31112.097671666666
zone1,2017-08-23 02:00:00,29103.662598333332
zone1,2017-08-23 03:00:00,28818.113208333332
zone1,2017-08-23 04:00:00,29211.276361666667
zone1,2017-08-23 05:00:00,25805.99334
zone1,2017-08-23 06:00:00,24901.39844666667
zone1,2017-08-23 07:00:00,27359.467258333334
zone1,2017-08-23 08:00:00,31154.716983333332
zone1,2017-08-23 09:00:00,34863.66259666667
zone1,2017-08-23 10:00:00,38340.332963333334
zone1,2017-08-23 11:00:00,39897.00333
zone1,2017-08-23 12:00:00,40764.306325000005
zone1,2017-08-23 13:00:00,40567.19200833333
zone1,2017-08-23 14:00:00,39751.03218666667
zone1,2017-08-23 15:00:00,38996.67036833333
zone1,2017-08-23 16:00:00,38192.230855
zone1,2017-08-23 17:00:00,37366.481686666666
zone1,2017-08-23 18:00:00,38616.29300666667
zone1,2017-08-23 19:00:00,48466.681465
zone1,2017-08-23 20:00:00,49547.081021666665
zone1,2017-08-23 21:00:00,47720.843506666664
zone1,2017-08-23 22:00:00,44543.573808333334
zone1,2017-08-23 23:00:00,39923.640401666664
zone1,2017-08-24 00:00:00,34854.07325166667
zone1,2017-08-24 01:00:00,31063.085461666666
zone1,2017-08-24 02:00:00,29286.92564
zone1,2017-08-24 03:00:00,28659.35627
zone1,2017-08-24 04:00:00,28943.840176666665
zone1,2017-08-24 05:00:00,25811.320754999997
zone1,2017-08-24 06:00:00,24844.927856666665
zone1,2017-08-24 07:00:00,27969.988899999997
zone1,2017-08-24 08:00:00,31642.708101666667
zone1,2017-08-24 09:00:00,35082.08657
zone1,2017-08-24 10:00:00,37956.75915666667
zone1,2017-08-24 11:00:00,39633.829078333336
zone1,2017-08-24 12:00:00,40837.82463833333
zone1,2017-08-24 13:00:00,40878.312985000004
zone1,2017-08-24 14:00:00,40240.08879166667
zone1,2017-08-24 15:00:00,39165.01664666666
zone1,2017-08-24 16:00:00,37940.776915
zone1,2017-08-24 17:00:00,37608.346281666665
zone1,2017-08-24 18:00:00,38893.318535
zone1,2017-08-24 19:00:00,48451.76470666667
zone1,2017-08-24 20:00:00,49278.579355
zone1,2017-08-24 21:00:00,47726.170921666664
zone1,2017-08-24 22:00:00,44540.37735833333
zone1,2017-08-24 23:00:00,39147.968923333334
zone1,2017-08-25 00:00:00,34525.90455166667
zone1,2017-08-25 01:00:00,30111.609323333334
zone1,2017-08-25 02:00:00,26651.986681666665
zone1,2017-08-25 03:00:00,27673.78468333333
zone1,2017-08-25 04:00:00,28667.880133333336
zone1,2017-08-25 05:00:00,25802.796893333332
zone1,2017-08-25 06:00:00,24827.880131666665
zone1,2017-08-25 07:00:00,27409.544951666667
zone1,2017-08-25 08:00:00,31107.835736666664
zone1,2017-08-25 09:00:00,34636.71476166667
zone1,2017-08-25 10:00:00,38020.68812333333
zone1,2017-08-25 11:00:00,40008.879023333335
zone1,2017-08-25 12:00:00,39337.62486166667
zone1,2017-08-25 13:00:00,39094.69478333333
zone1,2017-08-25 14:00:00,39013.71809166666
zone1,2017-08-25 15:00:00,38389.34517166667
zone1,2017-08-25 16:00:00,37761.77580333333
zone1,2017-08-25 17:00:00,37088.390675
zone1,2017-08-25 18:00:00,39107.48057666666
zone1,2017-08-25 19:00:00,47741.08768
zone1,2017-08-25 20:00:00,48427.25860166667
zone1,2017-08-25 21:00:00,47362.841285
zone1,2017-08-25 22:00:00,44223.928968333326
zone1,2017-08-25 23:00:00,39507.036625
zone1,2017-08-26 00:00:00,34796.53718000001
zone1,2017-08-26 01:00:00,31556.403996666664
zone1,2017-08-26 02:00:00,29614.028856666668
zone1,2017-08-26 03:00:00,28758.446171666666
zone1,2017-08-26 04:00:00,29146.28191
zone1,2017-08-26 05:00:00,25834.761376666665
zone1,2017-08-26 06:00:00,24612.652606666667
zone1,2017-08-26 07:00:00,26475.11653666667
zone1,2017-08-26 08:00:00,30295.937846666668
zone1,2017-08-26 09:00:00,33658.60155166667
zone1,2017-08-26 10:00:00,37017.00332833333
zone1,2017-08-26 11:00:00,38826.19311833333
zone1,2017-08-26 12:00:00,39542.19755833333
zone1,2017-08-26 13:00:00,39728.65704666667
zone1,2017-08-26 14:00:00,39152.230855
zone1,2017-08-26 15:00:00,38019.62264166667
zone1,2017-08-26 16:00:00,37052.16426166667
zone1,2017-08-26 17:00:00,36738.912318333336
zone1,2017-08-26 18:00:00,38805.94894333333
zone1,2017-08-26 19:00:00,48057.53607
zone1,2017-08-26 20:00:00,48834.27302833333
zone1,2017-08-26 21:00:00,47671.83129833333
zone1,2017-08-26 22:00:00,44840.84350833334
zone1,2017-08-26 23:00:00,39928.967815
zone1,2017-08-27 00:00:00,34912.67480833333
zone1,2017-08-27 01:00:00,31719.422865
zone1,2017-08-27 02:00:00,29348.72364
zone1,2017-08-27 03:00:00,29080.221976666668
zone1,2017-08-27 04:00:00,29274.139843333334
zone1,2017-08-27 05:00:00,25737.802443333334
zone1,2017-08-27 06:00:00,23991.476138333335
zone1,2017-08-27 07:00:00,25023.92896666667
zone1,2017-08-27 08:00:00,28029.655936666666
zone1,2017-08-27 09:00:00,31796.137625000003
zone1,2017-08-27 10:00:00,34470.49944666667
zone1,2017-08-27 11:00:00,36244.528301666665
zone1,2017-08-27 12:00:00,37068.14650333333
zone1,2017-08-27 13:00:00,37854.47280833333
zone1,2017-08-27 14:00:00,37161.90899166666
zone1,2017-08-27 15:00:00,36550.32186333334
zone1,2017-08-27 16:00:00,35761.86459333333
zone1,2017-08-27 17:00:00,35248.30188666667
zone1,2017-08-27 18:00:00,37543.351833333334
zone1,2017-08-27 19:00:00,46948.36847833334
zone1,2017-08-27 20:00:00,48300.46615
zone1,2017-08-27 21:00:00,47568.47946833333
zone1,2017-08-27 22:00:00,44639.467260000005
zone1,2017-08-27 23:00:00,39419.667036666666
zone1,2017-08-28 00:00:00,34671.875693333335
zone1,2017-08-28 01:00:00,31141.93118666667
zone1,2017-08-28 02:00:00,29278.401775000002
zone1,2017-08-28 03:00:00,28508.05771333333
zone1,2017-08-28 04:00:00,28062.68590333333
zone1,2017-08-28 05:00:00,25640.843505
zone1,2017-08-28 06:00:00,24506.104330000002
zone1,2017-08-28 07:00:00,26731.897890000004
zone1,2017-08-28 08:00:00,30582.552718333332
zone1,2017-08-28 09:00:00,34555.73806833333
zone1,2017-08-28 10:00:00,37368.61265
zone1,2017-08-28 11:00:00,39606.12652666667
zone1,2017-08-28 12:00:00,40039.778021666665
zone1,2017-08-28 13:00:00,40159.11209833333
zone1,2017-08-28 14:00:00,39726.52608166666
zone1,2017-08-28 15:00:00,38606.703663333334
zone1,2017-08-28 16:00:00,37725.54939
zone1,2017-08-28 17:00:00,37167.236404999996
zone1,2017-08-28 18:00:00,38387.214206666664
zone1,2017-08-28 19:00:00,47876.403995
zone1,2017-08-28 20:00:00,48338.82353
zone1,2017-08-28 21:00:00,46914.27303166667
zone1,2017-08-28 22:00:00,43712.49722666667
zone1,2017-08-28 23:00:00,38566.215315
zone1,2017-08-29 00:00:00,33745.97114166667
zone1,2017-08-29 01:00:00,30270.36626
zone1,2017-08-29 02:00:00,28209.72253166667
zone1,2017-08-29 03:00:00,27906.059933333334
zone1,2017-08-29 04:00:00,28284.30632666667
zone1,2017-08-29 05:00:00,25381.931188333332
zone1,2017-08-29 06:00:00,24140.643728333336
zone1,2017-08-29 07:00:00,26506.015538333333
zone1,2017-08-29 08:00:00,30132.91898
zone1,2017-08-29 09:00:00,33755.56048666666
zone1,2017-08-29 10:00:00,36377.71365166667
zone1,2017-08-29 11:00:00,37948.235295
zone1,2017-08-29 12:00:00,37998.312986666664
zone1,2017-08-29 13:00:00,38581.132075
zone1,2017-08-29 14:00:00,38174.11764833333
zone1,2017-08-29 15:00:00,36954.139845
zone1,2017-08-29 16:00:00,36612.119868333335
zone1,2017-08-29 17:00:00,36481.06548333333
zone1,2017-08-29 18:00:00,37691.45394
zone1,2017-08-29 19:00:00,46979.26748166667
zone1,2017-08-29 20:00:00,47371.36515
zone1,2017-08-29 21:00:00,46051.23196333333
zone1,2017-08-29 22:00:00,42673.651496666665
zone1,2017-08-29 23:00:00,37685.06104333333
zone1,2017-08-30 00:00:00,33195.116538333335
zone1,2017-08-30 01:00:00,29822.863484999998
zone1,2017-08-30 02:00:00,20907.968921666667
zone1,2017-08-30 03:00:00,22182.28635
zone1,2017-08-30 04:00:00,22458.246391666664
zone1,2017-08-30 05:00:00,20207.946725
zone1,2017-08-30 06:00:00,21564.30632666667
zone1,2017-08-30 07:00:00,23227.52497166667
zone1,2017-08-30 08:00:00,27234.80577333333
zone1,2017-08-30 09:00:00,31009.811321666668
zone1,2017-08-30 10:00:00,34329.855716666665
zone1,2017-08-30 11:00:00,35576.470590000004
zone1,2017-08-30 12:00:00,36161.42064333334
zone1,2017-08-30 13:00:00,37186.415095
zone1,2017-08-30 14:00:00,37055.36071166667
zone1,2017-08-30 15:00:00,35818.335183333336
zone1,2017-08-30 16:00:00,34530.16648
zone1,2017-08-30 17:00:00,34301.08768333333
zone1,2017-08-30 18:00:00,36601.46503833333
zone1,2017-08-30 19:00:00,46041.64262
zone1,2017-08-30 20:00:00,46169.50055333334
zone1,2017-08-30 21:00:00,44958.046615
zone1,2017-08-30 22:00:00,42447.769145
zone1,2017-08-30 23:00:00,37919.46725833334
zone1,2017-08-31 00:00:00,32719.911210000002
zone1,2017-08-31 01:00:00,28945.97114166667
zone1,2017-08-31 02:00:00,27082.44172833333
zone1,2017-08-31 03:00:00,26981.220865
zone1,2017-08-31 04:00:00,26572.075471666667
zone1,2017-08-31 05:00:00,22765.105436666665
zone1,2017-08-31 06:00:00,21353.340733333334
zone1,2017-08-31 07:00:00,23541.842396666663
zone1,2017-08-31 08:00:00,26569.944505000003
zone1,2017-08-31 09:00:00,29106.859046666665
zone1,2017-08-31 10:00:00,31773.762485
zone1,2017-08-31 11:00:00,33271.8313
zone1,2017-08-31 12:00:00,34428.945615
zone1,2017-08-31 13:00:00,35050.12208666667
zone1,2017-08-31 14:00:00,34712.36404
zone1,2017-08-31 15:00:00,34296.825749999996
zone1,2017-08-31 16:00:00,33862.10876833333
zone1,2017-08-31 17:00:00,34048.56825833333
zone1,2017-08-31 18:00:00,37658.42397166667
zone1,2017-08-31 19:00:00,45830.677026666664
zone1,2017-08-31 20:00:00,46529.63374
zone1,2017-08-31 21:00:00,45550.45505
zone1,2017-08-31 22:00:00,42876.09322833333
zone1,2017-08-31 23:00:00,37968.47946833333
zone1,2017-09-01 00:00:00,32890.61946833334
zone1,2017-09-01 01:00:00,28963.539823333336
zone1,2017-09-01 02:00:00,26480.707964999998
zone1,2017-09-01 03:00:00,25336.991151666665
zone1,2017-09-01 04:00:00,25636.460176666664
zone1,2017-09-01 05:00:00,23478.584071666668
zone1,2017-09-01 06:00:00,23967.079648333336
zone1,2017-09-01 07:00:00,26579.469025
zone1,2017-09-01 08:00:00,25696.991151666665
zone1,2017-09-01 09:00:00,25233.982298333332
zone1,2017-09-01 10:00:00,25694.86725666667
zone1,2017-09-01 11:00:00,26633.62832
zone1,2017-09-01 12:00:00,27513.9823
zone1,2017-09-01 13:00:00,28093.805308333336
zone1,2017-09-01 14:00:00,27412.035398333333
zone1,2017-09-01 15:00:00,27099.823008333333
zone1,2017-09-01 16:00:00,27426.90265666667
zone1,2017-09-01 17:00:00,27732.743361666668
zone1,2017-09-01 18:00:00,30449.203540000002
zone1,2017-09-01 19:00:00,39862.30088333334
zone1,2017-09-01 20:00:00,40723.539825
zone1,2017-09-01 21:00:00,40700.17699166667
zone1,2017-09-01 22:00:00,39032.920353333335
zone1,2017-09-01 23:00:00,35453.097343333335
zone1,2017-09-02 00:00:00,31328.495574999997
zone1,2017-09-02 01:00:00,28018.40708
zone1,2017-09-02 02:00:00,26386.194691666664
zone1,2017-09-02 03:00:00,25745.840708333333
zone1,2017-09-02 04:00:00,25871.150443333332
zone1,2017-09-02 05:00:00,22904.070796666667
zone1,2017-09-02 06:00:00,20414.86725666667
zone1,2017-09-02 07:00:00,21473.628318333333
zone1,2017-09-02 08:00:00,23731.327433333336
zone1,2017-09-02 09:00:00,26424.424776666667
zone1,2017-09-02 10:00:00,28523.893805
zone1,2017-09-02 11:00:00,29686.725663333335
zone1,2017-09-02 12:00:00,30864.42478
zone1,2017-09-02 13:00:00,32084.601769999997
zone1,2017-09-02 14:00:00,32137.699113333332
zone1,2017-09-02 15:00:00,32162.123894999997
zone1,2017-09-02 16:00:00,31739.46902666667
zone1,2017-09-02 17:00:00,31505.84071
zone1,2017-09-02 18:00:00,33624.424778333334
zone1,2017-09-02 19:00:00,42088.141593333334
zone1,2017-09-02 20:00:00,42835.752211666666
zone1,2017-09-02 21:00:00,43202.12389166667
zone1,2017-09-02 22:00:00,41858.76106333333
zone1,2017-09-02 23:00:00,38067.61061833333
zone1,2017-09-03 00:00:00,33780.530973333334
zone1,2017-09-03 01:00:00,30758.230086666666
zone1,2017-09-03 02:00:00,28477.168141666665
zone1,2017-09-03 03:00:00,27640.353981666663
zone1,2017-09-03 04:00:00,27539.46902666667
zone1,2017-09-03 05:00:00,24920.707964999998
zone1,2017-09-03 06:00:00,22436.814159999998
zone1,2017-09-03 07:00:00,23168.495574999997
zone1,2017-09-03 08:00:00,24966.371681666667
zone1,2017-09-03 09:00:00,28180.884955
zone1,2017-09-03 10:00:00,30831.504423333332
zone1,2017-09-03 11:00:00,32220.530971666667
zone1,2017-09-03 12:00:00,32968.141593333334
zone1,2017-09-03 13:00:00,33215.575221666666
zone1,2017-09-03 14:00:00,32655.92920166667
zone1,2017-09-03 15:00:00,31265.840708333333
zone1,2017-09-03 16:00:00,30191.150443333332
zone1,2017-09-03 17:00:00,29732.389381666668
zone1,2017-09-03 18:00:00,31780.884956666665
zone1,2017-09-03 19:00:00,40488.849558333335
zone1,2017-09-03 20:00:00,41569.91150333333
zone1,2017-09-03 21:00:00,41969.20354
zone1,2017-09-03 22:00:00,40041.769909999995
zone1,2017-09-03 23:00:00,35597.522123333336
zone1,2017-09-04 00:00:00,31176.637166666667
zone1,2017-09-04 01:00:00,28212.74336333333
zone1,2017-09-04 02:00:00,26497.699115
zone1,2017-09-04 03:00:00,25998.584069999997
zone1,2017-09-04 04:00:00,25896.63717
zone1,2017-09-04 05:00:00,23456.283185000004
zone1,2017-09-04 06:00:00,21397.168141666665
zone1,2017-09-04 07:00:00,23655.929203333333
zone1,2017-09-04 08:00:00,26470.088495
zone1,2017-09-04 09:00:00,29838.584071666668
zone1,2017-09-04 10:00:00,32583.716815000003
zone1,2017-09-04 11:00:00,34230.796460000005
zone1,2017-09-04 12:00:00,35196.106195
zone1,2017-09-04 13:00:00,35754.690265000005
zone1,2017-09-04 14:00:00,34274.336285
zone1,2017-09-04 15:00:00,32745.132743333335
zone1,2017-09-04 16:00:00,31636.460176666664
zone1,2017-09-04 17:00:00,31041.76991
zone1,2017-09-04 18:00:00,33203.893805
zone1,2017-09-04 19:00:00,40947.61061833333
zone1,2017-09-04 20:00:00,42687.079645
zone1,2017-09-04 21:00:00,42743.362831666665
zone1,2017-09-04 22:00:00,40065.132745
zone1,2017-09-04 23:00:00,35846.01769833334
zone1,2017-09-05 00:00:00,31615.221238333335
zone1,2017-09-05 01:00:00,29036.814156666664
zone1,2017-09-05 02:00:00,27485.309735
zone1,2017-09-05 03:00:00,26653.80531
zone1,2017-09-05 04:00:00,26362.83185833333
zone1,2017-09-05 05:00:00,24084.95575166667
zone1,2017-09-05 06:00:00,22335.929205000004
zone1,2017-09-05 07:00:00,24262.300885
zone1,2017-09-05 08:00:00,27126.371681666667
zone1,2017-09-05 09:00:00,30955.75221333333
zone1,2017-09-05 10:00:00,34041.76991
zone1,2017-09-05 11:00:00,36355.75221333333
zone1,2017-09-05 12:00:00,37326.371681666664
zone1,2017-09-05 13:00:00,37343.362831666665
zone1,2017-09-05 14:00:00,36453.45132666667
zone1,2017-09-05 15:00:00,34943.36283
zone1,2017-09-05 16:00:00,33825.13274333333
zone1,2017-09-05 17:00:00,33554.33628166667
zone1,2017-09-05 18:00:00,36110.44247833333
zone1,2017-09-05 19:00:00,44635.752211666666
zone1,2017-09-05 20:00:00,44654.86725666667
zone1,2017-09-05 21:00:00,44343.716815
zone1,2017-09-05 22:00:00,41671.85840833333
zone1,2017-09-05 23:00:00,36449.203539999995
zone1,2017-09-06 00:00:00,31859.46902666667
zone1,2017-09-06 01:00:00,29019.823010000004
zone1,2017-09-06 02:00:00,27528.84955833333
zone1,2017-09-06 03:00:00,26817.345131666665
zone1,2017-09-06 04:00:00,26430.79646166667
zone1,2017-09-06 05:00:00,24306.902655
zone1,2017-09-06 06:00:00,22951.85840833333
zone1,2017-09-06 07:00:00,23556.106196666664
zone1,2017-09-06 08:00:00,24715.752215
zone1,2017-09-06 09:00:00,28524.95575166667
zone1,2017-09-06 10:00:00,31214.867258333335
zone1,2017-09-06 11:00:00,33336.637168333335
zone1,2017-09-06 12:00:00,34204.247788333334
zone1,2017-09-06 13:00:00,34374.15929166666
zone1,2017-09-06 14:00:00,33363.18584
zone1,2017-09-06 15:00:00,32099.46902666667
zone1,2017-09-06 16:00:00,31420.884955
zone1,2017-09-06 17:00:00,31989.026548333335
zone1,2017-09-06 18:00:00,36511.858406666666
zone1,2017-09-06 19:00:00,45781.592919999996
zone1,2017-09-06 20:00:00,46077.87610666666
zone1,2017-09-06 21:00:00,45107.25663833334
zone1,2017-09-06 22:00:00,41635.75221333333
zone1,2017-09-06 23:00:00,35626.19469
zone1,2017-09-07 00:00:00,32099.46902666667
zone1,2017-09-07 01:00:00,29791.858406666666
zone1,2017-09-07 02:00:00,28356.106195
zone1,2017-09-07 03:00:00,27525.663716666666
zone1,2017-09-07 04:00:00,27568.141594999997
zone1,2017-09-07 05:00:00,25586.548671666667
zone1,2017-09-07 06:00:00,24459.823008333333
zone1,2017-09-07 07:00:00,26469.026548333335
zone1,2017-09-07 08:00:00,29584.778761666665
zone1,2017-09-07 09:00:00,32996.814158333334
zone1,2017-09-07 10:00:00,35462.65486666667
zone1,2017-09-07 11:00:00,37155.398231666666
zone1,2017-09-07 12:00:00,37301.94690166667
zone1,2017-09-07 13:00:00,37473.98230166667
zone1,2017-09-07 14:00:00,36775.221240000006
zone1,2017-09-07 15:00:00,36002.123895
zone1,2017-09-07 16:00:00,34826.54867
zone1,2017-09-07 17:00:00,34909.38053166666
zone1,2017-09-07 18:00:00,38728.14159166667
zone1,2017-09-07 19:00:00,46568.495575
zone1,2017-09-07 20:00:00,46506.902655000005
zone1,2017-09-07 21:00:00,44873.628319999996
zone1,2017-09-07 22:00:00,41463.71681333333
zone1,2017-09-07 23:00:00,35933.09734666667
zone1,2017-09-08 00:00:00,32104.77876
zone1,2017-09-08 01:00:00,29391.504425000003
zone1,2017-09-08 02:00:00,27905.840708333333
zone1,2017-09-08 03:00:00,27091.327433333336
zone1,2017-09-08 04:00:00,27431.150443333332
zone1,2017-09-08 05:00:00,25419.823009999996
zone1,2017-09-08 06:00:00,24259.115041666664
zone1,2017-09-08 07:00:00,26176.991151666665
zone1,2017-09-08 08:00:00,29347.964603333337
zone1,2017-09-08 09:00:00,32932.035396666666
zone1,2017-09-08 10:00:00,35003.893805
zone1,2017-09-08 11:00:00,37242.477876666664
zone1,2017-09-08 12:00:00,36909.02654833333
zone1,2017-09-08 13:00:00,36778.407081666664
zone1,2017-09-08 14:00:00,36346.194690000004
zone1,2017-09-08 15:00:00,35460.53097166667
zone1,2017-09-08 16:00:00,35078.230090000005
zone1,2017-09-08 17:00:00,34866.902655000005
zone1,2017-09-08 18:00:00,38172.74336166667
zone1,2017-09-08 19:00:00,46346.54867333333
zone1,2017-09-08 20:00:00,45931.32743333333
zone1,2017-09-08 21:00:00,44881.061948333336
zone1,2017-09-08 22:00:00,41820.530973333334
zone1,2017-09-08 23:00:00,36820.88495666667
zone1,2017-09-09 00:00:00,32540.176989999996
zone1,2017-09-09 01:00:00,29909.734515
zone1,2017-09-09 02:00:00,28712.920353333335
zone1,2017-09-09 03:00:00,27963.185841666666
zone1,2017-09-09 04:00:00,27914.336285
zone1,2017-09-09 05:00:00,25740.530971666667
zone1,2017-09-09 06:00:00,23491.327431666665
zone1,2017-09-09 07:00:00,25256.283184999997
zone1,2017-09-09 08:00:00,28035.398230000003
zone1,2017-09-09 09:00:00,31465.486725
zone1,2017-09-09 10:00:00,34240.35398
zone1,2017-09-09 11:00:00,35600.707963333334
zone1,2017-09-09 12:00:00,36436.460178333335
zone1,2017-09-09 13:00:00,36697.69911666666
zone1,2017-09-09 14:00:00,35885.309735
zone1,2017-09-09 15:00:00,34750.08849666666
zone1,2017-09-09 16:00:00,34054.513275
zone1,2017-09-09 17:00:00,33486.37168333334
zone1,2017-09-09 18:00:00,37713.98230166667
zone1,2017-09-09 19:00:00,46014.15929333333
zone1,2017-09-09 20:00:00,45290.97345166667
zone1,2017-09-09 21:00:00,43015.22123833333
zone1,2017-09-09 22:00:00,39555.39822833333
zone1,2017-09-09 23:00:00,34790.44247666667
zone1,2017-09-10 00:00:00,30692.389379999997
zone1,2017-09-10 01:00:00,28203.185841666666
zone1,2017-09-10 02:00:00,26627.25663666667
zone1,2017-09-10 03:00:00,26077.16814166667
zone1,2017-09-10 04:00:00,26162.123895
zone1,2017-09-10 05:00:00,23884.247786666663
zone1,2017-09-10 06:00:00,21354.690263333334
zone1,2017-09-10 07:00:00,22370.973451666665
zone1,2017-09-10 08:00:00,24630.79646
zone1,2017-09-10 09:00:00,28026.90265666667
zone1,2017-09-10 10:00:00,31280.707964999998
zone1,2017-09-10 11:00:00,32904.424778333334
zone1,2017-09-10 12:00:00,34025.84070666667
zone1,2017-09-10 13:00:00,34449.55752166667
zone1,2017-09-10 14:00:00,33812.38938166667
zone1,2017-09-10 15:00:00,32869.38053166666
zone1,2017-09-10 16:00:00,32028.31858333333
zone1,2017-09-10 17:00:00,31978.40708
zone1,2017-09-10 18:00:00,35994.690266666665
zone1,2017-09-10 19:00:00,44264.070795
zone1,2017-09-10 20:00:00,44898.05309833333
zone1,2017-09-10 21:00:00,44126.017701666664
zone1,2017-09-10 22:00:00,39919.64601833333
zone1,2017-09-10 23:00:00,34783.008846666664
zone1,2017-09-11 00:00:00,30589.38053
zone1,2017-09-11 01:00:00,28332.74336333333
zone1,2017-09-11 02:00:00,27086.0177
zone1,2017-09-11 03:00:00,26604.95575166667
zone1,2017-09-11 04:00:00,26787.610620000003
zone1,2017-09-11 05:00:00,25230.796458333334
zone1,2017-09-11 06:00:00,24530.97345
zone1,2017-09-11 07:00:00,26511.504425000003
zone1,2017-09-11 08:00:00,28729.911505
zone1,2017-09-11 09:00:00,32104.778763333332
zone1,2017-09-11 10:00:00,34686.371681666664
zone1,2017-09-11 11:00:00,36276.106195
zone1,2017-09-11 12:00:00,37093.80531
zone1,2017-09-11 13:00:00,36978.05309666667
zone1,2017-09-11 14:00:00,36349.38053
zone1,2017-09-11 15:00:00,35478.58407
zone1,2017-09-11 16:00:00,34560.0
zone1,2017-09-11 17:00:00,34670.44247666667
zone1,2017-09-11 18:00:00,38940.530973333334
zone1,2017-09-11 19:00:00,46437.87610666666
zone1,2017-09-11 20:00:00,46154.33628333334
zone1,2017-09-11 21:00:00,44024.070795
zone1,2017-09-11 22:00:00,39897.34513166667
zone1,2017-09-11 23:00:00,34783.00884833333
zone1,2017-09-12 00:00:00,30985.486728333333
zone1,2017-09-12 01:00:00,28636.460175
zone1,2017-09-12 02:00:00,27268.672568333335
zone1,2017-09-12 03:00:00,26801.415928333332
zone1,2017-09-12 04:00:00,27064.778761666665
zone1,2017-09-12 05:00:00,25956.106195
zone1,2017-09-12 06:00:00,25358.230086666666
zone1,2017-09-12 07:00:00,27256.991151666665
zone1,2017-09-12 08:00:00,29840.707963333334
zone1,2017-09-12 09:00:00,33345.13274166667
zone1,2017-09-12 10:00:00,36054.15929166666
zone1,2017-09-12 11:00:00,37735.221241666666
zone1,2017-09-12 12:00:00,38425.48672833334
zone1,2017-09-12 13:00:00,38145.132745
zone1,2017-09-12 14:00:00,37825.486725
zone1,2017-09-12 15:00:00,37159.646016666666
zone1,2017-09-12 16:00:00,35869.38053
zone1,2017-09-12 17:00:00,35960.707965
zone1,2017-09-12 18:00:00,40308.318583333334
zone1,2017-09-12 19:00:00,47459.46902833334
zone1,2017-09-12 20:00:00,47233.27433666666
zone1,2017-09-12 21:00:00,45207.079645
zone1,2017-09-12 22:00:00,41464.77876166667
zone1,2017-09-12 23:00:00,36032.920355
zone1,2017-09-13 00:00:00,31822.300883333333
zone1,2017-09-13 01:00:00,29151.504423333332
zone1,2017-09-13 02:00:00,27824.070796666667
zone1,2017-09-13 03:00:00,27454.513273333334
zone1,2017-09-13 04:00:00,27629.734513333333
zone1,2017-09-13 05:00:00,26469.026548333335
zone1,2017-09-13 06:00:00,26034.69026666667
zone1,2017-09-13 07:00:00,28074.690265
zone1,2017-09-13 08:00:00,30961.061948333332
zone1,2017-09-13 09:00:00,34053.45132666667
zone1,2017-09-13 10:00:00,36847.43363
zone1,2017-09-13 11:00:00,38513.628319999996
zone1,2017-09-13 12:00:00,39361.06194666666
zone1,2017-09-13 13:00:00,38869.38053333334
zone1,2017-09-13 14:00:00,38251.32743333333
zone1,2017-09-13 15:00:00,37386.902656666665
zone1,2017-09-13 16:00:00,36322.83185833333
zone1,2017-09-13 17:00:00,36516.106195
zone1,2017-09-13 18:00:00,41340.530973333334
zone1,2017-09-13 19:00:00,48092.38938
zone1,2017-09-13 20:00:00,47162.12389333333
zone1,2017-09-13 21:00:00,44899.115045000006
zone1,2017-09-13 22:00:00,40666.194691666664
zone1,2017-09-13 23:00:00,35538.05309833334
zone1,2017-09-14 00:00:00,31533.451328333333
zone1,2017-09-14 01:00:00,29195.044244999997
zone1,2017-09-14 02:00:00,27945.13274333333
zone1,2017-09-14 03:00:00,27541.59292
zone1,2017-09-14 04:00:00,27765.663716666666
zone1,2017-09-14 05:00:00,26213.09734333333
zone1,2017-09-14 06:00:00,25623.716815000003
zone1,2017-09-14 07:00:00,27666.90265666667
zone1,2017-09-14 08:00:00,30793.274335
zone1,2017-09-14 09:00:00,34575.929201666666
zone1,2017-09-14 10:00:00,37448.49557666667
zone1,2017-09-14 11:00:00,39328.14159166667
zone1,2017-09-14 12:00:00,40124.60177
zone1,2017-09-14 13:00:00,40031.150441666665
zone1,2017-09-14 14:00:00,39424.77876166667
zone1,2017-09-14 15:00:00,38277.876105
zone1,2017-09-14 16:00:00,37311.504425
zone1,2017-09-14 17:00:00,37141.59292166666
zone1,2017-09-14 18:00:00,41165.309734999995
zone1,2017-09-14 19:00:00,47752.56637166667
zone1,2017-09-14 20:00:00,47035.75221333333
zone1,2017-09-14 21:00:00,44629.38053166666
zone1,2017-09-14 22:00:00,40050.26548833333
zone1,2017-09-14 23:00:00,34856.283188333335
zone1,2017-09-15 00:00:00,30862.300885
zone1,2017-09-15 01:00:00,28784.070796666667
zone1,2017-09-15 02:00:00,27609.557523333333
zone1,2017-09-15 03:00:00,27140.176991666667
zone1,2017-09-15 04:00:00,27566.0177
zone1,2017-09-15 05:00:00,26357.522123333332
zone1,2017-09-15 06:00:00,25612.035398333333
zone1,2017-09-15 07:00:00,27286.725663333335
zone1,2017-09-15 08:00:00,30278.23009
zone1,2017-09-15 09:00:00,33727.43362833333
zone1,2017-09-15 10:00:00,36541.59292166666
zone1,2017-09-15 11:00:00,38068.67256666667
zone1,2017-09-15 12:00:00,36970.61946833334
zone1,2017-09-15 13:00:00,36616.99115
zone1,2017-09-15 14:00:00,35997.87610666667
zone1,2017-09-15 15:00:00,35497.69911666666
zone1,2017-09-15 16:00:00,35096.283185
zone1,2017-09-15 17:00:00,34709.73451166667
zone1,2017-09-15 18:00:00,39635.044246666665
zone1,2017-09-15 19:00:00,46196.81416
zone1,2017-09-15 20:00:00,45605.30973333333
zone1,2017-09-15 21:00:00,43244.60177
zone1,2017-09-15 22:00:00,38779.115041666664
zone1,2017-09-15 23:00:00,33719.99999833333
zone1,2017-09-16 00:00:00,30140.176991666667
zone1,2017-09-16 01:00:00,28039.646016666666
zone1,2017-09-16 02:00:00,26740.884956666665
zone1,2017-09-16 03:00:00,26270.442478333334
zone1,2017-09-16 04:00:00,26617.699115
zone1,2017-09-16 05:00:00,24856.99114833333
zone1,2017-09-16 06:00:00,23447.78761166667
zone1,2017-09-16 07:00:00,25427.25663666667
zone1,2017-09-16 08:00:00,29052.743361666668
zone1,2017-09-16 09:00:00,31861.59292
zone1,2017-09-16 10:00:00,34329.55752166667
zone1,2017-09-16 11:00:00,35923.539821666665
zone1,2017-09-16 12:00:00,35993.62831833333
zone1,2017-09-16 13:00:00,35559.292036666666
zone1,2017-09-16 14:00:00,35919.292036666666
zone1,2017-09-16 15:00:00,35790.796460000005
zone1,2017-09-16 16:00:00,35150.442475
zone1,2017-09-16 17:00:00,35269.38053166666
zone1,2017-09-16 18:00:00,40533.45133
zone1,2017-09-16 19:00:00,46116.10619333333
zone1,2017-09-16 20:00:00,44938.40708
zone1,2017-09-16 21:00:00,42988.67256499999
zone1,2017-09-16 22:00:00,39549.02654833333
zone1,2017-09-16 23:00:00,34699.11504333333
zone1,2017-09-17 00:00:00,31071.504423333332
zone1,2017-09-17 01:00:00,28322.123891666666
zone1,2017-09-17 02:00:00,26799.292035000002
zone1,2017-09-17 03:00:00,26256.637166666667
zone1,2017-09-17 04:00:00,26528.495574999997
zone1,2017-09-17 05:00:00,24307.964601666667
zone1,2017-09-17 06:00:00,21451.327435
zone1,2017-09-17 07:00:00,22711.858408333337
zone1,2017-09-17 08:00:00,25413.451325
zone1,2017-09-17 09:00:00,29006.017698333333
zone1,2017-09-17 10:00:00,31460.17699333333
zone1,2017-09-17 11:00:00,33009.55752166667
zone1,2017-09-17 12:00:00,33858.05309833333
zone1,2017-09-17 13:00:00,33951.504425
zone1,2017-09-17 14:00:00,33604.24779
zone1,2017-09-17 15:00:00,32465.840708333333
zone1,2017-09-17 16:00:00,31859.46902666667
zone1,2017-09-17 17:00:00,31847.787608333336
zone1,2017-09-17 18:00:00,37072.56637166667
zone1,2017-09-17 19:00:00,44020.884953333334
zone1,2017-09-17 20:00:00,44835.39823
zone1,2017-09-17 21:00:00,43470.796461666665
zone1,2017-09-17 22:00:00,38724.95575166667
zone1,2017-09-17 23:00:00,33294.15929166666
zone1,2017-09-18 00:00:00,29453.09734333333
zone1,2017-09-18 01:00:00,27449.203541666666
zone1,2017-09-18 02:00:00,26490.265486666667
zone1,2017-09-18 03:00:00,26254.513275
zone1,2017-09-18 04:00:00,26633.62831666667
zone1,2017-09-18 05:00:00,25273.274335
zone1,2017-09-18 06:00:00,24429.02655
zone1,2017-09-18 07:00:00,26179.115045
zone1,2017-09-18 08:00:00,28503.716813333333
zone1,2017-09-18 09:00:00,31417.699116666667
zone1,2017-09-18 10:00:00,34146.90265333333
zone1,2017-09-18 11:00:00,36125.309734999995
zone1,2017-09-18 12:00:00,36409.91150333334
zone1,2017-09-18 13:00:00,35992.566373333335
zone1,2017-09-18 14:00:00,36056.28318666667
zone1,2017-09-18 15:00:00,35375.57522
zone1,2017-09-18 16:00:00,34752.21239166667
zone1,2017-09-18 17:00:00,34780.88495666667
zone1,2017-09-18 18:00:00,40802.12389333333
zone1,2017-09-18 19:00:00,46705.48672666666
zone1,2017-09-18 20:00:00,46069.380528333335
zone1,2017-09-18 21:00:00,42914.33628333333
zone1,2017-09-18 22:00:00,37968.849558333335
zone1,2017-09-18 23:00:00,32758.93805333333
zone1,2017-09-19 00:00:00,29476.460178333335
zone1,2017-09-19 01:00:00,27636.106195
zone1,2017-09-19 02:00:00,26400.0
zone1,2017-09-19 03:00:00,26253.451325
zone1,2017-09-19 04:00:00,26578.407078333334
zone1,2017-09-19 05:00:00,25549.38053
zone1,2017-09-19 06:00:00,24486.37168333333
zone1,2017-09-19 07:00:00,26158.938051666668
zone1,2017-09-19 08:00:00,28803.185840000002
zone1,2017-09-19 09:00:00,32360.707964999998
zone1,2017-09-19 10:00:00,35807.78761
zone1,2017-09-19 11:00:00,37223.362831666665
zone1,2017-09-19 12:00:00,37684.247785
zone1,2017-09-19 13:00:00,37296.637168333335
zone1,2017-09-19 14:00:00,37271.15044333333
zone1,2017-09-19 15:00:00,36182.65486666667
zone1,2017-09-19 16:00:00,35188.672568333335
zone1,2017-09-19 17:00:00,35063.36283
zone1,2017-09-19 18:00:00,41300.17699
zone1,2017-09-19 19:00:00,47032.566373333335
zone1,2017-09-19 20:00:00,46186.194690000004
zone1,2017-09-19 21:00:00,43574.867255
zone1,2017-09-19 22:00:00,38930.97345
zone1,2017-09-19 23:00:00,33769.91150333333
zone1,2017-09-20 00:00:00,29829.026548333335
zone1,2017-09-20 01:00:00,27817.699116666667
zone1,2017-09-20 02:00:00,26646.371681666667
zone1,2017-09-20 03:00:00,25991.150443333332
zone1,2017-09-20 04:00:00,26779.115043333335
zone1,2017-09-20 05:00:00,26015.57522166667
zone1,2017-09-20 06:00:00,25404.95575333333
zone1,2017-09-20 07:00:00,26640.0
zone1,2017-09-20 08:00:00,30276.106193333337
zone1,2017-09-20 09:00:00,30696.63716833333
zone1,2017-09-20 10:00:00,34040.707965
zone1,2017-09-20 11:00:00,37385.84070666667
zone1,2017-09-20 12:00:00,37692.74336666667
zone1,2017-09-20 13:00:00,37159.64601833333
zone1,2017-09-20 14:00:00,36605.309734999995
zone1,2017-09-20 15:00:00,35779.115045
zone1,2017-09-20 16:00:00,34808.49557666667
zone1,2017-09-20 17:00:00,35096.28318666667
zone1,2017-09-20 18:00:00,41785.48672666666
zone1,2017-09-20 19:00:00,47380.884954999994
zone1,2017-09-20 20:00:00,46486.72566333334
zone1,2017-09-20 21:00:00,43644.955753333335
zone1,2017-09-20 22:00:00,38902.300885
zone1,2017-09-20 23:00:00,33738.05309666666
zone1,2017-09-21 00:00:00,29869.38053
zone1,2017-09-21 01:00:00,27665.840706666666
zone1,2017-09-21 02:00:00,26851.327433333336
zone1,2017-09-21 03:00:00,26821.592921666666
zone1,2017-09-21 04:00:00,27244.247786666663
zone1,2017-09-21 05:00:00,26435.04424833333
zone1,2017-09-21 06:00:00,25407.079645
zone1,2017-09-21 07:00:00,24090.265485
zone1,2017-09-21 08:00:00,26820.53097333333
zone1,2017-09-21 09:00:00,29784.42477833333
zone1,2017-09-21 10:00:00,32457.345133333336
zone1,2017-09-21 11:00:00,33620.176993333334
zone1,2017-09-21 12:00:00,35812.03539833333
zone1,2017-09-21 13:00:00,36886.72566333333
zone1,2017-09-21 14:00:00,36471.504425
zone1,2017-09-21 15:00:00,36143.36283333333
zone1,2017-09-21 16:00:00,35788.672565
zone1,2017-09-21 17:00:00,35915.04424833334
zone1,2017-09-21 18:00:00,42679.646016666666
zone1,2017-09-21 19:00:00,47202.477876666664
zone1,2017-09-21 20:00:00,46495.22123833333
zone1,2017-09-21 21:00:00,43886.0177
zone1,2017-09-21 22:00:00,39551.150441666665
zone1,2017-09-21 23:00:00,34519.646016666666
zone1,2017-09-22 00:00:00,30549.026548333335
zone1,2017-09-22 01:00:00,28227.610620000003
zone1,2017-09-22 02:00:00,27307.964601666667
zone1,2017-09-22 03:00:00,26971.327433333336
zone1,2017-09-22 04:00:00,26747.256638333332
zone1,2017-09-22 05:00:00,25584.424776666667
zone1,2017-09-22 06:00:00,22955.04424666667
zone1,2017-09-22 07:00:00,24216.637166666667
zone1,2017-09-22 08:00:00,27812.389379999997
zone1,2017-09-22 09:00:00,31781.946905
zone1,2017-09-22 10:00:00,34516.46017666667
zone1,2017-09-22 11:00:00,35751.50442666667
zone1,2017-09-22 12:00:00,34883.89380666667
zone1,2017-09-22 13:00:00,34800.0
zone1,2017-09-22 14:00:00,34801.06194666666
zone1,2017-09-22 15:00:00,34085.30973666667
zone1,2017-09-22 16:00:00,33965.30973666667
zone1,2017-09-22 17:00:00,34531.32743333333
zone1,2017-09-22 18:00:00,41785.486725
zone1,2017-09-22 19:00:00,46081.061945
zone1,2017-09-22 20:00:00,45549.02655
zone1,2017-09-22 21:00:00,43256.283185
zone1,2017-09-22 22:00:00,39078.584071666664
zone1,2017-09-22 23:00:00,34048.14159
zone1,2017-09-23 00:00:00,30600.0
zone1,2017-09-23 01:00:00,28361.415930000003
zone1,2017-09-23 02:00:00,27161.41593
zone1,2017-09-23 03:00:00,26859.823008333333
zone1,2017-09-23 04:00:00,26947.96460333333
zone1,2017-09-23 05:00:00,25928.495576666668
zone1,2017-09-23 06:00:00,24234.69026666667
zone1,2017-09-23 07:00:00,25922.123891666666
zone1,2017-09-23 08:00:00,27563.893805
zone1,2017-09-23 09:00:00,30038.230086666666
zone1,2017-09-23 10:00:00,34174.513275
zone1,2017-09-23 11:00:00,36967.43363
zone1,2017-09-23 12:00:00,37391.150441666665
zone1,2017-09-23 13:00:00,36938.76106
zone1,2017-09-23 14:00:00,35819.469026666666
zone1,2017-09-23 15:00:00,35015.57521833333
zone1,2017-09-23 16:00:00,34635.39823
zone1,2017-09-23 17:00:00,35223.716815
zone1,2017-09-23 18:00:00,42230.44247833333
zone1,2017-09-23 19:00:00,46137.34513333333
zone1,2017-09-23 20:00:00,45849.55752333333
zone1,2017-09-23 21:00:00,43360.35398166667
zone1,2017-09-23 22:00:00,40124.60177
zone1,2017-09-23 23:00:00,35112.21239
zone1,2017-09-24 00:00:00,30698.76106
zone1,2017-09-24 01:00:00,28081.06194666667
zone1,2017-09-24 02:00:00,26993.628318333333
zone1,2017-09-24 03:00:00,26257.699113333336
zone1,2017-09-24 04:00:00,26203.53982
zone1,2017-09-24 05:00:00,24718.938051666668
zone1,2017-09-24 06:00:00,21555.398230000003
zone1,2017-09-24 07:00:00,22841.41592666667
zone1,2017-09-24 08:00:00,25470.796459999998
zone1,2017-09-24 09:00:00,29023.00885
zone1,2017-09-24 10:00:00,32130.265485
zone1,2017-09-24 11:00:00,33864.42478
zone1,2017-09-24 12:00:00,34329.55752166667
zone1,2017-09-24 13:00:00,34547.256636666665
zone1,2017-09-24 14:00:00,33618.05309666667
zone1,2017-09-24 15:00:00,33127.433626666665
zone1,2017-09-24 16:00:00,32028.31858333333
zone1,2017-09-24 17:00:00,31975.22124
zone1,2017-09-24 18:00:00,39451.32743333333
zone1,2017-09-24 19:00:00,45166.725665
zone1,2017-09-24 20:00:00,45455.57522333334
zone1,2017-09-24 21:00:00,43665.13274166667
zone1,2017-09-24 22:00:00,38703.716811666665
zone1,2017-09-24 23:00:00,33390.79646
zone1,2017-09-25 00:00:00,29722.83185833333
zone1,2017-09-25 01:00:00,27828.31858333333
zone1,2017-09-25 02:00:00,26576.283186666667
zone1,2017-09-25 03:00:00,26569.911503333333
zone1,2017-09-25 04:00:00,26900.176989999996
zone1,2017-09-25 05:00:00,26239.646018333337
zone1,2017-09-25 06:00:00,25366.725663333335
zone1,2017-09-25 07:00:00,27180.53097333333
zone1,2017-09-25 08:00:00,30061.592921666666
zone1,2017-09-25 09:00:00,33505.486723333335
zone1,2017-09-25 10:00:00,36475.75221333333
zone1,2017-09-25 11:00:00,37959.292036666666
zone1,2017-09-25 12:00:00,38496.637168333335
zone1,2017-09-25 13:00:00,38008.141593333334
zone1,2017-09-25 14:00:00,37004.60177
zone1,2017-09-25 15:00:00,36391.85840833333
zone1,2017-09-25 16:00:00,35769.55752
zone1,2017-09-25 17:00:00,36242.12389166667
zone1,2017-09-25 18:00:00,43793.628318333336
zone1,2017-09-25 19:00:00,47182.300885000004
zone1,2017-09-25 20:00:00,46605.663715
zone1,2017-09-25 21:00:00,43476.10619333333
zone1,2017-09-25 22:00:00,38378.76106166667
zone1,2017-09-25 23:00:00,33470.44247833333
zone1,2017-09-26 00:00:00,30450.26548833333
zone1,2017-09-26 01:00:00,28428.318585
zone1,2017-09-26 02:00:00,27528.849556666668
zone1,2017-09-26 03:00:00,26797.168139999998
zone1,2017-09-26 04:00:00,27242.123893333333
zone1,2017-09-26 05:00:00,26810.973453333336
zone1,2017-09-26 06:00:00,25915.752211666666
zone1,2017-09-26 07:00:00,26385.132741666665
zone1,2017-09-26 08:00:00,26246.017698333333
zone1,2017-09-26 09:00:00,28382.654868333335
zone1,2017-09-26 10:00:00,31012.035398333333
zone1,2017-09-26 11:00:00,32550.796458333334
zone1,2017-09-26 12:00:00,33681.76991333333
zone1,2017-09-26 13:00:00,33869.734515
zone1,2017-09-26 14:00:00,34104.424778333334
zone1,2017-09-26 15:00:00,35273.628319999996
zone1,2017-09-26 16:00:00,35026.19469166667
zone1,2017-09-26 17:00:00,36576.63716666667
zone1,2017-09-26 18:00:00,44837.52212333333
zone1,2017-09-26 19:00:00,48050.97345
zone1,2017-09-26 20:00:00,47207.78761
zone1,2017-09-26 21:00:00,44267.256636666665
zone1,2017-09-26 22:00:00,39539.469026666666
zone1,2017-09-26 23:00:00,34476.106195
zone1,2017-09-27 00:00:00,31063.008848333335
zone1,2017-09-27 01:00:00,28981.59292
zone1,2017-09-27 02:00:00,27892.03539666667
zone1,2017-09-27 03:00:00,27476.814158333334
zone1,2017-09-27 04:00:00,27793.274335
zone1,2017-09-27 05:00:00,27490.619468333334
zone1,2017-09-27 06:00:00,26523.185840000002
zone1,2017-09-27 07:00:00,28082.123893333333
zone1,2017-09-27 08:00:00,30900.530971666667
zone1,2017-09-27 09:00:00,33692.38938
zone1,2017-09-27 10:00:00,36396.10619666667
zone1,2017-09-27 11:00:00,38014.513276666665
zone1,2017-09-27 12:00:00,38318.23008833333
zone1,2017-09-27 13:00:00,37641.76991
zone1,2017-09-27 14:00:00,37578.05309833333
zone1,2017-09-27 15:00:00,36581.94690333334
zone1,2017-09-27 16:00:00,35938.40707833334
zone1,2017-09-27 17:00:00,38288.495575
zone1,2017-09-27 18:00:00,45638.23008833333
zone1,2017-09-27 19:00:00,48035.04424833334
zone1,2017-09-27 20:00:00,46793.628319999996
zone1,2017-09-27 21:00:00,43769.203539999995
zone1,2017-09-27 22:00:00,38865.132745
zone1,2017-09-27 23:00:00,33728.495575
zone1,2017-09-28 00:00:00,30121.061948333332
zone1,2017-09-28 01:00:00,28038.58407
zone1,2017-09-28 02:00:00,27366.371681666667
zone1,2017-09-28 03:00:00,26802.477875
zone1,2017-09-28 04:00:00,27275.04424833333
zone1,2017-09-28 05:00:00,27322.83185833333
zone1,2017-09-28 06:00:00,26555.04424833333
zone1,2017-09-28 07:00:00,28084.247786666663
zone1,2017-09-28 08:00:00,30078.584071666668
zone1,2017-09-28 09:00:00,32623.008848333335
zone1,2017-09-28 10:00:00,36286.725665
zone1,2017-09-28 11:00:00,37676.81416
zone1,2017-09-28 12:00:00,38305.48672833334
zone1,2017-09-28 13:00:00,37785.13274166667
zone1,2017-09-28 14:00:00,36957.87610666667
zone1,2017-09-28 15:00:00,36006.37168333333
zone1,2017-09-28 16:00:00,35336.28318666667
zone1,2017-09-28 17:00:00,36185.84070833334
zone1,2017-09-28 18:00:00,44376.637168333335
zone1,2017-09-28 19:00:00,47207.78760833333
zone1,2017-09-28 20:00:00,46498.40708
zone1,2017-09-28 21:00:00,43610.97345
zone1,2017-09-28 22:00:00,38723.893805
zone1,2017-09-28 23:00:00,33716.81415666667
zone1,2017-09-29 00:00:00,30489.557521666666
zone1,2017-09-29 01:00:00,28452.74336333333
zone1,2017-09-29 02:00:00,27331.327433333336
zone1,2017-09-29 03:00:00,27005.309735
zone1,2017-09-29 04:00:00,27470.442476666667
zone1,2017-09-29 05:00:00,27367.433628333336
zone1,2017-09-29 06:00:00,26449.911505
zone1,2017-09-29 07:00:00,27620.176988333333
zone1,2017-09-29 08:00:00,30468.31858333333
zone1,2017-09-29 09:00:00,33910.08849666667
zone1,2017-09-29 10:00:00,36142.300886666664
zone1,2017-09-29 11:00:00,37212.743363333335
zone1,2017-09-29 12:00:00,36294.15929
zone1,2017-09-29 13:00:00,36075.39823
zone1,2017-09-29 14:00:00,35544.424778333334
zone1,2017-09-29 15:00:00,34757.522123333336
zone1,2017-09-29 16:00:00,34351.858406666666
zone1,2017-09-29 17:00:00,34925.309735
zone1,2017-09-29 18:00:00,43147.96460166667
zone1,2017-09-29 19:00:00,46554.69026833333
zone1,2017-09-29 20:00:00,45869.73451333333
zone1,2017-09-29 21:00:00,43556.81416
zone1,2017-09-29 22:00:00,39338.76106
zone1,2017-09-29 23:00:00,34099.11504333333
zone1,2017-09-30 00:00:00,30357.876106666667
zone1,2017-09-30 01:00:00,28207.433628333336
zone1,2017-09-30 02:00:00,27106.19469
zone1,2017-09-30 03:00:00,26915.04424833333
zone1,2017-09-30 04:00:00,27380.176988333333
zone1,2017-09-30 05:00:00,26496.637166666667
zone1,2017-09-30 06:00:00,24387.610620000003
zone1,2017-09-30 07:00:00,25205.30973333333
zone1,2017-09-30 08:00:00,25530.265486666667
zone1,2017-09-30 09:00:00,28381.59292
zone1,2017-09-30 10:00:00,31069.38053
zone1,2017-09-30 11:00:00,32345.840708333333
zone1,2017-09-30 12:00:00,32590.088496666664
zone1,2017-09-30 13:00:00,32114.336281666667
zone1,2017-09-30 14:00:00,31333.805308333333
zone1,2017-09-30 15:00:00,27793.274335
zone1,2017-09-30 16:00:00,28722.477876666668
zone1,2017-09-30 17:00:00,31598.230088333334
zone1,2017-09-30 18:00:00,40024.77876
zone1,2017-09-30 19:00:00,42151.858406666666
zone1,2017-09-30 20:00:00,41875.752211666666
zone1,2017-09-30 21:00:00,40586.54867333333
zone1,2017-09-30 22:00:00,38609.203539999995
zone1,2017-09-30 23:00:00,34486.72566333333
zone1,2017-10-01 00:00:00,30292.51641
zone1,2017-10-01 01:00:00,28481.750548333333
zone1,2017-10-01 02:00:00,27012.34135833333
zone1,2017-10-01 03:00:00,26735.054701666668
zone1,2017-10-01 04:00:00,27211.903720000002
zone1,2017-10-01 05:00:00,24652.253831666665
zone1,2017-10-01 06:00:00,22125.164115000003
zone1,2017-10-01 07:00:00,23137.680525
zone1,2017-10-01 08:00:00,25755.098468333334
zone1,2017-10-01 09:00:00,29119.299781666665
zone1,2017-10-01 10:00:00,32066.520786666664
zone1,2017-10-01 11:00:00,33733.391685
zone1,2017-10-01 12:00:00,34217.592995
zone1,2017-10-01 13:00:00,34208.14004333333
zone1,2017-10-01 14:00:00,33777.50547333333
zone1,2017-10-01 15:00:00,32273.435448333334
zone1,2017-10-01 16:00:00,32083.32604
zone1,2017-10-01 17:00:00,33640.96280166667
zone1,2017-10-01 18:00:00,42252.60393666667
zone1,2017-10-01 19:00:00,44797.54923333333
zone1,2017-10-01 20:00:00,44711.422320000005
zone1,2017-10-01 21:00:00,42891.2035
zone1,2017-10-01 22:00:00,37958.862145
zone1,2017-10-01 23:00:00,33024.42013
zone1,2017-10-02 00:00:00,29201.225381666667
zone1,2017-10-02 01:00:00,27113.172865
zone1,2017-10-02 02:00:00,26194.135670000003
zone1,2017-10-02 03:00:00,25892.691465
zone1,2017-10-02 04:00:00,26592.210065000003
zone1,2017-10-02 05:00:00,26554.39825
zone1,2017-10-02 06:00:00,25479.912475
zone1,2017-10-02 07:00:00,27316.936541666666
zone1,2017-10-02 08:00:00,29865.03282333333
zone1,2017-10-02 09:00:00,32202.013130000003
zone1,2017-10-02 10:00:00,34913.96061
zone1,2017-10-02 11:00:00,36427.483588333336
zone1,2017-10-02 12:00:00,37297.155361666664
zone1,2017-10-02 13:00:00,36456.89278166666
zone1,2017-10-02 14:00:00,36082.97593166667
zone1,2017-10-02 15:00:00,34663.982495000004
zone1,2017-10-02 16:00:00,34777.417943333334
zone1,2017-10-02 17:00:00,35773.12910333333
zone1,2017-10-02 18:00:00,45107.396061666666
zone1,2017-10-02 19:00:00,47323.58862166666
zone1,2017-10-02 20:00:00,46412.95404666667
zone1,2017-10-02 21:00:00,43624.332603333336
zone1,2017-10-02 22:00:00,38344.332605
zone1,2017-10-02 23:00:00,33174.617066666666
zone1,2017-10-03 00:00:00,29719.037200000002
zone1,2017-10-03 01:00:00,27782.23195
zone1,2017-10-03 02:00:00,26801.225384999998
zone1,2017-10-03 03:00:00,26232.99781333333
zone1,2017-10-03 04:00:00,26368.490153333332
zone1,2017-10-03 05:00:00,26954.573303333334
zone1,2017-10-03 06:00:00,25892.691466666667
zone1,2017-10-03 07:00:00,27803.238513333334
zone1,2017-10-03 08:00:00,30718.949675
zone1,2017-10-03 09:00:00,33839.474835
zone1,2017-10-03 10:00:00,36216.367613333336
zone1,2017-10-03 11:00:00,37716.23632333334
zone1,2017-10-03 12:00:00,37593.34792
zone1,2017-10-03 13:00:00,37434.74836
zone1,2017-10-03 14:00:00,36957.89934333333
zone1,2017-10-03 15:00:00,35576.717723333335
zone1,2017-10-03 16:00:00,35035.79868833333
zone1,2017-10-03 17:00:00,35940.13129166667
zone1,2017-10-03 18:00:00,44730.32822833333
zone1,2017-10-03 19:00:00,46952.822755
zone1,2017-10-03 20:00:00,46119.91247333333
zone1,2017-10-03 21:00:00,42975.229758333335
zone1,2017-10-03 22:00:00,37736.19256166666
zone1,2017-10-03 23:00:00,32666.258206666666
zone1,2017-10-04 00:00:00,29666.520786666664
zone1,2017-10-04 01:00:00,27659.343543333332
zone1,2017-10-04 02:00:00,26776.017506666667
zone1,2017-10-04 03:00:00,26545.995623333332
zone1,2017-10-04 04:00:00,27071.15973666667
zone1,2017-10-04 05:00:00,27310.634571666666
zone1,2017-10-04 06:00:00,25696.28009
zone1,2017-10-04 07:00:00,27166.739605
zone1,2017-10-04 08:00:00,30285.164113333332
zone1,2017-10-04 09:00:00,33227.13347666667
zone1,2017-10-04 10:00:00,33147.30853333334
zone1,2017-10-04 11:00:00,34294.26695833333
zone1,2017-10-04 12:00:00,37441.05033
zone1,2017-10-04 13:00:00,37090.2407
zone1,2017-10-04 14:00:00,36348.70897
zone1,2017-10-04 15:00:00,35411.816191666665
zone1,2017-10-04 16:00:00,34734.354484999996
zone1,2017-10-04 17:00:00,36243.67614833333
zone1,2017-10-04 18:00:00,45205.07658666666
zone1,2017-10-04 19:00:00,47056.805251666665
zone1,2017-10-04 20:00:00,46047.43982333333
zone1,2017-10-04 21:00:00,42731.55361166667
zone1,2017-10-04 22:00:00,37520.87527333333
zone1,2017-10-04 23:00:00,32647.352298333335
zone1,2017-10-05 00:00:00,29798.862143333332
zone1,2017-10-05 01:00:00,27740.21882
zone1,2017-10-05 02:00:00,26845.339168333332
zone1,2017-10-05 03:00:00,26678.336980000004
zone1,2017-10-05 04:00:00,27294.87965
zone1,2017-10-05 05:00:00,27248.66520666667
zone1,2017-10-05 06:00:00,26137.417941666663
zone1,2017-10-05 07:00:00,27537.50547
zone1,2017-10-05 08:00:00,30542.49453
zone1,2017-10-05 09:00:00,32288.140043333333
zone1,2017-10-05 10:00:00,34791.072211666666
zone1,2017-10-05 11:00:00,36024.157549999996
zone1,2017-10-05 12:00:00,36732.078775
zone1,2017-10-05 13:00:00,36193.26039333334
zone1,2017-10-05 14:00:00,35472.73522833333
zone1,2017-10-05 15:00:00,34391.94748333333
zone1,2017-10-05 16:00:00,33482.36324
zone1,2017-10-05 17:00:00,34883.50109666667
zone1,2017-10-05 18:00:00,43146.43325833333
zone1,2017-10-05 19:00:00,44871.072210000006
zone1,2017-10-05 20:00:00,44153.69803
zone1,2017-10-05 21:00:00,41075.185995
zone1,2017-10-05 22:00:00,36019.95623666667
zone1,2017-10-05 23:00:00,31245.164113333332
zone1,2017-10-06 00:00:00,28080.525163333336
zone1,2017-10-06 01:00:00,26139.5186
zone1,2017-10-06 02:00:00,25259.343545
zone1,2017-10-06 03:00:00,24830.809628333333
zone1,2017-10-06 04:00:00,25573.391683333335
zone1,2017-10-06 05:00:00,26215.14223166667
zone1,2017-10-06 06:00:00,25114.39825
zone1,2017-10-06 07:00:00,26915.711160000003
zone1,2017-10-06 08:00:00,30462.669583333332
zone1,2017-10-06 09:00:00,33117.89934333333
zone1,2017-10-06 10:00:00,35527.35229833333
zone1,2017-10-06 11:00:00,37199.47483666667
zone1,2017-10-06 12:00:00,36551.42231833333
zone1,2017-10-06 13:00:00,36734.17943
zone1,2017-10-06 14:00:00,35857.15536
zone1,2017-10-06 15:00:00,32721.925601666666
zone1,2017-10-06 16:00:00,32094.87965
zone1,2017-10-06 17:00:00,34962.27571166667
zone1,2017-10-06 18:00:00,44593.78555833333
zone1,2017-10-06 19:00:00,46092.603938333334
zone1,2017-10-06 20:00:00,45511.772430000005
zone1,2017-10-06 21:00:00,43040.35011
zone1,2017-10-06 22:00:00,38308.621445000004
zone1,2017-10-06 23:00:00,33442.450765
zone1,2017-10-07 00:00:00,29917.549235
zone1,2017-10-07 01:00:00,27993.34792
zone1,2017-10-07 02:00:00,26781.269145
zone1,2017-10-07 03:00:00,26204.638949999997
zone1,2017-10-07 04:00:00,26492.428885
zone1,2017-10-07 05:00:00,26842.188185000003
zone1,2017-10-07 06:00:00,24395.973743333336
zone1,2017-10-07 07:00:00,25742.494531666667
zone1,2017-10-07 08:00:00,28999.56236333333
zone1,2017-10-07 09:00:00,32566.477023333337
zone1,2017-10-07 10:00:00,34927.61488166667
zone1,2017-10-07 11:00:00,36331.90371666667
zone1,2017-10-07 12:00:00,36792.99781166667
zone1,2017-10-07 13:00:00,36820.30634333334
zone1,2017-10-07 14:00:00,36153.34792166667
zone1,2017-10-07 15:00:00,34967.52735333333
zone1,2017-10-07 16:00:00,34578.90590666667
zone1,2017-10-07 17:00:00,35723.763675
zone1,2017-10-07 18:00:00,44629.496718333336
zone1,2017-10-07 19:00:00,46259.606125
zone1,2017-10-07 20:00:00,45100.043765
zone1,2017-10-07 21:00:00,43459.43107333333
zone1,2017-10-07 22:00:00,38832.73522833334
zone1,2017-10-07 23:00:00,34150.37199166667
zone1,2017-10-08 00:00:00,30495.22975833333
zone1,2017-10-08 01:00:00,28315.798686666665
zone1,2017-10-08 02:00:00,27106.870898333334
zone1,2017-10-08 03:00:00,26310.722101666663
zone1,2017-10-08 04:00:00,26393.69803
zone1,2017-10-08 05:00:00,26329.628008333337
zone1,2017-10-08 06:00:00,22600.96280166667
zone1,2017-10-08 07:00:00,23140.83151
zone1,2017-10-08 08:00:00,26292.866521666667
zone1,2017-10-08 09:00:00,29880.787744999998
zone1,2017-10-08 10:00:00,32568.57768
zone1,2017-10-08 11:00:00,33909.846828333335
zone1,2017-10-08 12:00:00,34402.450764999994
zone1,2017-10-08 13:00:00,34887.70240666667
zone1,2017-10-08 14:00:00,33889.89059
zone1,2017-10-08 15:00:00,32899.431071666666
zone1,2017-10-08 16:00:00,32258.730855
zone1,2017-10-08 17:00:00,33583.19475
zone1,2017-10-08 18:00:00,42885.95186
zone1,2017-10-08 19:00:00,45721.83807333334
zone1,2017-10-08 20:00:00,45481.31291166667
zone1,2017-10-08 21:00:00,43064.50765666667
zone1,2017-10-08 22:00:00,37945.207875
zone1,2017-10-08 23:00:00,32895.229759999995
zone1,2017-10-09 00:00:00,29373.479211666665
zone1,2017-10-09 01:00:00,27659.343545
zone1,2017-10-09 02:00:00,26867.39606
zone1,2017-10-09 03:00:00,26654.179431666667
zone1,2017-10-09 04:00:00,26834.835884999997
zone1,2017-10-09 05:00:00,27392.56017333333
zone1,2017-10-09 06:00:00,26331.728665000002
zone1,2017-10-09 07:00:00,27930.32823
zone1,2017-10-09 08:00:00,29076.236323333334
zone1,2017-10-09 09:00:00,29099.343543333332
zone1,2017-10-09 10:00:00,31765.076588333333
zone1,2017-10-09 11:00:00,35014.79212333333
zone1,2017-10-09 12:00:00,37100.743983333334
zone1,2017-10-09 13:00:00,37104.945295
zone1,2017-10-09 14:00:00,36217.417943333334
zone1,2017-10-09 15:00:00,35021.094091666666
zone1,2017-10-09 16:00:00,34096.80525
zone1,2017-10-09 17:00:00,36089.277898333334
zone1,2017-10-09 18:00:00,45910.897155000006
zone1,2017-10-09 19:00:00,46829.93435333334
zone1,2017-10-09 20:00:00,46020.13129166667
zone1,2017-10-09 21:00:00,42775.667396666664
zone1,2017-10-09 22:00:00,37300.30634666667
zone1,2017-10-09 23:00:00,32421.531726666668
zone1,2017-10-10 00:00:00,28789.496718333336
zone1,2017-10-10 01:00:00,26946.170676666665
zone1,2017-10-10 02:00:00,26127.96498666667
zone1,2017-10-10 03:00:00,25819.168491666667
zone1,2017-10-10 04:00:00,26133.216631666666
zone1,2017-10-10 05:00:00,27009.19037
zone1,2017-10-10 06:00:00,25688.92779
zone1,2017-10-10 07:00:00,26678.336980000004
zone1,2017-10-10 08:00:00,28664.507658333332
zone1,2017-10-10 09:00:00,31379.606126666666
zone1,2017-10-10 10:00:00,33635.71116
zone1,2017-10-10 11:00:00,34885.60175
zone1,2017-10-10 12:00:00,35093.56673666667
zone1,2017-10-10 13:00:00,35052.603938333334
zone1,2017-10-10 14:00:00,35890.765865
zone1,2017-10-10 15:00:00,34921.31291
zone1,2017-10-10 16:00:00,34107.308535
zone1,2017-10-10 17:00:00,36308.796500000004
zone1,2017-10-10 18:00:00,45677.724290000006
zone1,2017-10-10 19:00:00,46604.113785
zone1,2017-10-10 20:00:00,45902.494529999996
zone1,2017-10-10 21:00:00,42637.02407
zone1,2017-10-10 22:00:00,37284.55142333333
zone1,2017-10-10 23:00:00,32778.643326666665
zone1,2017-10-11 00:00:00,29523.676148333336
zone1,2017-10-11 01:00:00,27495.49234
zone1,2017-10-11 02:00:00,26323.326038333336
zone1,2017-10-11 03:00:00,26041.838075000003
zone1,2017-10-11 04:00:00,26327.527351666668
zone1,2017-10-11 05:00:00,27374.704598333334
zone1,2017-10-11 06:00:00,25743.544855
zone1,2017-10-11 07:00:00,26885.251641666666
zone1,2017-10-11 08:00:00,29919.64989
zone1,2017-10-11 09:00:00,32678.862143333332
zone1,2017-10-11 10:00:00,35358.24945333333
zone1,2017-10-11 11:00:00,36279.38731
zone1,2017-10-11 12:00:00,37179.5186
zone1,2017-10-11 13:00:00,37218.38074166667
zone1,2017-10-11 14:00:00,36665.908095
zone1,2017-10-11 15:00:00,35170.24070166666
zone1,2017-10-11 16:00:00,35012.69146666667
zone1,2017-10-11 17:00:00,38011.37855833333
zone1,2017-10-11 18:00:00,46745.908095
zone1,2017-10-11 19:00:00,47330.940918333334
zone1,2017-10-11 20:00:00,45860.48140333333
zone1,2017-10-11 21:00:00,42595.01094166667
zone1,2017-10-11 22:00:00,37412.691465
zone1,2017-10-11 23:00:00,32831.159738333336
zone1,2017-10-12 00:00:00,29536.28009
zone1,2017-10-12 01:00:00,27690.853393333335
zone1,2017-10-12 02:00:00,26683.58862
zone1,2017-10-12 03:00:00,26301.26914666667
zone1,2017-10-12 04:00:00,26678.336980000004
zone1,2017-10-12 05:00:00,27803.238511666666
zone1,2017-10-12 06:00:00,26615.31728666667
zone1,2017-10-12 07:00:00,27869.409188333335
zone1,2017-10-12 08:00:00,31049.803063333336
zone1,2017-10-12 09:00:00,34696.54267
zone1,2017-10-12 10:00:00,37037.72429
zone1,2017-10-12 11:00:00,37332.86652
zone1,2017-10-12 12:00:00,37881.13785666667
zone1,2017-10-12 13:00:00,36869.67177166667
zone1,2017-10-12 14:00:00,36296.19256
zone1,2017-10-12 15:00:00,35921.22538166667
zone1,2017-10-12 16:00:00,34629.321659999994
zone1,2017-10-12 17:00:00,36843.41356666666
zone1,2017-10-12 18:00:00,46797.37417833333
zone1,2017-10-12 19:00:00,47435.97374166667
zone1,2017-10-12 20:00:00,46068.44638833334
zone1,2017-10-12 21:00:00,42932.166301666664
zone1,2017-10-12 22:00:00,37745.64551333333
zone1,2017-10-12 23:00:00,32769.190371666664
zone1,2017-10-13 00:00:00,29727.439824999998
zone1,2017-10-13 01:00:00,27989.14661
zone1,2017-10-13 02:00:00,26878.949671666665
zone1,2017-10-13 03:00:00,26507.133478333333
zone1,2017-10-13 04:00:00,26866.345733333335
zone1,2017-10-13 05:00:00,27889.365426666667
zone1,2017-10-13 06:00:00,26544.945293333334
zone1,2017-10-13 07:00:00,28077.37418
zone1,2017-10-13 08:00:00,31641.137854999997
zone1,2017-10-13 09:00:00,33971.81619333333
zone1,2017-10-13 10:00:00,35831.94748333333
zone1,2017-10-13 11:00:00,36822.407
zone1,2017-10-13 12:00:00,36197.461705
zone1,2017-10-13 13:00:00,35841.40043666667
zone1,2017-10-13 14:00:00,35525.25164166667
zone1,2017-10-13 15:00:00,34231.24726333333
zone1,2017-10-13 16:00:00,33436.148795
zone1,2017-10-13 17:00:00,35633.43545
zone1,2017-10-13 18:00:00,44575.92997833333
zone1,2017-10-13 19:00:00,45070.63457333334
zone1,2017-10-13 20:00:00,44367.96499166667
zone1,2017-10-13 21:00:00,42493.129101666666
zone1,2017-10-13 22:00:00,37927.35229833333
zone1,2017-10-13 23:00:00,33054.87965
zone1,2017-10-14 00:00:00,29727.439823333334
zone1,2017-10-14 01:00:00,27856.805251666665
zone1,2017-10-14 02:00:00,26826.433261666665
zone1,2017-10-14 03:00:00,26470.371991666663
zone1,2017-10-14 04:00:00,26585.908096666666
zone1,2017-10-14 05:00:00,27383.10722
zone1,2017-10-14 06:00:00,25253.041576666667
zone1,2017-10-14 07:00:00,26581.706781666668
zone1,2017-10-14 08:00:00,30212.691465
zone1,2017-10-14 09:00:00,33165.16411666667
zone1,2017-10-14 10:00:00,35601.9256
zone1,2017-10-14 11:00:00,36796.148795
zone1,2017-10-14 12:00:00,36732.078773333335
zone1,2017-10-14 13:00:00,36794.04814
zone1,2017-10-14 14:00:00,35512.64770333333
zone1,2017-10-14 15:00:00,34658.730855
zone1,2017-10-14 16:00:00,33856.280086666666
zone1,2017-10-14 17:00:00,37030.37199
zone1,2017-10-14 18:00:00,45113.69803
zone1,2017-10-14 19:00:00,45810.065644999995
zone1,2017-10-14 20:00:00,44718.774615
zone1,2017-10-14 21:00:00,43056.105031666666
zone1,2017-10-14 22:00:00,38524.98906166667
zone1,2017-10-14 23:00:00,33644.11378666666
zone1,2017-10-15 00:00:00,30097.15536
zone1,2017-10-15 01:00:00,28100.4814
zone1,2017-10-15 02:00:00,26903.107221666665
zone1,2017-10-15 03:00:00,26367.43982666667
zone1,2017-10-15 04:00:00,26250.853391666667
zone1,2017-10-15 05:00:00,26820.13129166667
zone1,2017-10-15 06:00:00,22985.382931666667
zone1,2017-10-15 07:00:00,23894.96717666667
zone1,2017-10-15 08:00:00,26928.315098333333
zone1,2017-10-15 09:00:00,30160.175056666663
zone1,2017-10-15 10:00:00,32474.04814
zone1,2017-10-15 11:00:00,34050.590808333334
zone1,2017-10-15 12:00:00,34665.032823333335
zone1,2017-10-15 13:00:00,35310.984683333336
zone1,2017-10-15 14:00:00,34354.13566666667
zone1,2017-10-15 15:00:00,33322.71334833334
zone1,2017-10-15 16:00:00,32593.78555666667
zone1,2017-10-15 17:00:00,34992.73523
zone1,2017-10-15 18:00:00,44115.886211666664
zone1,2017-10-15 19:00:00,45687.17724
zone1,2017-10-15 20:00:00,45198.77461833333
zone1,2017-10-15 21:00:00,42294.61706833333
zone1,2017-10-15 22:00:00,37342.319475000004
zone1,2017-10-15 23:00:00,31941.53172833333
zone1,2017-10-16 00:00:00,29056.280086666666
zone1,2017-10-16 01:00:00,27509.146608333333
zone1,2017-10-16 02:00:00,26471.42232
zone1,2017-10-16 03:00:00,26130.065645
zone1,2017-10-16 04:00:00,26482.97593
zone1,2017-10-16 05:00:00,27715.010941666667
zone1,2017-10-16 06:00:00,26539.693653333332
zone1,2017-10-16 07:00:00,27562.71334833333
zone1,2017-10-16 08:00:00,30299.86870833333
zone1,2017-10-16 09:00:00,33197.72428833333
zone1,2017-10-16 10:00:00,35932.778995
zone1,2017-10-16 11:00:00,36698.468271666665
zone1,2017-10-16 12:00:00,37508.271335
zone1,2017-10-16 13:00:00,37090.240698333335
zone1,2017-10-16 14:00:00,36487.35229666667
zone1,2017-10-16 15:00:00,35025.295406666664
zone1,2017-10-16 16:00:00,34782.669585
zone1,2017-10-16 17:00:00,38033.43545
zone1,2017-10-16 18:00:00,46411.90372
zone1,2017-10-16 19:00:00,46851.991245000005
zone1,2017-10-16 20:00:00,45404.63895
zone1,2017-10-16 21:00:00,41931.20350333333
zone1,2017-10-16 22:00:00,36790.89715333333
zone1,2017-10-16 23:00:00,31898.46827166667
zone1,2017-10-17 00:00:00,28523.763676666666
zone1,2017-10-17 01:00:00,26758.161926666668
zone1,2017-10-17 02:00:00,25706.78337166667
zone1,2017-10-17 03:00:00,25631.159738333332
zone1,2017-10-17 04:00:00,25939.956236666665
zone1,2017-10-17 05:00:00,27495.492339999997
zone1,2017-10-17 06:00:00,26300.218818333335
zone1,2017-10-17 07:00:00,27478.687088333332
zone1,2017-10-17 08:00:00,30832.385120000003
zone1,2017-10-17 09:00:00,33870.98468166666
zone1,2017-10-17 10:00:00,36863.369803333335
zone1,2017-10-17 11:00:00,38757.11159666666
zone1,2017-10-17 12:00:00,39223.45733
zone1,2017-10-17 13:00:00,38613.21663166666
zone1,2017-10-17 14:00:00,38161.57549166667
zone1,2017-10-17 15:00:00,36151.24726333333
zone1,2017-10-17 16:00:00,35173.39168333333
zone1,2017-10-17 17:00:00,38409.45295666667
zone1,2017-10-17 18:00:00,46798.424510000004
zone1,2017-10-17 19:00:00,46870.897156666666
zone1,2017-10-17 20:00:00,45425.64551333333
zone1,2017-10-17 21:00:00,41956.41137833334
zone1,2017-10-17 22:00:00,36784.595186666666
zone1,2017-10-17 23:00:00,31958.336980000004
zone1,2017-10-18 00:00:00,28446.039386666667
zone1,2017-10-18 01:00:00,26853.741793333334
zone1,2017-10-18 02:00:00,26283.413566666666
zone1,2017-10-18 03:00:00,25871.684901666667
zone1,2017-10-18 04:00:00,26330.678336666664
zone1,2017-10-18 05:00:00,27647.789934999997
zone1,2017-10-18 06:00:00,27200.35011
zone1,2017-10-18 07:00:00,27802.188185000003
zone1,2017-10-18 08:00:00,30520.437635
zone1,2017-10-18 09:00:00,30146.52079
zone1,2017-10-18 10:00:00,31080.26258
zone1,2017-10-18 11:00:00,37143.807440000004
zone1,2017-10-18 12:00:00,37478.862145
zone1,2017-10-18 13:00:00,36173.30415666667
zone1,2017-10-18 14:00:00,35548.35886166667
zone1,2017-10-18 15:00:00,35510.54704333333
zone1,2017-10-18 16:00:00,35343.54485666667
zone1,2017-10-18 17:00:00,40553.17286666667
zone1,2017-10-18 18:00:00,46915.01094166667
zone1,2017-10-18 19:00:00,46572.60393666666
zone1,2017-10-18 20:00:00,44467.74617
zone1,2017-10-18 21:00:00,40995.36105
zone1,2017-10-18 22:00:00,35515.79868666667
zone1,2017-10-18 23:00:00,31008.84026333333
zone1,2017-10-19 00:00:00,27831.597375
zone1,2017-10-19 01:00:00,26314.923413333334
zone1,2017-10-19 02:00:00,25492.516411666667
zone1,2017-10-19 03:00:00,25050.328225
zone1,2017-10-19 04:00:00,25445.251640000002
zone1,2017-10-19 05:00:00,26802.275713333333
zone1,2017-10-19 06:00:00,25590.196936666664
zone1,2017-10-19 07:00:00,26750.80962666667
zone1,2017-10-19 08:00:00,29567.789933333333
zone1,2017-10-19 09:00:00,32878.424505
zone1,2017-10-19 10:00:00,34882.450765
zone1,2017-10-19 11:00:00,36265.73304333333
zone1,2017-10-19 12:00:00,36994.660833333335
zone1,2017-10-19 13:00:00,36551.42232
zone1,2017-10-19 14:00:00,35951.6849
zone1,2017-10-19 15:00:00,34876.148798333335
zone1,2017-10-19 16:00:00,35244.81400333333
zone1,2017-10-19 17:00:00,37677.37418
zone1,2017-10-19 18:00:00,45729.190371666664
zone1,2017-10-19 19:00:00,45749.146608333336
zone1,2017-10-19 20:00:00,44563.32603999999
zone1,2017-10-19 21:00:00,41254.79212333333
zone1,2017-10-19 22:00:00,36142.84464
zone1,2017-10-19 23:00:00,31600.175055
zone1,2017-10-20 00:00:00,28245.426696666666
zone1,2017-10-20 01:00:00,26585.908096666666
zone1,2017-10-20 02:00:00,25590.196935
zone1,2017-10-20 03:00:00,25296.10503333333
zone1,2017-10-20 04:00:00,25508.271333333334
zone1,2017-10-20 05:00:00,26873.698028333336
zone1,2017-10-20 06:00:00,25528.22757
zone1,2017-10-20 07:00:00,26116.411378333334
zone1,2017-10-20 08:00:00,29463.80744
zone1,2017-10-20 09:00:00,32132.691465
zone1,2017-10-20 10:00:00,34555.79869
zone1,2017-10-20 11:00:00,35647.089713333335
zone1,2017-10-20 12:00:00,34839.38730833333
zone1,2017-10-20 13:00:00,34755.36105
zone1,2017-10-20 14:00:00,34146.17068
zone1,2017-10-20 15:00:00,33867.833698333336
zone1,2017-10-20 16:00:00,33201.92560166667
zone1,2017-10-20 17:00:00,35629.234135
zone1,2017-10-20 18:00:00,44333.30415833333
zone1,2017-10-20 19:00:00,44637.89934333333
zone1,2017-10-20 20:00:00,43882.713346666664
zone1,2017-10-20 21:00:00,41498.468270000005
zone1,2017-10-20 22:00:00,37074.48577666667
zone1,2017-10-20 23:00:00,31948.884026666667
zone1,2017-10-21 00:00:00,28527.964989999997
zone1,2017-10-21 01:00:00,26397.899343333334
zone1,2017-10-21 02:00:00,25519.82494333333
zone1,2017-10-21 03:00:00,25178.468269999998
zone1,2017-10-21 04:00:00,25260.393874999998
zone1,2017-10-21 05:00:00,26333.829321666668
zone1,2017-10-21 06:00:00,24053.56674166667
zone1,2017-10-21 07:00:00,25185.820568333333
zone1,2017-10-21 08:00:00,28840.962799999998
zone1,2017-10-21 09:00:00,32483.501095
zone1,2017-10-21 10:00:00,34436.06127
zone1,2017-10-21 11:00:00,35905.470460000004
zone1,2017-10-21 12:00:00,36152.29759333333
zone1,2017-10-21 13:00:00,35654.44201333333
zone1,2017-10-21 14:00:00,34777.41794000001
zone1,2017-10-21 15:00:00,33616.80525333333
zone1,2017-10-21 16:00:00,33083.23851333334
zone1,2017-10-21 17:00:00,36287.78993333333
zone1,2017-10-21 18:00:00,44377.417945
zone1,2017-10-21 19:00:00,44590.63457333334
zone1,2017-10-21 20:00:00,44081.22538333334
zone1,2017-10-21 21:00:00,41921.75054833334
zone1,2017-10-21 22:00:00,37906.34573166667
zone1,2017-10-21 23:00:00,32989.75929833334
zone1,2017-10-22 00:00:00,29365.076586666666
zone1,2017-10-22 01:00:00,27413.56674
zone1,2017-10-22 02:00:00,26076.498906666664
zone1,2017-10-22 03:00:00,25598.599561666666
zone1,2017-10-22 04:00:00,25665.820566666665
zone1,2017-10-22 05:00:00,26197.286651666665
zone1,2017-10-22 06:00:00,22426.608315
zone1,2017-10-22 07:00:00,22801.575494999997
zone1,2017-10-22 08:00:00,25680.525163333336
zone1,2017-10-22 09:00:00,29155.010939999996
zone1,2017-10-22 10:00:00,31704.157548333333
zone1,2017-10-22 11:00:00,33486.56455
zone1,2017-10-22 12:00:00,34162.97592833333
zone1,2017-10-22 13:00:00,34182.932166666666
zone1,2017-10-22 14:00:00,33220.831509999996
zone1,2017-10-22 15:00:00,31822.84464
zone1,2017-10-22 16:00:00,31148.53391833333
zone1,2017-10-22 17:00:00,34769.015316666664
zone1,2017-10-22 18:00:00,43537.155361666664
zone1,2017-10-22 19:00:00,44522.36324
zone1,2017-10-22 20:00:00,44148.44638833334
zone1,2017-10-22 21:00:00,41443.85120333333
zone1,2017-10-22 22:00:00,35829.84682666667
zone1,2017-10-22 23:00:00,30899.606126666666
zone1,2017-10-23 00:00:00,27574.266958333334
zone1,2017-10-23 01:00:00,26076.498906666664
zone1,2017-10-23 02:00:00,25173.21663
zone1,2017-10-23 03:00:00,24787.746168333335
zone1,2017-10-23 04:00:00,25075.536105000003
zone1,2017-10-23 05:00:00,26651.028446666664
zone1,2017-10-23 06:00:00,25650.065646666666
zone1,2017-10-23 07:00:00,26335.929978333337
zone1,2017-10-23 08:00:00,29033.172866666664
zone1,2017-10-23 09:00:00,31845.95186
zone1,2017-10-23 10:00:00,34296.367615
zone1,2017-10-23 11:00:00,35984.245075
zone1,2017-10-23 12:00:00,36138.643326666665
zone1,2017-10-23 13:00:00,35664.945295000005
zone1,2017-10-23 14:00:00,35430.72210333333
zone1,2017-10-23 15:00:00,34631.422321666665
zone1,2017-10-23 16:00:00,33965.51422333333
zone1,2017-10-23 17:00:00,38196.236326666665
zone1,2017-10-23 18:00:00,46265.90809833333
zone1,2017-10-23 19:00:00,46348.88402666667
zone1,2017-10-23 20:00:00,44696.717723333335
zone1,2017-10-23 21:00:00,41020.56892666667
zone1,2017-10-23 22:00:00,35898.118161666665
zone1,2017-10-23 23:00:00,31152.735230000002
zone1,2017-10-24 00:00:00,28070.021881666664
zone1,2017-10-24 01:00:00,26137.417944999997
zone1,2017-10-24 02:00:00,25177.417943333334
zone1,2017-10-24 03:00:00,25095.49234
zone1,2017-10-24 04:00:00,25355.97374
zone1,2017-10-24 05:00:00,27190.897155
zone1,2017-10-24 06:00:00,26428.358861666668
zone1,2017-10-24 07:00:00,26956.673961666664
zone1,2017-10-24 08:00:00,29707.483588333333
zone1,2017-10-24 09:00:00,32373.21663
zone1,2017-10-24 10:00:00,34674.485778333335
zone1,2017-10-24 11:00:00,36322.450764999994
zone1,2017-10-24 12:00:00,37102.84464
zone1,2017-10-24 13:00:00,36228.97155333334
zone1,2017-10-24 14:00:00,35653.391685
zone1,2017-10-24 15:00:00,34655.579868333334
zone1,2017-10-24 16:00:00,34200.78774666667
zone1,2017-10-24 17:00:00,38116.41137666666
zone1,2017-10-24 18:00:00,46354.135669999996
zone1,2017-10-24 19:00:00,46180.831509999996
zone1,2017-10-24 20:00:00,44939.34354833333
zone1,2017-10-24 21:00:00,41694.879649999995
zone1,2017-10-24 22:00:00,36017.855578333336
zone1,2017-10-24 23:00:00,31441.575493333334
zone1,2017-10-25 00:00:00,27649.890591666666
zone1,2017-10-25 01:00:00,25700.481401666668
zone1,2017-10-25 02:00:00,24871.772428333334
zone1,2017-10-25 03:00:00,24589.23413333333
zone1,2017-10-25 04:00:00,24841.312908333333
zone1,2017-10-25 05:00:00,27181.444203333333
zone1,2017-10-25 06:00:00,26401.050328333335
zone1,2017-10-25 07:00:00,27122.62582
zone1,2017-10-25 08:00:00,29827.22100666667
zone1,2017-10-25 09:00:00,33235.536105
zone1,2017-10-25 10:00:00,36249.97812
zone1,2017-10-25 11:00:00,34813.12910333333
zone1,2017-10-25 12:00:00,34600.96280166667
zone1,2017-10-25 13:00:00,34560.00000166667
zone1,2017-10-25 14:00:00,33318.51203333333
zone1,2017-10-25 15:00:00,31551.859955000004
zone1,2017-10-25 16:00:00,30844.989058333333
zone1,2017-10-25 17:00:00,34308.97155333333
zone1,2017-10-25 18:00:00,41463.807441666664
zone1,2017-10-25 19:00:00,41264.24507333333
zone1,2017-10-25 20:00:00,39878.862145
zone1,2017-10-25 21:00:00,36744.68271166666
zone1,2017-10-25 22:00:00,32397.374180000003
zone1,2017-10-25 23:00:00,28279.03719833333
zone1,2017-10-26 00:00:00,25547.133478333333
zone1,2017-10-26 01:00:00,23875.010941666667
zone1,2017-10-26 02:00:00,23151.33479333333
zone1,2017-10-26 03:00:00,22997.986870000004
zone1,2017-10-26 04:00:00,22957.02407
zone1,2017-10-26 05:00:00,24740.481401666668
zone1,2017-10-26 06:00:00,24291.99124666667
zone1,2017-10-26 07:00:00,24907.48358666667
zone1,2017-10-26 08:00:00,27872.56017333333
zone1,2017-10-26 09:00:00,30727.352298333335
zone1,2017-10-26 10:00:00,32407.877461666667
zone1,2017-10-26 11:00:00,33352.12253666667
zone1,2017-10-26 12:00:00,33862.58205833333
zone1,2017-10-26 13:00:00,33199.824945
zone1,2017-10-26 14:00:00,33120.0
zone1,2017-10-26 15:00:00,31694.704596666666
zone1,2017-10-26 16:00:00,30934.266958333334
zone1,2017-10-26 17:00:00,34951.77242833333
zone1,2017-10-26 18:00:00,41430.19693666667
zone1,2017-10-26 19:00:00,41338.818381666664
zone1,2017-10-26 20:00:00,40305.29540333333
zone1,2017-10-26 21:00:00,37052.428885
zone1,2017-10-26 22:00:00,31735.667393333333
zone1,2017-10-26 23:00:00,28008.052515
zone1,2017-10-27 00:00:00,25535.579866666667
zone1,2017-10-27 01:00:00,23726.91466
zone1,2017-10-27 02:00:00,22992.735228333335
zone1,2017-10-27 03:00:00,22593.610503333333
zone1,2017-10-27 04:00:00,22872.99781333333
zone1,2017-10-27 05:00:00,23413.916846666663
zone1,2017-10-27 06:00:00,21661.969363333334
zone1,2017-10-27 07:00:00,24283.588621666666
zone1,2017-10-27 08:00:00,26653.129103333336
zone1,2017-10-27 09:00:00,29327.264768333334
zone1,2017-10-27 10:00:00,30771.466083333333
zone1,2017-10-27 11:00:00,32069.671773333335
zone1,2017-10-27 12:00:00,30923.763676666666
zone1,2017-10-27 13:00:00,31487.789936666668
zone1,2017-10-27 14:00:00,31222.05689333333
zone1,2017-10-27 15:00:00,30466.870898333334
zone1,2017-10-27 16:00:00,29943.80744
zone1,2017-10-27 17:00:00,34431.859955
zone1,2017-10-27 18:00:00,40313.69803
zone1,2017-10-27 19:00:00,40018.555798333335
zone1,2017-10-27 20:00:00,39585.82056833333
zone1,2017-10-27 21:00:00,36896.980306666665
zone1,2017-10-27 22:00:00,32811.20350333333
zone1,2017-10-27 23:00:00,28728.57767833333
zone1,2017-10-28 00:00:00,26146.870898333334
zone1,2017-10-28 01:00:00,24312.997813333335
zone1,2017-10-28 02:00:00,23257.417943333334
zone1,2017-10-28 03:00:00,22804.726478333334
zone1,2017-10-28 04:00:00,22923.41357
zone1,2017-10-28 05:00:00,24038.862143333332
zone1,2017-10-28 06:00:00,22558.949671666665
zone1,2017-10-28 07:00:00,23310.984683333332
zone1,2017-10-28 08:00:00,26260.306345
zone1,2017-10-28 09:00:00,29230.634575
zone1,2017-10-28 10:00:00,31600.175056666663
zone1,2017-10-28 11:00:00,32231.42232166667
zone1,2017-10-28 12:00:00,32174.704595
zone1,2017-10-28 13:00:00,31668.446388333334
zone1,2017-10-28 14:00:00,31007.789934999997
zone1,2017-10-28 15:00:00,30097.15536
zone1,2017-10-28 16:00:00,29434.39825
zone1,2017-10-28 17:00:00,34099.956235
zone1,2017-10-28 18:00:00,40723.32603833333
zone1,2017-10-28 19:00:00,40323.15098333333
zone1,2017-10-28 20:00:00,38794.92341166667
zone1,2017-10-28 21:00:00,36892.77899333333
zone1,2017-10-28 22:00:00,33209.277898333334
zone1,2017-10-28 23:00:00,28546.870896666664
zone1,2017-10-29 00:00:00,25807.614878333334
zone1,2017-10-29 01:00:00,24105.03282333333
zone1,2017-10-29 02:00:00,23465.38293333333
zone1,2017-10-29 03:00:00,23117.724290000002
zone1,2017-10-29 04:00:00,22890.853391666664
zone1,2017-10-29 05:00:00,23450.678338333335
zone1,2017-10-29 06:00:00,20557.024071666667
zone1,2017-10-29 07:00:00,20187.308533333333
zone1,2017-10-29 08:00:00,22406.65208
zone1,2017-10-29 09:00:00,25870.634571666666
zone1,2017-10-29 10:00:00,27815.842451666667
zone1,2017-10-29 11:00:00,29510.021881666664
zone1,2017-10-29 12:00:00,30276.76149
zone1,2017-10-29 13:00:00,30635.973741666665
zone1,2017-10-29 14:00:00,29756.849015
zone1,2017-10-29 15:00:00,28967.002186666665
zone1,2017-10-29 16:00:00,28177.155361666664
zone1,2017-10-29 17:00:00,32489.803063333336
zone1,2017-10-29 18:00:00,38674.135668333336
zone1,2017-10-29 19:00:00,39457.680524999996
zone1,2017-10-29 20:00:00,38978.730855
zone1,2017-10-29 21:00:00,36737.330415
zone1,2017-10-29 22:00:00,33401.48796333333
zone1,2017-10-29 23:00:00,28947.04595166667
zone1,2017-10-30 00:00:00,25909.496716666665
zone1,2017-10-30 01:00:00,24073.522975
zone1,2017-10-30 02:00:00,23401.312911666668
zone1,2017-10-30 03:00:00,22901.356673333332
zone1,2017-10-30 04:00:00,22967.527353333335
zone1,2017-10-30 05:00:00,23861.356675
zone1,2017-10-30 06:00:00,21880.43763666667
zone1,2017-10-30 07:00:00,23322.53829333333
zone1,2017-10-30 08:00:00,25871.684901666667
zone1,2017-10-30 09:00:00,28762.188185000003
zone1,2017-10-30 10:00:00,30966.827133333336
zone1,2017-10-30 11:00:00,32572.778995
zone1,2017-10-30 12:00:00,33056.98030666667
zone1,2017-10-30 13:00:00,33308.008753333335
zone1,2017-10-30 14:00:00,32447.789934999997
zone1,2017-10-30 15:00:00,31531.903720000002
zone1,2017-10-30 16:00:00,31168.490153333332
zone1,2017-10-30 17:00:00,35816.19256
zone1,2017-10-30 18:00:00,41209.628006666666
zone1,2017-10-30 19:00:00,40622.49453
zone1,2017-10-30 20:00:00,39883.06345833334
zone1,2017-10-30 21:00:00,37438.94967166667
zone1,2017-10-30 22:00:00,33646.21444
zone1,2017-10-30 23:00:00,29414.442014999997
zone1,2017-10-31 00:00:00,26364.28884166667
zone1,2017-10-31 01:00:00,24555.623633333333
zone1,2017-10-31 02:00:00,23491.641138333332
zone1,2017-10-31 03:00:00,23026.34573333333
zone1,2017-10-31 04:00:00,23416.017505
zone1,2017-10-31 05:00:00,23931.728666666666
zone1,2017-10-31 06:00:00,21915.098468333334
zone1,2017-10-31 07:00:00,23167.089715
zone1,2017-10-31 08:00:00,26072.297593333333
zone1,2017-10-31 09:00:00,28752.735230000002
zone1,2017-10-31 10:00:00,31195.798688333336
zone1,2017-10-31 11:00:00,32068.621445
zone1,2017-10-31 12:00:00,32643.150986666664
zone1,2017-10-31 13:00:00,33154.66083166667
zone1,2017-10-31 14:00:00,32714.573303333334
zone1,2017-10-31 15:00:00,31657.94310666667
zone1,2017-10-31 16:00:00,31806.039388333335
zone1,2017-10-31 17:00:00,36555.62363333333
zone1,2017-10-31 18:00:00,41734.79212
zone1,2017-10-31 19:00:00,41205.42669666667
zone1,2017-10-31 20:00:00,40316.84901666667
zone1,2017-10-31 21:00:00,37927.35229833333
zone1,2017-10-31 22:00:00,34320.52516333333
zone1,2017-10-31 23:00:00,30101.356675
zone1,2017-11-01 00:00:00,26139.487178333333
zone1,2017-11-01 01:00:00,24165.128205
zone1,2017-11-01 02:00:00,23273.846153333332
zone1,2017-11-01 03:00:00,22831.79487
zone1,2017-11-01 04:00:00,22961.025641666667
zone1,2017-11-01 05:00:00,23735.384615
zone1,2017-11-01 06:00:00,21825.641025
zone1,2017-11-01 07:00:00,22831.79487
zone1,2017-11-01 08:00:00,25358.974359999997
zone1,2017-11-01 09:00:00,28073.846154999996
zone1,2017-11-01 10:00:00,31213.333333333332
zone1,2017-11-01 11:00:00,33095.384614999995
zone1,2017-11-01 12:00:00,33301.53846333333
zone1,2017-11-01 13:00:00,33077.94871833333
zone1,2017-11-01 14:00:00,32285.128205
zone1,2017-11-01 15:00:00,31467.692306666664
zone1,2017-11-01 16:00:00,31118.974358333333
zone1,2017-11-01 17:00:00,35671.79487333333
zone1,2017-11-01 18:00:00,40432.82051333333
zone1,2017-11-01 19:00:00,39921.02564166667
zone1,2017-11-01 20:00:00,38970.25641333333
zone1,2017-11-01 21:00:00,36736.41025833334
zone1,2017-11-01 22:00:00,33338.46154
zone1,2017-11-01 23:00:00,29131.28205166667
zone1,2017-11-02 00:00:00,26030.76923
zone1,2017-11-02 01:00:00,24100.51282
zone1,2017-11-02 02:00:00,22862.564103333334
zone1,2017-11-02 03:00:00,22438.974358333333
zone1,2017-11-02 04:00:00,22654.358973333332
zone1,2017-11-02 05:00:00,23420.512821666664
zone1,2017-11-02 06:00:00,21494.358973333332
zone1,2017-11-02 07:00:00,22282.051281666663
zone1,2017-11-02 08:00:00,24543.589745
zone1,2017-11-02 09:00:00,27631.79487
zone1,2017-11-02 10:00:00,29534.358973333332
zone1,2017-11-02 11:00:00,31156.923078333333
zone1,2017-11-02 12:00:00,31765.128205
zone1,2017-11-02 13:00:00,31902.564103333334
zone1,2017-11-02 14:00:00,32030.76923
zone1,2017-11-02 15:00:00,31769.23077
zone1,2017-11-02 16:00:00,31232.820513333336
zone1,2017-11-02 17:00:00,35713.84615333334
zone1,2017-11-02 18:00:00,40250.25641
zone1,2017-11-02 19:00:00,39603.07692166667
zone1,2017-11-02 20:00:00,39023.58974333334
zone1,2017-11-02 21:00:00,36764.102563333334
zone1,2017-11-02 22:00:00,33472.820511666665
zone1,2017-11-02 23:00:00,29230.76923
zone1,2017-11-03 00:00:00,25828.717950000002
zone1,2017-11-03 01:00:00,23948.717950000002
zone1,2017-11-03 02:00:00,22654.358973333332
zone1,2017-11-03 03:00:00,22165.128205
zone1,2017-11-03 04:00:00,22092.307693333336
zone1,2017-11-03 05:00:00,22871.794868333334
zone1,2017-11-03 06:00:00,21052.307691666665
zone1,2017-11-03 07:00:00,22122.05128166667
zone1,2017-11-03 08:00:00,25055.384615
zone1,2017-11-03 09:00:00,27516.92307666667
zone1,2017-11-03 10:00:00,32288.205130000002
zone1,2017-11-03 11:00:00,31458.46154
zone1,2017-11-03 12:00:00,29891.28205166667
zone1,2017-11-03 13:00:00,30418.461538333333
zone1,2017-11-03 14:00:00,30815.384616666666
zone1,2017-11-03 15:00:00,31060.512821666664
zone1,2017-11-03 16:00:00,31376.410256666666
zone1,2017-11-03 17:00:00,34986.66666833334
zone1,2017-11-03 18:00:00,39133.33333166666
zone1,2017-11-03 19:00:00,38713.846155
zone1,2017-11-03 20:00:00,38211.282053333336
zone1,2017-11-03 21:00:00,36298.46154
zone1,2017-11-03 22:00:00,33341.53846333333
zone1,2017-11-03 23:00:00,29591.794873333332
zone1,2017-11-04 00:00:00,25852.307691666665
zone1,2017-11-04 01:00:00,23887.17949
zone1,2017-11-04 02:00:00,22712.820515
zone1,2017-11-04 03:00:00,22187.692306666668
zone1,2017-11-04 04:00:00,22202.051281666663
zone1,2017-11-04 05:00:00,22964.102563333334
zone1,2017-11-04 06:00:00,20907.692306666668
zone1,2017-11-04 07:00:00,21374.358975
zone1,2017-11-04 08:00:00,23963.07692333333
zone1,2017-11-04 09:00:00,27051.28205166667
zone1,2017-11-04 10:00:00,29704.615383333334
zone1,2017-11-04 11:00:00,31118.974358333333
zone1,2017-11-04 12:00:00,31990.769231666665
zone1,2017-11-04 13:00:00,32343.58974333333
zone1,2017-11-04 14:00:00,31286.153846666668
zone1,2017-11-04 15:00:00,30262.564103333334
zone1,2017-11-04 16:00:00,29971.28205166667
zone1,2017-11-04 17:00:00,34700.51282
zone1,2017-11-04 18:00:00,39505.64102666667
zone1,2017-11-04 19:00:00,38860.512819999996
zone1,2017-11-04 20:00:00,37519.99999833333
zone1,2017-11-04 21:00:00,35553.84615333333
zone1,2017-11-04 22:00:00,34338.46153833334
zone1,2017-11-04 23:00:00,30452.307691666665
zone1,2017-11-05 00:00:00,26694.358975
zone1,2017-11-05 01:00:00,24498.461538333333
zone1,2017-11-05 02:00:00,23218.461538333333
zone1,2017-11-05 03:00:00,22458.461536666666
zone1,2017-11-05 04:00:00,22291.28205166667
zone1,2017-11-05 05:00:00,22773.333336666667
zone1,2017-11-05 06:00:00,19766.153844999997
zone1,2017-11-05 07:00:00,19250.256409999998
zone1,2017-11-05 08:00:00,21167.17948833333
zone1,2017-11-05 09:00:00,24386.666666666668
zone1,2017-11-05 10:00:00,27080.000001666664
zone1,2017-11-05 11:00:00,28621.53846333333
zone1,2017-11-05 12:00:00,29558.974359999997
zone1,2017-11-05 13:00:00,29361.025639999996
zone1,2017-11-05 14:00:00,28241.025641666667
zone1,2017-11-05 15:00:00,25988.717946666668
zone1,2017-11-05 16:00:00,26401.025640000003
zone1,2017-11-05 17:00:00,31251.282051666665
zone1,2017-11-05 18:00:00,36594.871795
zone1,2017-11-05 19:00:00,36584.615385000005
zone1,2017-11-05 20:00:00,36516.923076666666
zone1,2017-11-05 21:00:00,34870.76923
zone1,2017-11-05 22:00:00,33038.97436
zone1,2017-11-05 23:00:00,29069.74359166667
zone1,2017-11-06 00:00:00,25943.589745
zone1,2017-11-06 01:00:00,23749.74359
zone1,2017-11-06 02:00:00,22156.92307666667
zone1,2017-11-06 03:00:00,21843.076925
zone1,2017-11-06 04:00:00,21625.641025
zone1,2017-11-06 05:00:00,22253.333333333332
zone1,2017-11-06 06:00:00,19644.102564999997
zone1,2017-11-06 07:00:00,19325.128203333334
zone1,2017-11-06 08:00:00,21761.025641666667
zone1,2017-11-06 09:00:00,24988.71794833333
zone1,2017-11-06 10:00:00,28484.102564999997
zone1,2017-11-06 11:00:00,30383.589746666665
zone1,2017-11-06 12:00:00,30944.615385
zone1,2017-11-06 13:00:00,31280.0
zone1,2017-11-06 14:00:00,30484.102564999997
zone1,2017-11-06 15:00:00,29777.435896666666
zone1,2017-11-06 16:00:00,29388.71794833333
zone1,2017-11-06 17:00:00,34564.102565
zone1,2017-11-06 18:00:00,39508.71794833333
zone1,2017-11-06 19:00:00,39138.46153666667
zone1,2017-11-06 20:00:00,38761.02564
zone1,2017-11-06 21:00:00,36657.43589666667
zone1,2017-11-06 22:00:00,32909.74358833333
zone1,2017-11-06 23:00:00,28697.435898333333
zone1,2017-11-07 00:00:00,25400.0
zone1,2017-11-07 01:00:00,23832.820511666665
zone1,2017-11-07 02:00:00,22453.33333166667
zone1,2017-11-07 03:00:00,21862.564101666667
zone1,2017-11-07 04:00:00,21934.358976666666
zone1,2017-11-07 05:00:00,22801.025641666667
zone1,2017-11-07 06:00:00,21316.923078333333
zone1,2017-11-07 07:00:00,22050.25641
zone1,2017-11-07 08:00:00,24650.25640833333
zone1,2017-11-07 09:00:00,27550.769233333336
zone1,2017-11-07 10:00:00,29507.692308333335
zone1,2017-11-07 11:00:00,31174.358976666666
zone1,2017-11-07 12:00:00,32015.384615
zone1,2017-11-07 13:00:00,31572.307691666665
zone1,2017-11-07 14:00:00,31556.92307666667
zone1,2017-11-07 15:00:00,30766.153846666668
zone1,2017-11-07 16:00:00,30769.230766666664
zone1,2017-11-07 17:00:00,35526.153845
zone1,2017-11-07 18:00:00,39962.05128166667
zone1,2017-11-07 19:00:00,39494.358975
zone1,2017-11-07 20:00:00,38888.20512666667
zone1,2017-11-07 21:00:00,36331.282053333336
zone1,2017-11-07 22:00:00,32949.74359
zone1,2017-11-07 23:00:00,28707.692308333335
zone1,2017-11-08 00:00:00,25420.51282
zone1,2017-11-08 01:00:00,23341.53846333333
zone1,2017-11-08 02:00:00,22380.512821666667
zone1,2017-11-08 03:00:00,21610.256409999998
zone1,2017-11-08 04:00:00,21702.564103333334
zone1,2017-11-08 05:00:00,22718.97435666667
zone1,2017-11-08 06:00:00,21265.641026666668
zone1,2017-11-08 07:00:00,22102.564103333334
zone1,2017-11-08 08:00:00,24928.20512833333
zone1,2017-11-08 09:00:00,27377.435896666666
zone1,2017-11-08 10:00:00,27815.38461333333
zone1,2017-11-08 11:00:00,29641.025640000003
zone1,2017-11-08 12:00:00,30742.564101666667
zone1,2017-11-08 13:00:00,31794.87179666667
zone1,2017-11-08 14:00:00,31074.871795
zone1,2017-11-08 15:00:00,30660.51282
zone1,2017-11-08 16:00:00,30672.820513333336
zone1,2017-11-08 17:00:00,35660.512819999996
zone1,2017-11-08 18:00:00,39930.25641
zone1,2017-11-08 19:00:00,39163.07692166667
zone1,2017-11-08 20:00:00,38353.84615333333
zone1,2017-11-08 21:00:00,35952.820511666665
zone1,2017-11-08 22:00:00,32828.71794833334
zone1,2017-11-08 23:00:00,28571.282049999998
zone1,2017-11-09 00:00:00,25160.0
zone1,2017-11-09 01:00:00,23348.717950000002
zone1,2017-11-09 02:00:00,22374.358975
zone1,2017-11-09 03:00:00,21905.641025
zone1,2017-11-09 04:00:00,21943.589743333334
zone1,2017-11-09 05:00:00,22475.897435000003
zone1,2017-11-09 06:00:00,21089.23077
zone1,2017-11-09 07:00:00,22033.846153333332
zone1,2017-11-09 08:00:00,24469.743588333335
zone1,2017-11-09 09:00:00,26352.820513333336
zone1,2017-11-09 10:00:00,28380.512821666667
zone1,2017-11-09 11:00:00,31210.25640833333
zone1,2017-11-09 12:00:00,31060.51282
zone1,2017-11-09 13:00:00,31397.94871833333
zone1,2017-11-09 14:00:00,31891.282049999998
zone1,2017-11-09 15:00:00,31272.820513333336
zone1,2017-11-09 16:00:00,31296.410256666666
zone1,2017-11-09 17:00:00,36316.92307833333
zone1,2017-11-09 18:00:00,40135.384615
zone1,2017-11-09 19:00:00,38889.230768333335
zone1,2017-11-09 20:00:00,38338.46153833334
zone1,2017-11-09 21:00:00,36265.64102666667
zone1,2017-11-09 22:00:00,33047.17948666667
zone1,2017-11-09 23:00:00,28658.46154
zone1,2017-11-10 00:00:00,25405.12820333333
zone1,2017-11-10 01:00:00,23327.179488333335
zone1,2017-11-10 02:00:00,22069.74359166667
zone1,2017-11-10 03:00:00,21668.717948333335
zone1,2017-11-10 04:00:00,21986.666665
zone1,2017-11-10 05:00:00,22646.153844999997
zone1,2017-11-10 06:00:00,21011.282051666665
zone1,2017-11-10 07:00:00,21953.846153333332
zone1,2017-11-10 08:00:00,24301.538461666667
zone1,2017-11-10 09:00:00,27595.897436666666
zone1,2017-11-10 10:00:00,29681.025639999996
zone1,2017-11-10 11:00:00,30734.358975
zone1,2017-11-10 12:00:00,29987.692308333335
zone1,2017-11-10 13:00:00,30305.641025
zone1,2017-11-10 14:00:00,30014.358973333336
zone1,2017-11-10 15:00:00,29818.46153666667
zone1,2017-11-10 16:00:00,29610.25641
zone1,2017-11-10 17:00:00,35088.205128333335
zone1,2017-11-10 18:00:00,39086.15384666667
zone1,2017-11-10 19:00:00,38494.35897666666
zone1,2017-11-10 20:00:00,37846.153845
zone1,2017-11-10 21:00:00,35986.666666666664
zone1,2017-11-10 22:00:00,33139.487181666664
zone1,2017-11-10 23:00:00,29371.28205166667
zone1,2017-11-11 00:00:00,25804.102563333334
zone1,2017-11-11 01:00:00,23443.07692333333
zone1,2017-11-11 02:00:00,22350.769231666665
zone1,2017-11-11 03:00:00,21735.384615
zone1,2017-11-11 04:00:00,21606.153845
zone1,2017-11-11 05:00:00,22527.17949
zone1,2017-11-11 06:00:00,20753.846155000003
zone1,2017-11-11 07:00:00,20631.79487
zone1,2017-11-11 08:00:00,22707.692308333335
zone1,2017-11-11 09:00:00,26094.358973333336
zone1,2017-11-11 10:00:00,28830.769231666665
zone1,2017-11-11 11:00:00,29781.538461666667
zone1,2017-11-11 12:00:00,29341.53846333333
zone1,2017-11-11 13:00:00,29302.5641
zone1,2017-11-11 14:00:00,30518.974358333333
zone1,2017-11-11 15:00:00,29930.25641
zone1,2017-11-11 16:00:00,29364.102564999997
zone1,2017-11-11 17:00:00,34013.333333333336
zone1,2017-11-11 18:00:00,36952.82051333333
zone1,2017-11-11 19:00:00,36921.02564
zone1,2017-11-11 20:00:00,36319.99999833333
zone1,2017-11-11 21:00:00,35395.897431666664
zone1,2017-11-11 22:00:00,33191.79487333333
zone1,2017-11-11 23:00:00,29566.153846666668
zone1,2017-11-12 00:00:00,25985.641025
zone1,2017-11-12 01:00:00,23820.51282
zone1,2017-11-12 02:00:00,22369.23077
zone1,2017-11-12 03:00:00,21734.358975
zone1,2017-11-12 04:00:00,21289.23077
zone1,2017-11-12 05:00:00,22037.948716666666
zone1,2017-11-12 06:00:00,20031.79487166667
zone1,2017-11-12 07:00:00,18699.487178333333
zone1,2017-11-12 08:00:00,20433.846153333332
zone1,2017-11-12 09:00:00,23085.128205
zone1,2017-11-12 10:00:00,26114.871793333336
zone1,2017-11-12 11:00:00,27674.871796666663
zone1,2017-11-12 12:00:00,28754.871793333336
zone1,2017-11-12 13:00:00,29163.07692333333
zone1,2017-11-12 14:00:00,28613.333333333332
zone1,2017-11-12 15:00:00,28052.307691666665
zone1,2017-11-12 16:00:00,27311.794873333332
zone1,2017-11-12 17:00:00,32133.333333333332
zone1,2017-11-12 18:00:00,36612.30769166667
zone1,2017-11-12 19:00:00,36888.205128333335
zone1,2017-11-12 20:00:00,36365.128205
zone1,2017-11-12 21:00:00,34672.82051166667
zone1,2017-11-12 22:00:00,32344.615385
zone1,2017-11-12 23:00:00,28771.28205166667
zone1,2017-11-13 00:00:00,25605.128206666664
zone1,2017-11-13 01:00:00,23689.230768333335
zone1,2017-11-13 02:00:00,22354.871795
zone1,2017-11-13 03:00:00,21597.948718333333
zone1,2017-11-13 04:00:00,21805.128203333334
zone1,2017-11-13 05:00:00,22651.28205166667
zone1,2017-11-13 06:00:00,20796.923076666666
zone1,2017-11-13 07:00:00,20610.256411666665
zone1,2017-11-13 08:00:00,24106.66666833333
zone1,2017-11-13 09:00:00,27794.871793333336
zone1,2017-11-13 10:00:00,30340.512821666664
zone1,2017-11-13 11:00:00,31971.282049999998
zone1,2017-11-13 12:00:00,32476.923075
zone1,2017-11-13 13:00:00,32082.051283333334
zone1,2017-11-13 14:00:00,31521.02564333333
zone1,2017-11-13 15:00:00,30968.20512833333
zone1,2017-11-13 16:00:00,30608.205126666668
zone1,2017-11-13 17:00:00,35954.871796666666
zone1,2017-11-13 18:00:00,38842.05128
zone1,2017-11-13 19:00:00,38446.153848333335
zone1,2017-11-13 20:00:00,37665.64102333333
zone1,2017-11-13 21:00:00,35749.743591666665
zone1,2017-11-13 22:00:00,33103.58974333333
zone1,2017-11-13 23:00:00,29073.846153333332
zone1,2017-11-14 00:00:00,25626.66666833333
zone1,2017-11-14 01:00:00,23205.12820833333
zone1,2017-11-14 02:00:00,22161.02564333333
zone1,2017-11-14 03:00:00,21800.0
zone1,2017-11-14 04:00:00,21640.000001666667
zone1,2017-11-14 05:00:00,22392.820511666665
zone1,2017-11-14 06:00:00,20938.461536666666
zone1,2017-11-14 07:00:00,20793.846153333332
zone1,2017-11-14 08:00:00,23936.410255
zone1,2017-11-14 09:00:00,26936.410255
zone1,2017-11-14 10:00:00,28924.102563333334
zone1,2017-11-14 11:00:00,31474.871795
zone1,2017-11-14 12:00:00,31905.641026666668
zone1,2017-11-14 13:00:00,32015.384615000003
zone1,2017-11-14 14:00:00,31985.641025
zone1,2017-11-14 15:00:00,31263.589743333334
zone1,2017-11-14 16:00:00,30569.230771666666
zone1,2017-11-14 17:00:00,36267.692306666664
zone1,2017-11-14 18:00:00,39269.74359
zone1,2017-11-14 19:00:00,38748.71795
zone1,2017-11-14 20:00:00,37653.333333333336
zone1,2017-11-14 21:00:00,35850.25641
zone1,2017-11-14 22:00:00,33170.25641166667
zone1,2017-11-14 23:00:00,29139.48718
zone1,2017-11-15 00:00:00,25963.07692333333
zone1,2017-11-15 01:00:00,23914.871795
zone1,2017-11-15 02:00:00,22587.69231
zone1,2017-11-15 03:00:00,21781.538463333334
zone1,2017-11-15 04:00:00,21810.256409999998
zone1,2017-11-15 05:00:00,22738.461536666666
zone1,2017-11-15 06:00:00,21149.743588333335
zone1,2017-11-15 07:00:00,20732.307693333332
zone1,2017-11-15 08:00:00,24444.102564999997
zone1,2017-11-15 09:00:00,27938.461538333333
zone1,2017-11-15 10:00:00,30407.179485
zone1,2017-11-15 11:00:00,32284.102563333334
zone1,2017-11-15 12:00:00,34471.794870000005
zone1,2017-11-15 13:00:00,34204.102565
zone1,2017-11-15 14:00:00,33918.97435833333
zone1,2017-11-15 15:00:00,32343.589743333334
zone1,2017-11-15 16:00:00,30592.820513333336
zone1,2017-11-15 17:00:00,36364.102565
zone1,2017-11-15 18:00:00,39402.05128
zone1,2017-11-15 19:00:00,38701.53846166666
zone1,2017-11-15 20:00:00,37837.94871833333
zone1,2017-11-15 21:00:00,35863.58974333334
zone1,2017-11-15 22:00:00,33754.871796666666
zone1,2017-11-15 23:00:00,30828.71794833333
zone1,2017-11-16 00:00:00,27144.615385
zone1,2017-11-16 01:00:00,25167.179485
zone1,2017-11-16 02:00:00,24015.384616666666
zone1,2017-11-16 03:00:00,23102.564103333334
zone1,2017-11-16 04:00:00,23264.615385
zone1,2017-11-16 05:00:00,23704.61538666667
zone1,2017-11-16 06:00:00,22442.051283333334
zone1,2017-11-16 07:00:00,21313.84615166667
zone1,2017-11-16 08:00:00,24906.666668333335
zone1,2017-11-16 09:00:00,28180.512818333333
zone1,2017-11-16 10:00:00,31262.564104999998
zone1,2017-11-16 11:00:00,33312.82051333333
zone1,2017-11-16 12:00:00,33451.28205166667
zone1,2017-11-16 13:00:00,33104.615385
zone1,2017-11-16 14:00:00,32733.333335
zone1,2017-11-16 15:00:00,32682.051283333334
zone1,2017-11-16 16:00:00,31124.102564999997
zone1,2017-11-16 17:00:00,36135.384614999995
zone1,2017-11-16 18:00:00,38953.84615333334
zone1,2017-11-16 19:00:00,38429.74359
zone1,2017-11-16 20:00:00,37912.820515
zone1,2017-11-16 21:00:00,36016.410255
zone1,2017-11-16 22:00:00,33414.358975
zone1,2017-11-16 23:00:00,29785.641025
zone1,2017-11-17 00:00:00,26070.76923
zone1,2017-11-17 01:00:00,24044.10256666667
zone1,2017-11-17 02:00:00,22764.10256166667
zone1,2017-11-17 03:00:00,22270.76923
zone1,2017-11-17 04:00:00,21926.153846666668
zone1,2017-11-17 05:00:00,22817.435896666666
zone1,2017-11-17 06:00:00,21563.076923333334
zone1,2017-11-17 07:00:00,20285.128205
zone1,2017-11-17 08:00:00,23354.871795
zone1,2017-11-17 09:00:00,26757.94871833333
zone1,2017-11-17 10:00:00,29723.076925
zone1,2017-11-17 11:00:00,31260.512821666667
zone1,2017-11-17 12:00:00,29608.20512833333
zone1,2017-11-17 13:00:00,30259.487178333333
zone1,2017-11-17 14:00:00,30347.69231
zone1,2017-11-17 15:00:00,29905.641026666668
zone1,2017-11-17 16:00:00,29889.23077
zone1,2017-11-17 17:00:00,35081.02564166667
zone1,2017-11-17 18:00:00,38382.56410333333
zone1,2017-11-17 19:00:00,37748.71794833333
zone1,2017-11-17 20:00:00,37192.82051333333
zone1,2017-11-17 21:00:00,35335.384615
zone1,2017-11-17 22:00:00,32964.102563333334
zone1,2017-11-17 23:00:00,29290.25641
zone1,2017-11-18 00:00:00,25800.0
zone1,2017-11-18 01:00:00,23550.76923
zone1,2017-11-18 02:00:00,22380.512821666667
zone1,2017-11-18 03:00:00,21913.84615166667
zone1,2017-11-18 04:00:00,21862.564103333334
zone1,2017-11-18 05:00:00,22711.79487166667
zone1,2017-11-18 06:00:00,20956.923079999997
zone1,2017-11-18 07:00:00,19651.282049999998
zone1,2017-11-18 08:00:00,21585.641025
zone1,2017-11-18 09:00:00,24816.410258333333
zone1,2017-11-18 10:00:00,27913.846153333332
zone1,2017-11-18 11:00:00,29857.435898333333
zone1,2017-11-18 12:00:00,30820.51282
zone1,2017-11-18 13:00:00,31195.897435000003
zone1,2017-11-18 14:00:00,30438.974360000004
zone1,2017-11-18 15:00:00,29271.794873333332
zone1,2017-11-18 16:00:00,29193.846155000003
zone1,2017-11-18 17:00:00,35188.717946666664
zone1,2017-11-18 18:00:00,38611.28205166667
zone1,2017-11-18 19:00:00,38205.128205
zone1,2017-11-18 20:00:00,36411.28205
zone1,2017-11-18 21:00:00,35534.35897666666
zone1,2017-11-18 22:00:00,33565.128203333334
zone1,2017-11-18 23:00:00,29470.769228333334
zone1,2017-11-19 00:00:00,25813.33333166667
zone1,2017-11-19 01:00:00,23368.20512833333
zone1,2017-11-19 02:00:00,21997.948716666666
zone1,2017-11-19 03:00:00,21610.256411666665
zone1,2017-11-19 04:00:00,21154.871795
zone1,2017-11-19 05:00:00,21829.743590000002
zone1,2017-11-19 06:00:00,20307.692308333335
zone1,2017-11-19 07:00:00,19077.948718333333
zone1,2017-11-19 08:00:00,20747.692306666668
zone1,2017-11-19 09:00:00,23830.769231666665
zone1,2017-11-19 10:00:00,26711.79487166667
zone1,2017-11-19 11:00:00,29078.974360000004
zone1,2017-11-19 12:00:00,29385.641025
zone1,2017-11-19 13:00:00,29530.25641
zone1,2017-11-19 14:00:00,28599.999998333336
zone1,2017-11-19 15:00:00,27543.589745
zone1,2017-11-19 16:00:00,26695.384615
zone1,2017-11-19 17:00:00,32066.66666833333
zone1,2017-11-19 18:00:00,36716.923076666666
zone1,2017-11-19 19:00:00,37237.94872
zone1,2017-11-19 20:00:00,36887.179488333335
zone1,2017-11-19 21:00:00,35086.15384666667
zone1,2017-11-19 22:00:00,32541.53846
zone1,2017-11-19 23:00:00,28697.435898333333
zone1,2017-11-20 00:00:00,25209.230768333335
zone1,2017-11-20 01:00:00,23576.410258333333
zone1,2017-11-20 02:00:00,22183.589743333334
zone1,2017-11-20 03:00:00,21803.07692333333
zone1,2017-11-20 04:00:00,21815.384615
zone1,2017-11-20 05:00:00,22668.717948333335
zone1,2017-11-20 06:00:00,22019.487178333333
zone1,2017-11-20 07:00:00,20192.820511666665
zone1,2017-11-20 08:00:00,20821.538461666667
zone1,2017-11-20 09:00:00,25097.435896666666
zone1,2017-11-20 10:00:00,29103.589745
zone1,2017-11-20 11:00:00,31591.794869999998
zone1,2017-11-20 12:00:00,32332.307693333336
zone1,2017-11-20 13:00:00,31786.666664999997
zone1,2017-11-20 14:00:00,31087.179486666664
zone1,2017-11-20 15:00:00,30342.564103333334
zone1,2017-11-20 16:00:00,30615.384616666666
zone1,2017-11-20 17:00:00,36802.05128166667
zone1,2017-11-20 18:00:00,40361.02564
zone1,2017-11-20 19:00:00,39570.256408333335
zone1,2017-11-20 20:00:00,38696.41025666666
zone1,2017-11-20 21:00:00,36531.28205166667
zone1,2017-11-20 22:00:00,33329.23077
zone1,2017-11-20 23:00:00,28954.871795
zone1,2017-11-21 00:00:00,25677.94872
zone1,2017-11-21 01:00:00,23567.179485
zone1,2017-11-21 02:00:00,22537.435898333333
zone1,2017-11-21 03:00:00,21682.05128333333
zone1,2017-11-21 04:00:00,21772.307691666665
zone1,2017-11-21 05:00:00,22600.0
zone1,2017-11-21 06:00:00,22116.92307666667
zone1,2017-11-21 07:00:00,22561.025641666667
zone1,2017-11-21 08:00:00,24791.794873333332
zone1,2017-11-21 09:00:00,27230.769231666665
zone1,2017-11-21 10:00:00,29676.923075
zone1,2017-11-21 11:00:00,31047.17948666667
zone1,2017-11-21 12:00:00,31153.84615166667
zone1,2017-11-21 13:00:00,31402.051281666663
zone1,2017-11-21 14:00:00,33545.641025
zone1,2017-11-21 15:00:00,30726.153846666664
zone1,2017-11-21 16:00:00,30491.282053333332
zone1,2017-11-21 17:00:00,36653.333333333336
zone1,2017-11-21 18:00:00,39906.66666833333
zone1,2017-11-21 19:00:00,39284.102563333334
zone1,2017-11-21 20:00:00,38667.69230833333
zone1,2017-11-21 21:00:00,36306.666666666664
zone1,2017-11-21 22:00:00,33214.35897166667
zone1,2017-11-21 23:00:00,28670.76923
zone1,2017-11-22 00:00:00,25054.358973333336
zone1,2017-11-22 01:00:00,23120.0
zone1,2017-11-22 02:00:00,22080.000001666664
zone1,2017-11-22 03:00:00,21576.410256666666
zone1,2017-11-22 04:00:00,21461.538461666667
zone1,2017-11-22 05:00:00,22162.05128
zone1,2017-11-22 06:00:00,21968.205130000002
zone1,2017-11-22 07:00:00,21939.487178333333
zone1,2017-11-22 08:00:00,23852.307691666665
zone1,2017-11-22 09:00:00,26593.846155000003
zone1,2017-11-22 10:00:00,30694.358976666666
zone1,2017-11-22 11:00:00,32787.69230833333
zone1,2017-11-22 12:00:00,32170.25640833333
zone1,2017-11-22 13:00:00,32037.948718333337
zone1,2017-11-22 14:00:00,28447.179486666664
zone1,2017-11-22 15:00:00,29992.820513333336
zone1,2017-11-22 16:00:00,31246.153844999997
zone1,2017-11-22 17:00:00,38378.46153833334
zone1,2017-11-22 18:00:00,40155.897435
zone1,2017-11-22 19:00:00,39270.769231666665
zone1,2017-11-22 20:00:00,38259.48717833334
zone1,2017-11-22 21:00:00,36305.641025
zone1,2017-11-22 22:00:00,33508.71794833333
zone1,2017-11-22 23:00:00,29187.692308333335
zone1,2017-11-23 00:00:00,25429.743588333335
zone1,2017-11-23 01:00:00,23560.0
zone1,2017-11-23 02:00:00,22180.512821666667
zone1,2017-11-23 03:00:00,21591.79487
zone1,2017-11-23 04:00:00,21546.666666666668
zone1,2017-11-23 05:00:00,22497.435896666666
zone1,2017-11-23 06:00:00,22031.79487166667
zone1,2017-11-23 07:00:00,22006.15384833333
zone1,2017-11-23 08:00:00,24750.76923
zone1,2017-11-23 09:00:00,27474.871795
zone1,2017-11-23 10:00:00,29287.179488333335
zone1,2017-11-23 11:00:00,30542.564103333334
zone1,2017-11-23 12:00:00,31185.641028333335
zone1,2017-11-23 13:00:00,31073.846153333332
zone1,2017-11-23 14:00:00,30830.769231666665
zone1,2017-11-23 15:00:00,30618.461538333333
zone1,2017-11-23 16:00:00,30553.846155000003
zone1,2017-11-23 17:00:00,37271.794871666665
zone1,2017-11-23 18:00:00,40254.35897166667
zone1,2017-11-23 19:00:00,39759.99999833333
zone1,2017-11-23 20:00:00,38871.79487333333
zone1,2017-11-23 21:00:00,36657.43589833333
zone1,2017-11-23 22:00:00,33395.897436666666
zone1,2017-11-23 23:00:00,29123.076925
zone1,2017-11-24 00:00:00,25784.615383333334
zone1,2017-11-24 01:00:00,23607.179486666664
zone1,2017-11-24 02:00:00,22450.256411666665
zone1,2017-11-24 03:00:00,21754.871795000003
zone1,2017-11-24 04:00:00,21872.82051166667
zone1,2017-11-24 05:00:00,22751.794873333332
zone1,2017-11-24 06:00:00,22244.102563333334
zone1,2017-11-24 07:00:00,21845.128205
zone1,2017-11-24 08:00:00,23682.05128166667
zone1,2017-11-24 09:00:00,26377.435896666666
zone1,2017-11-24 10:00:00,28877.948718333337
zone1,2017-11-24 11:00:00,30228.717950000002
zone1,2017-11-24 12:00:00,29689.23077
zone1,2017-11-24 13:00:00,30076.92307666667
zone1,2017-11-24 14:00:00,29690.25640833333
zone1,2017-11-24 15:00:00,29471.79487166667
zone1,2017-11-24 16:00:00,29429.74359
zone1,2017-11-24 17:00:00,35706.666666666664
zone1,2017-11-24 18:00:00,39100.51282166667
zone1,2017-11-24 19:00:00,38332.30769166667
zone1,2017-11-24 20:00:00,37921.02564166667
zone1,2017-11-24 21:00:00,36345.641025
zone1,2017-11-24 22:00:00,33593.84615333333
zone1,2017-11-24 23:00:00,29637.948718333337
zone1,2017-11-25 00:00:00,25874.871793333336
zone1,2017-11-25 01:00:00,23451.28205166667
zone1,2017-11-25 02:00:00,22389.743588333335
zone1,2017-11-25 03:00:00,21805.128205
zone1,2017-11-25 04:00:00,21705.641025
zone1,2017-11-25 05:00:00,22495.384615
zone1,2017-11-25 06:00:00,21464.615383333334
zone1,2017-11-25 07:00:00,20403.076923333334
zone1,2017-11-25 08:00:00,23292.307693333336
zone1,2017-11-25 09:00:00,26545.641026666664
zone1,2017-11-25 10:00:00,28973.333333333332
zone1,2017-11-25 11:00:00,30414.358975
zone1,2017-11-25 12:00:00,30529.230771666666
zone1,2017-11-25 13:00:00,31081.025641666667
zone1,2017-11-25 14:00:00,31000.000001666664
zone1,2017-11-25 15:00:00,30035.89743833333
zone1,2017-11-25 16:00:00,30143.589743333334
zone1,2017-11-25 17:00:00,35665.64102666667
zone1,2017-11-25 18:00:00,38282.05128166667
zone1,2017-11-25 19:00:00,38026.666666666664
zone1,2017-11-25 20:00:00,37284.102565
zone1,2017-11-25 21:00:00,35815.384614999995
zone1,2017-11-25 22:00:00,33870.76923333333
zone1,2017-11-25 23:00:00,29980.512821666667
zone1,2017-11-26 00:00:00,26000.0
zone1,2017-11-26 01:00:00,24006.153846666668
zone1,2017-11-26 02:00:00,22524.102563333334
zone1,2017-11-26 03:00:00,22054.358973333332
zone1,2017-11-26 04:00:00,21693.333333333332
zone1,2017-11-26 05:00:00,22291.28205166667
zone1,2017-11-26 06:00:00,21123.076921666667
zone1,2017-11-26 07:00:00,19264.615383333334
zone1,2017-11-26 08:00:00,21137.435896666666
zone1,2017-11-26 09:00:00,24253.333333333332
zone1,2017-11-26 10:00:00,27266.666666666668
zone1,2017-11-26 11:00:00,29095.384615
zone1,2017-11-26 12:00:00,29982.564101666667
zone1,2017-11-26 13:00:00,30793.846153333332
zone1,2017-11-26 14:00:00,30357.948716666666
zone1,2017-11-26 15:00:00,29097.435898333333
zone1,2017-11-26 16:00:00,29183.589741666667
zone1,2017-11-26 17:00:00,35262.56410333333
zone1,2017-11-26 18:00:00,38405.128203333334
zone1,2017-11-26 19:00:00,38618.46153666666
zone1,2017-11-26 20:00:00,37924.10256333333
zone1,2017-11-26 21:00:00,36109.74359
zone1,2017-11-26 22:00:00,33428.71794833334
zone1,2017-11-26 23:00:00,29278.974359999997
zone1,2017-11-27 00:00:00,25867.69231
zone1,2017-11-27 01:00:00,23938.461538333333
zone1,2017-11-27 02:00:00,22580.512821666667
zone1,2017-11-27 03:00:00,21701.538461666667
zone1,2017-11-27 04:00:00,21892.307691666665
zone1,2017-11-27 05:00:00,22811.28205166667
zone1,2017-11-27 06:00:00,22530.25640833333
zone1,2017-11-27 07:00:00,23128.20512833333
zone1,2017-11-27 08:00:00,25632.820513333336
zone1,2017-11-27 09:00:00,25309.74359166667
zone1,2017-11-27 10:00:00,26924.102564999997
zone1,2017-11-27 11:00:00,28562.051283333334
zone1,2017-11-27 12:00:00,28995.897436666666
zone1,2017-11-27 13:00:00,29340.512821666667
zone1,2017-11-27 14:00:00,28779.48718
zone1,2017-11-27 15:00:00,29662.564101666667
zone1,2017-11-27 16:00:00,31249.23077
zone1,2017-11-27 17:00:00,38199.99999833333
zone1,2017-11-27 18:00:00,40528.20512666667
zone1,2017-11-27 19:00:00,39634.871795
zone1,2017-11-27 20:00:00,38916.923076666666
zone1,2017-11-27 21:00:00,36883.07692166667
zone1,2017-11-27 22:00:00,33549.74359
zone1,2017-11-27 23:00:00,29391.79487166667
zone1,2017-11-28 00:00:00,25807.17948833333
zone1,2017-11-28 01:00:00,23597.948716666666
zone1,2017-11-28 02:00:00,22386.66666833333
zone1,2017-11-28 03:00:00,21584.615385
zone1,2017-11-28 04:00:00,21482.05128
zone1,2017-11-28 05:00:00,22601.025641666667
zone1,2017-11-28 06:00:00,22673.846155000003
zone1,2017-11-28 07:00:00,23243.076921666667
zone1,2017-11-28 08:00:00,25549.74359166667
zone1,2017-11-28 09:00:00,28004.102564999997
zone1,2017-11-28 10:00:00,30200.0
zone1,2017-11-28 11:00:00,31761.025641666667
zone1,2017-11-28 12:00:00,32466.666666666668
zone1,2017-11-28 13:00:00,32623.589743333334
zone1,2017-11-28 14:00:00,31224.615383333334
zone1,2017-11-28 15:00:00,31552.820511666665
zone1,2017-11-28 16:00:00,31811.28205166667
zone1,2017-11-28 17:00:00,38115.897436666666
zone1,2017-11-28 18:00:00,40314.871795
zone1,2017-11-28 19:00:00,39664.615385000005
zone1,2017-11-28 20:00:00,38646.15384666667
zone1,2017-11-28 21:00:00,36570.256408333335
zone1,2017-11-28 22:00:00,33379.48717666667
zone1,2017-11-28 23:00:00,29352.820513333336
zone1,2017-11-29 00:00:00,25609.23077
zone1,2017-11-29 01:00:00,23426.666666666668
zone1,2017-11-29 02:00:00,22490.25641
zone1,2017-11-29 03:00:00,21942.564101666667
zone1,2017-11-29 04:00:00,21589.743588333335
zone1,2017-11-29 05:00:00,22453.333333333332
zone1,2017-11-29 06:00:00,23032.82051166667
zone1,2017-11-29 07:00:00,22746.66666833333
zone1,2017-11-29 08:00:00,25425.641026666664
zone1,2017-11-29 09:00:00,28923.07692333333
zone1,2017-11-29 10:00:00,31073.846155000003
zone1,2017-11-29 11:00:00,33527.17948666667
zone1,2017-11-29 12:00:00,35287.17948666667
zone1,2017-11-29 13:00:00,35091.282053333336
zone1,2017-11-29 14:00:00,33104.615385000005
zone1,2017-11-29 15:00:00,32708.71794833333
zone1,2017-11-29 16:00:00,34192.82051333333
zone1,2017-11-29 17:00:00,39331.28205333333
zone1,2017-11-29 18:00:00,40989.74359
zone1,2017-11-29 19:00:00,40198.97436
zone1,2017-11-29 20:00:00,39038.97435833333
zone1,2017-11-29 21:00:00,36661.53846333333
zone1,2017-11-29 22:00:00,33082.05128166667
zone1,2017-11-29 23:00:00,28890.25640833333
zone1,2017-11-30 00:00:00,25461.538461666667
zone1,2017-11-30 01:00:00,23562.051283333334
zone1,2017-11-30 02:00:00,22446.153844999997
zone1,2017-11-30 03:00:00,21745.641025
zone1,2017-11-30 04:00:00,21844.102565
zone1,2017-11-30 05:00:00,22849.23077
zone1,2017-11-30 06:00:00,22771.282049999998
zone1,2017-11-30 07:00:00,22685.12820333333
zone1,2017-11-30 08:00:00,25340.51282
zone1,2017-11-30 09:00:00,28255.384615
zone1,2017-11-30 10:00:00,30346.66666833333
zone1,2017-11-30 11:00:00,31516.923078333333
zone1,2017-11-30 12:00:00,32518.974358333333
zone1,2017-11-30 13:00:00,32506.666666666668
zone1,2017-11-30 14:00:00,31763.076925
zone1,2017-11-30 15:00:00,31508.71794833333
zone1,2017-11-30 16:00:00,31385.641026666668
zone1,2017-11-30 17:00:00,37773.333333333336
zone1,2017-11-30 18:00:00,39890.25641
zone1,2017-11-30 19:00:00,39350.769231666665
zone1,2017-11-30 20:00:00,38711.794870000005
zone1,2017-11-30 21:00:00,36664.615385000005
zone1,2017-11-30 22:00:00,34148.717946666664
zone1,2017-11-30 23:00:00,30290.256409999998
zone1,2017-12-01 00:00:00,26196.19772
zone1,2017-12-01 01:00:00,23506.210395000002
zone1,2017-12-01 02:00:00,22137.3891
zone1,2017-12-01 03:00:00,21652.724968333332
zone1,2017-12-01 04:00:00,21495.564003333333
zone1,2017-12-01 05:00:00,21619.264893333333
zone1,2017-12-01 06:00:00,21056.527248333336
zone1,2017-12-01 07:00:00,18551.07731333333
zone1,2017-12-01 08:00:00,20355.893536666666
zone1,2017-12-01 09:00:00,23467.680608333332
zone1,2017-12-01 10:00:00,26351.3308
zone1,2017-12-01 11:00:00,28153.10519833333
zone1,2017-12-01 12:00:00,28094.296578333335
zone1,2017-12-01 13:00:00,28679.340938333335
zone1,2017-12-01 14:00:00,27616.730038333335
zone1,2017-12-01 15:00:00,26732.572878333332
zone1,2017-12-01 16:00:00,26866.413181666667
zone1,2017-12-01 17:00:00,32972.37008833333
zone1,2017-12-01 18:00:00,35566.032953333335
zone1,2017-12-01 19:00:00,35371.35614833333
zone1,2017-12-01 20:00:00,35434.220531666666
zone1,2017-12-01 21:00:00,34419.264891666666
zone1,2017-12-01 22:00:00,32346.768061666666
zone1,2017-12-01 23:00:00,29259.31559
zone1,2017-12-02 00:00:00,25344.486691666665
zone1,2017-12-02 01:00:00,22990.114066666665
zone1,2017-12-02 02:00:00,21607.097593333336
zone1,2017-12-02 03:00:00,21222.81368833333
zone1,2017-12-02 04:00:00,20852.724968333332
zone1,2017-12-02 05:00:00,21358.681876666666
zone1,2017-12-02 06:00:00,20678.326996666667
zone1,2017-12-02 07:00:00,18607.85804833333
zone1,2017-12-02 08:00:00,20818.250953333332
zone1,2017-12-02 09:00:00,24228.136881666665
zone1,2017-12-02 10:00:00,27500.126740000003
zone1,2017-12-02 11:00:00,29545.247148333332
zone1,2017-12-02 12:00:00,30013.688211666667
zone1,2017-12-02 13:00:00,29874.778201666664
zone1,2017-12-02 14:00:00,29259.315586666668
zone1,2017-12-02 15:00:00,28467.42712333333
zone1,2017-12-02 16:00:00,28417.74398
zone1,2017-12-02 17:00:00,34342.205323333335
zone1,2017-12-02 18:00:00,37016.983523333336
zone1,2017-12-02 19:00:00,37111.280099999996
zone1,2017-12-02 20:00:00,36516.09632333333
zone1,2017-12-02 21:00:00,35024.58808666666
zone1,2017-12-02 22:00:00,33384.03041666667
zone1,2017-12-02 23:00:00,29882.889733333333
zone1,2017-12-03 00:00:00,26289.480353333332
zone1,2017-12-03 01:00:00,23559.94930333333
zone1,2017-12-03 02:00:00,22207.351078333333
zone1,2017-12-03 03:00:00,21113.307985
zone1,2017-12-03 04:00:00,20754.372625
zone1,2017-12-03 05:00:00,21327.24968333333
zone1,2017-12-03 06:00:00,20479.594423333332
zone1,2017-12-03 07:00:00,17908.238276666667
zone1,2017-12-03 08:00:00,19461.59696
zone1,2017-12-03 09:00:00,22339.163495
zone1,2017-12-03 10:00:00,25336.375158333332
zone1,2017-12-03 11:00:00,27198.98606
zone1,2017-12-03 12:00:00,28071.98986
zone1,2017-12-03 13:00:00,27825.602028333335
zone1,2017-12-03 14:00:00,27907.731304999998
zone1,2017-12-03 15:00:00,27096.577944999997
zone1,2017-12-03 16:00:00,27332.826361666666
zone1,2017-12-03 17:00:00,33799.74651333333
zone1,2017-12-03 18:00:00,36708.74524833333
zone1,2017-12-03 19:00:00,37737.896069999995
zone1,2017-12-03 20:00:00,37492.52218
zone1,2017-12-03 21:00:00,35776.93282666666
zone1,2017-12-03 22:00:00,32540.430924999997
zone1,2017-12-03 23:00:00,28131.812420000002
zone1,2017-12-04 00:00:00,24795.944235000003
zone1,2017-12-04 01:00:00,22591.634981666666
zone1,2017-12-04 02:00:00,21460.076044999998
zone1,2017-12-04 03:00:00,20758.428388333334
zone1,2017-12-04 04:00:00,20923.700886666666
zone1,2017-12-04 05:00:00,22056.273765
zone1,2017-12-04 06:00:00,22347.275031666668
zone1,2017-12-04 07:00:00,21991.381498333332
zone1,2017-12-04 08:00:00,24318.37769166667
zone1,2017-12-04 09:00:00,27086.438528333336
zone1,2017-12-04 10:00:00,29795.690748333334
zone1,2017-12-04 11:00:00,31092.522178333336
zone1,2017-12-04 12:00:00,31804.309251666666
zone1,2017-12-04 13:00:00,31452.471481666667
zone1,2017-12-04 14:00:00,31446.38783333333
zone1,2017-12-04 15:00:00,30898.859313333334
zone1,2017-12-04 16:00:00,31060.076044999998
zone1,2017-12-04 17:00:00,37575.665400000005
zone1,2017-12-04 18:00:00,39734.34727333333
zone1,2017-12-04 19:00:00,39047.908745
zone1,2017-12-04 20:00:00,38723.4474
zone1,2017-12-04 21:00:00,36513.0545
zone1,2017-12-04 22:00:00,33379.97465166667
zone1,2017-12-04 23:00:00,28784.790875000002
zone1,2017-12-05 00:00:00,25116.349808333336
zone1,2017-12-05 01:00:00,22974.904945
zone1,2017-12-05 02:00:00,21934.60075833333
zone1,2017-12-05 03:00:00,21264.385296666667
zone1,2017-12-05 04:00:00,21196.451203333334
zone1,2017-12-05 05:00:00,22194.169834999997
zone1,2017-12-05 06:00:00,22807.604561666667
zone1,2017-12-05 07:00:00,22715.335866666665
zone1,2017-12-05 08:00:00,24857.794678333332
zone1,2017-12-05 09:00:00,27553.86565333333
zone1,2017-12-05 10:00:00,30047.148288333334
zone1,2017-12-05 11:00:00,31772.877058333335
zone1,2017-12-05 12:00:00,32237.262358333333
zone1,2017-12-05 13:00:00,31936.121671666668
zone1,2017-12-05 14:00:00,31590.367553333333
zone1,2017-12-05 15:00:00,30650.4436
zone1,2017-12-05 16:00:00,30845.120408333332
zone1,2017-12-05 17:00:00,37101.14068333333
zone1,2017-12-05 18:00:00,39722.17997333333
zone1,2017-12-05 19:00:00,39041.825095
zone1,2017-12-05 20:00:00,38645.37389333333
zone1,2017-12-05 21:00:00,36647.90874666667
zone1,2017-12-05 22:00:00,33604.055766666665
zone1,2017-12-05 23:00:00,29020.02535
zone1,2017-12-06 00:00:00,25198.479088333333
zone1,2017-12-06 01:00:00,23048.92268666667
zone1,2017-12-06 02:00:00,21690.24081
zone1,2017-12-06 03:00:00,21132.57287666667
zone1,2017-12-06 04:00:00,21273.510771666664
zone1,2017-12-06 05:00:00,22141.44486666667
zone1,2017-12-06 06:00:00,22732.572878333332
zone1,2017-12-06 07:00:00,22441.571608333335
zone1,2017-12-06 08:00:00,24566.79341
zone1,2017-12-06 09:00:00,27627.88339833333
zone1,2017-12-06 10:00:00,29559.442331666665
zone1,2017-12-06 11:00:00,30872.49683
zone1,2017-12-06 12:00:00,31624.84157
zone1,2017-12-06 13:00:00,31939.163496666664
zone1,2017-12-06 14:00:00,31606.590620000003
zone1,2017-12-06 15:00:00,30641.31812333333
zone1,2017-12-06 16:00:00,30852.21799666667
zone1,2017-12-06 17:00:00,37198.47908833333
zone1,2017-12-06 18:00:00,39812.42078666666
zone1,2017-12-06 19:00:00,39245.62737666666
zone1,2017-12-06 20:00:00,38679.847910000004
zone1,2017-12-06 21:00:00,36829.404310000005
zone1,2017-12-06 22:00:00,33908.238275
zone1,2017-12-06 23:00:00,29019.01140666667
zone1,2017-12-07 00:00:00,25166.03295333333
zone1,2017-12-07 01:00:00,22834.980988333333
zone1,2017-12-07 02:00:00,21241.06464
zone1,2017-12-07 03:00:00,20813.18124
zone1,2017-12-07 04:00:00,20964.258555
zone1,2017-12-07 05:00:00,21683.143218333335
zone1,2017-12-07 06:00:00,22416.223068333333
zone1,2017-12-07 07:00:00,22141.44486666667
zone1,2017-12-07 08:00:00,24241.318121666667
zone1,2017-12-07 09:00:00,27507.224336666666
zone1,2017-12-07 10:00:00,29676.045629999997
zone1,2017-12-07 11:00:00,31241.571608333335
zone1,2017-12-07 12:00:00,31629.91128
zone1,2017-12-07 13:00:00,30928.263625000003
zone1,2017-12-07 14:00:00,30712.29404333333
zone1,2017-12-07 15:00:00,30119.13815166667
zone1,2017-12-07 16:00:00,30590.621039999998
zone1,2017-12-07 17:00:00,37419.51837666667
zone1,2017-12-07 18:00:00,40021.292775
zone1,2017-12-07 19:00:00,39329.78453833333
zone1,2017-12-07 20:00:00,38820.785805
zone1,2017-12-07 21:00:00,36909.505703333336
zone1,2017-12-07 22:00:00,33830.164765
zone1,2017-12-07 23:00:00,29320.152091666667
zone1,2017-12-08 00:00:00,25498.60583
zone1,2017-12-08 01:00:00,23334.854245
zone1,2017-12-08 02:00:00,21861.596958333335
zone1,2017-12-08 03:00:00,20996.704688333335
zone1,2017-12-08 04:00:00,21104.182511666666
zone1,2017-12-08 05:00:00,21784.537388333334
zone1,2017-12-08 06:00:00,22380.73510666667
zone1,2017-12-08 07:00:00,22213.43472666667
zone1,2017-12-08 08:00:00,24227.12294
zone1,2017-12-08 09:00:00,27104.68948
zone1,2017-12-08 10:00:00,29550.316856666668
zone1,2017-12-08 11:00:00,30930.291505
zone1,2017-12-08 12:00:00,30080.608364999996
zone1,2017-12-08 13:00:00,30394.930291666667
zone1,2017-12-08 14:00:00,30116.096323333335
zone1,2017-12-08 15:00:00,29648.669203333335
zone1,2017-12-08 16:00:00,30052.217995
zone1,2017-12-08 17:00:00,36444.10646333334
zone1,2017-12-08 18:00:00,39175.66539833333
zone1,2017-12-08 19:00:00,38682.889735
zone1,2017-12-08 20:00:00,38538.910013333334
zone1,2017-12-08 21:00:00,36669.20152166667
zone1,2017-12-08 22:00:00,34125.2218
zone1,2017-12-08 23:00:00,29934.60076
zone1,2017-12-09 00:00:00,26009.632445
zone1,2017-12-09 01:00:00,23415.96958
zone1,2017-12-09 02:00:00,21694.29657833333
zone1,2017-12-09 03:00:00,21123.4474
zone1,2017-12-09 04:00:00,20990.621036666667
zone1,2017-12-09 05:00:00,21728.770594999998
zone1,2017-12-09 06:00:00,22098.859314999998
zone1,2017-12-09 07:00:00,20867.934095
zone1,2017-12-09 08:00:00,23063.117870000002
zone1,2017-12-09 09:00:00,26717.363751666668
zone1,2017-12-09 10:00:00,29259.315588333335
zone1,2017-12-09 11:00:00,30914.068441666666
zone1,2017-12-09 12:00:00,31979.721166666666
zone1,2017-12-09 13:00:00,32360.963245000003
zone1,2017-12-09 14:00:00,31587.32573
zone1,2017-12-09 15:00:00,31024.588086666667
zone1,2017-12-09 16:00:00,31503.168566666664
zone1,2017-12-09 17:00:00,37238.022815
zone1,2017-12-09 18:00:00,39364.258555
zone1,2017-12-09 19:00:00,38885.678073333336
zone1,2017-12-09 20:00:00,38196.19771833334
zone1,2017-12-09 21:00:00,36823.32065666667
zone1,2017-12-09 22:00:00,34563.244613333336
zone1,2017-12-09 23:00:00,30422.30671666667
zone1,2017-12-10 00:00:00,26575.411915
zone1,2017-12-10 01:00:00,23972.623573333334
zone1,2017-12-10 02:00:00,22480.101393333334
zone1,2017-12-10 03:00:00,21177.186311666665
zone1,2017-12-10 04:00:00,21116.34981
zone1,2017-12-10 05:00:00,21618.250951666665
zone1,2017-12-10 06:00:00,21550.316856666668
zone1,2017-12-10 07:00:00,18474.017743333334
zone1,2017-12-10 08:00:00,20045.627375
zone1,2017-12-10 09:00:00,23658.301648333334
zone1,2017-12-10 10:00:00,27656.273765
zone1,2017-12-10 11:00:00,29980.228140000003
zone1,2017-12-10 12:00:00,29662.864386666668
zone1,2017-12-10 13:00:00,29258.301648333334
zone1,2017-12-10 14:00:00,29215.716096666667
zone1,2017-12-10 15:00:00,28129.784539999997
zone1,2017-12-10 16:00:00,28112.547528333333
zone1,2017-12-10 17:00:00,34339.163498333335
zone1,2017-12-10 18:00:00,37268.44106333333
zone1,2017-12-10 19:00:00,37807.85804666667
zone1,2017-12-10 20:00:00,37582.76299166667
zone1,2017-12-10 21:00:00,36184.537390000005
zone1,2017-12-10 22:00:00,33504.689478333334
zone1,2017-12-10 23:00:00,29502.66159666667
zone1,2017-12-11 00:00:00,25698.352345000003
zone1,2017-12-11 01:00:00,23414.955638333337
zone1,2017-12-11 02:00:00,22513.56147
zone1,2017-12-11 03:00:00,22591.634981666666
zone1,2017-12-11 04:00:00,22212.420785
zone1,2017-12-11 05:00:00,22035.994928333337
zone1,2017-12-11 06:00:00,22838.022813333333
zone1,2017-12-11 07:00:00,23795.18377666667
zone1,2017-12-11 08:00:00,26890.747781666665
zone1,2017-12-11 09:00:00,28478.580483333335
zone1,2017-12-11 10:00:00,30598.73257333333
zone1,2017-12-11 11:00:00,32891.25475166667
zone1,2017-12-11 12:00:00,34110.012675
zone1,2017-12-11 13:00:00,33189.353611666666
zone1,2017-12-11 14:00:00,31952.34474
zone1,2017-12-11 15:00:00,31687.70595666667
zone1,2017-12-11 16:00:00,30819.77186333333
zone1,2017-12-11 17:00:00,36295.05703333334
zone1,2017-12-11 18:00:00,39153.358681666665
zone1,2017-12-11 19:00:00,39360.20278833333
zone1,2017-12-11 20:00:00,39335.868188333334
zone1,2017-12-11 21:00:00,37540.17744
zone1,2017-12-11 22:00:00,34361.470215
zone1,2017-12-11 23:00:00,29915.335866666665
zone1,2017-12-12 00:00:00,25738.91001333333
zone1,2017-12-12 01:00:00,23500.12674333333
zone1,2017-12-12 02:00:00,22222.560205
zone1,2017-12-12 03:00:00,21383.016475
zone1,2017-12-12 04:00:00,21154.879595
zone1,2017-12-12 05:00:00,21967.046895000003
zone1,2017-12-12 06:00:00,22823.827628333336
zone1,2017-12-12 07:00:00,22490.240811666667
zone1,2017-12-12 08:00:00,24391.381494999998
zone1,2017-12-12 09:00:00,27838.78327
zone1,2017-12-12 10:00:00,30468.948033333334
zone1,2017-12-12 11:00:00,32129.784538333333
zone1,2017-12-12 12:00:00,32665.145755
zone1,2017-12-12 13:00:00,32065.90621
zone1,2017-12-12 14:00:00,31571.102663333335
zone1,2017-12-12 15:00:00,30509.505705
zone1,2017-12-12 16:00:00,31367.300383333335
zone1,2017-12-12 17:00:00,37516.85678166667
zone1,2017-12-12 18:00:00,40136.88212833333
zone1,2017-12-12 19:00:00,39524.461343333336
zone1,2017-12-12 20:00:00,38824.84157
zone1,2017-12-12 21:00:00,37074.77820166667
zone1,2017-12-12 22:00:00,33516.856779999995
zone1,2017-12-12 23:00:00,28978.453738333334
zone1,2017-12-13 00:00:00,25458.048161666666
zone1,2017-12-13 01:00:00,23037.76933
zone1,2017-12-13 02:00:00,21461.089986666666
zone1,2017-12-13 03:00:00,20724.968315000002
zone1,2017-12-13 04:00:00,20650.950571666664
zone1,2017-12-13 05:00:00,21429.657796666666
zone1,2017-12-13 06:00:00,22907.984791666666
zone1,2017-12-13 07:00:00,22825.855515
zone1,2017-12-13 08:00:00,24807.097593333336
zone1,2017-12-13 09:00:00,27618.757923333334
zone1,2017-12-13 10:00:00,30323.954371666667
zone1,2017-12-13 11:00:00,31893.536121666664
zone1,2017-12-13 12:00:00,32422.813686666665
zone1,2017-12-13 13:00:00,32095.31052
zone1,2017-12-13 14:00:00,31472.750315
zone1,2017-12-13 15:00:00,30982.002536666667
zone1,2017-12-13 16:00:00,31285.17110333333
zone1,2017-12-13 17:00:00,37458.048161666666
zone1,2017-12-13 18:00:00,40255.513308333335
zone1,2017-12-13 19:00:00,40090.24081333333
zone1,2017-12-13 20:00:00,39592.395435000006
zone1,2017-12-13 21:00:00,37579.72116666667
zone1,2017-12-13 22:00:00,34233.71356166667
zone1,2017-12-13 23:00:00,29413.43472666667
zone1,2017-12-14 00:00:00,25699.366285
zone1,2017-12-14 01:00:00,23536.628645
zone1,2017-12-14 02:00:00,21784.53739
zone1,2017-12-14 03:00:00,21037.26236
zone1,2017-12-14 04:00:00,21247.14829
zone1,2017-12-14 05:00:00,22262.103928333334
zone1,2017-12-14 06:00:00,22893.789608333333
zone1,2017-12-14 07:00:00,22771.10266
zone1,2017-12-14 08:00:00,24721.92649
zone1,2017-12-14 09:00:00,28088.212928333334
zone1,2017-12-14 10:00:00,30848.16222833333
zone1,2017-12-14 11:00:00,31689.73384
zone1,2017-12-14 12:00:00,31574.144484999997
zone1,2017-12-14 13:00:00,31357.160965
zone1,2017-12-14 14:00:00,31464.638783333332
zone1,2017-12-14 15:00:00,31489.98732666667
zone1,2017-12-14 16:00:00,32267.680606666665
zone1,2017-12-14 17:00:00,37914.321925000004
zone1,2017-12-14 18:00:00,40229.150825
zone1,2017-12-14 19:00:00,39759.695815
zone1,2017-12-14 20:00:00,39420.02534666667
zone1,2017-12-14 21:00:00,37612.16730166667
zone1,2017-12-14 22:00:00,34164.76552666666
zone1,2017-12-14 23:00:00,29487.45247
zone1,2017-12-15 00:00:00,25934.600761666665
zone1,2017-12-15 01:00:00,23792.14195166667
zone1,2017-12-15 02:00:00,22415.20912666667
zone1,2017-12-15 03:00:00,21211.660330000002
zone1,2017-12-15 04:00:00,21160.963243333335
zone1,2017-12-15 05:00:00,21889.987326666665
zone1,2017-12-15 06:00:00,23171.609633333337
zone1,2017-12-15 07:00:00,22913.054498333335
zone1,2017-12-15 08:00:00,24685.424588333335
zone1,2017-12-15 09:00:00,28499.87325666667
zone1,2017-12-15 10:00:00,30811.660328333335
zone1,2017-12-15 11:00:00,32267.680608333332
zone1,2017-12-15 12:00:00,30791.38149666667
zone1,2017-12-15 13:00:00,30771.10266
zone1,2017-12-15 14:00:00,30534.854246666666
zone1,2017-12-15 15:00:00,31027.629913333334
zone1,2017-12-15 16:00:00,30951.584285
zone1,2017-12-15 17:00:00,36635.741445
zone1,2017-12-15 18:00:00,39059.06210333333
zone1,2017-12-15 19:00:00,38428.39036666667
zone1,2017-12-15 20:00:00,38216.476553333334
zone1,2017-12-15 21:00:00,36642.839035000005
zone1,2017-12-15 22:00:00,33749.049431666666
zone1,2017-12-15 23:00:00,29826.108999999997
zone1,2017-12-16 00:00:00,26264.131811666666
zone1,2017-12-16 01:00:00,23502.154625
zone1,2017-12-16 02:00:00,22037.008871666665
zone1,2017-12-16 03:00:00,21124.461345
zone1,2017-12-16 04:00:00,20892.268693333335
zone1,2017-12-16 05:00:00,21512.801015
zone1,2017-12-16 06:00:00,22142.458808333333
zone1,2017-12-16 07:00:00,21115.335866666665
zone1,2017-12-16 08:00:00,22962.73764333333
zone1,2017-12-16 09:00:00,26517.617235
zone1,2017-12-16 10:00:00,29470.215461666667
zone1,2017-12-16 11:00:00,30684.917619999997
zone1,2017-12-16 12:00:00,30564.258553333333
zone1,2017-12-16 13:00:00,30948.542459999997
zone1,2017-12-16 14:00:00,30895.817491666665
zone1,2017-12-16 15:00:00,29954.879595000002
zone1,2017-12-16 16:00:00,30034.98099
zone1,2017-12-16 17:00:00,35805.323195
zone1,2017-12-16 18:00:00,38582.50950666666
zone1,2017-12-16 19:00:00,38323.95437166667
zone1,2017-12-16 20:00:00,37572.62357333334
zone1,2017-12-16 21:00:00,36046.641318333335
zone1,2017-12-16 22:00:00,33699.366285000004
zone1,2017-12-16 23:00:00,29645.627376666667
zone1,2017-12-17 00:00:00,25688.212929999998
zone1,2017-12-17 01:00:00,23173.637515
zone1,2017-12-17 02:00:00,21628.390368333334
zone1,2017-12-17 03:00:00,20427.883396666668
zone1,2017-12-17 04:00:00,20153.105196666667
zone1,2017-12-17 05:00:00,20708.745245000002
zone1,2017-12-17 06:00:00,21037.262358333333
zone1,2017-12-17 07:00:00,18449.683145
zone1,2017-12-17 08:00:00,19452.47148333333
zone1,2017-12-17 09:00:00,22736.628643333333
zone1,2017-12-17 10:00:00,25559.442333333336
zone1,2017-12-17 11:00:00,27750.570341666666
zone1,2017-12-17 12:00:00,28618.504438333333
zone1,2017-12-17 13:00:00,28569.835235000002
zone1,2017-12-17 14:00:00,28511.026615
zone1,2017-12-17 15:00:00,27801.267425
zone1,2017-12-17 16:00:00,28140.937896666666
zone1,2017-12-17 17:00:00,34127.249684999995
zone1,2017-12-17 18:00:00,37393.15589166666
zone1,2017-12-17 19:00:00,37869.70849333333
zone1,2017-12-17 20:00:00,37713.56146833333
zone1,2017-12-17 21:00:00,35820.53232
zone1,2017-12-17 22:00:00,33101.14068333334
zone1,2017-12-17 23:00:00,28669.201520000002
zone1,2017-12-18 00:00:00,24893.282633333336
zone1,2017-12-18 01:00:00,22613.9417
zone1,2017-12-18 02:00:00,21272.496833333335
zone1,2017-12-18 03:00:00,20924.71483
zone1,2017-12-18 04:00:00,21069.708491666668
zone1,2017-12-18 05:00:00,21707.477818333333
zone1,2017-12-18 06:00:00,22873.510771666668
zone1,2017-12-18 07:00:00,23004.309251666666
zone1,2017-12-18 08:00:00,24991.634981666666
zone1,2017-12-18 09:00:00,27776.932825
zone1,2017-12-18 10:00:00,30387.832698333335
zone1,2017-12-18 11:00:00,32041.57161
zone1,2017-12-18 12:00:00,32760.456275
zone1,2017-12-18 13:00:00,31970.595693333333
zone1,2017-12-18 14:00:00,31681.62230833333
zone1,2017-12-18 15:00:00,31000.25348666667
zone1,2017-12-18 16:00:00,31687.70595666667
zone1,2017-12-18 17:00:00,37864.638783333336
zone1,2017-12-18 18:00:00,40742.20532166667
zone1,2017-12-18 19:00:00,40451.20405833334
zone1,2017-12-18 20:00:00,39415.969581666664
zone1,2017-12-18 21:00:00,36916.603295
zone1,2017-12-18 22:00:00,33673.00380333333
zone1,2017-12-18 23:00:00,29198.479088333333
zone1,2017-12-19 00:00:00,25316.09632333333
zone1,2017-12-19 01:00:00,22770.08872
zone1,2017-12-19 02:00:00,22064.385296666664
zone1,2017-12-19 03:00:00,21383.016476666668
zone1,2017-12-19 04:00:00,21231.939165
zone1,2017-12-19 05:00:00,21464.131813333333
zone1,2017-12-19 06:00:00,23185.804815
zone1,2017-12-19 07:00:00,22935.361215
zone1,2017-12-19 08:00:00,25010.899873333332
zone1,2017-12-19 09:00:00,28040.557666666664
zone1,2017-12-19 10:00:00,30302.66159666667
zone1,2017-12-19 11:00:00,32089.22687
zone1,2017-12-19 12:00:00,32307.224335000003
zone1,2017-12-19 13:00:00,31410.89987166667
zone1,2017-12-19 14:00:00,31491.001268333333
zone1,2017-12-19 15:00:00,30754.879595000002
zone1,2017-12-19 16:00:00,31340.937896666666
zone1,2017-12-19 17:00:00,37724.714830000004
zone1,2017-12-19 18:00:00,40613.43472833333
zone1,2017-12-19 19:00:00,40147.02154666666
zone1,2017-12-19 20:00:00,39370.34220666667
zone1,2017-12-19 21:00:00,37459.06210333334
zone1,2017-12-19 22:00:00,34088.71989833334
zone1,2017-12-19 23:00:00,29222.813688333335
zone1,2017-12-20 00:00:00,25580.73510666667
zone1,2017-12-20 01:00:00,22417.237008333334
zone1,2017-12-20 02:00:00,21702.408111666668
zone1,2017-12-20 03:00:00,21287.70595666667
zone1,2017-12-20 04:00:00,21276.552598333332
zone1,2017-12-20 05:00:00,21953.86565333333
zone1,2017-12-20 06:00:00,23242.585551666667
zone1,2017-12-20 07:00:00,22770.08872166667
zone1,2017-12-20 08:00:00,24578.96071
zone1,2017-12-20 09:00:00,27862.103928333334
zone1,2017-12-20 10:00:00,30333.079848333335
zone1,2017-12-20 11:00:00,31997.97211833333
zone1,2017-12-20 12:00:00,32626.615968333335
zone1,2017-12-20 13:00:00,32388.339671666665
zone1,2017-12-20 14:00:00,32177.43979666667
zone1,2017-12-20 15:00:00,31455.513306666664
zone1,2017-12-20 16:00:00,31556.907476666664
zone1,2017-12-20 17:00:00,37495.564005
zone1,2017-12-20 18:00:00,40529.277565
zone1,2017-12-20 19:00:00,40003.04182666667
zone1,2017-12-20 20:00:00,39493.02915166667
zone1,2017-12-20 21:00:00,37413.43472833333
zone1,2017-12-20 22:00:00,34218.504435
zone1,2017-12-20 23:00:00,29314.068440000003
zone1,2017-12-21 00:00:00,25603.041825000004
zone1,2017-12-21 01:00:00,23297.338405
zone1,2017-12-21 02:00:00,21902.154625
zone1,2017-12-21 03:00:00,21535.107733333334
zone1,2017-12-21 04:00:00,21441.825095
zone1,2017-12-21 05:00:00,21827.12294
zone1,2017-12-21 06:00:00,23315.589355
zone1,2017-12-21 07:00:00,22802.534853333334
zone1,2017-12-21 08:00:00,24182.509504999998
zone1,2017-12-21 09:00:00,26897.845375
zone1,2017-12-21 10:00:00,29624.334601666666
zone1,2017-12-21 11:00:00,31101.647654999997
zone1,2017-12-21 12:00:00,32079.08745333333
zone1,2017-12-21 13:00:00,32008.111533333333
zone1,2017-12-21 14:00:00,31763.75158333333
zone1,2017-12-21 15:00:00,31426.109
zone1,2017-12-21 16:00:00,31686.692014999997
zone1,2017-12-21 17:00:00,37726.742711666666
zone1,2017-12-21 18:00:00,40640.811153333336
zone1,2017-12-21 19:00:00,40265.65272666667
zone1,2017-12-21 20:00:00,39220.27883333334
zone1,2017-12-21 21:00:00,37310.012671666664
zone1,2017-12-21 22:00:00,34101.90114333333
zone1,2017-12-21 23:00:00,29396.19772
zone1,2017-12-22 00:00:00,25887.959441666666
zone1,2017-12-22 01:00:00,23186.818758333335
zone1,2017-12-22 02:00:00,21927.503166666665
zone1,2017-12-22 03:00:00,21490.494298333335
zone1,2017-12-22 04:00:00,21165.01901
zone1,2017-12-22 05:00:00,21623.32066166667
zone1,2017-12-22 06:00:00,23536.628643333333
zone1,2017-12-22 07:00:00,22669.70849
zone1,2017-12-22 08:00:00,24094.296576666664
zone1,2017-12-22 09:00:00,26856.273765
zone1,2017-12-22 10:00:00,29436.755386666668
zone1,2017-12-22 11:00:00,30910.012673333335
zone1,2017-12-22 12:00:00,29889.987325
zone1,2017-12-22 13:00:00,30303.675535000002
zone1,2017-12-22 14:00:00,29953.86565333333
zone1,2017-12-22 15:00:00,29589.86058333333
zone1,2017-12-22 16:00:00,29913.307985000003
zone1,2017-12-22 17:00:00,35649.17617333333
zone1,2017-12-22 18:00:00,38982.00253333333
zone1,2017-12-22 19:00:00,38527.75665333334
zone1,2017-12-22 20:00:00,38375.66539833333
zone1,2017-12-22 21:00:00,37020.02534833333
zone1,2017-12-22 22:00:00,34241.82509333333
zone1,2017-12-22 23:00:00,30248.922684999998
zone1,2017-12-23 00:00:00,25820.02535
zone1,2017-12-23 01:00:00,23318.631178333333
zone1,2017-12-23 02:00:00,21926.489228333332
zone1,2017-12-23 03:00:00,20903.422053333332
zone1,2017-12-23 04:00:00,20672.243346666666
zone1,2017-12-23 05:00:00,21401.26742666667
zone1,2017-12-23 06:00:00,22742.712295
zone1,2017-12-23 07:00:00,21732.82636333333
zone1,2017-12-23 08:00:00,22966.793408333335
zone1,2017-12-23 09:00:00,26613.9417
zone1,2017-12-23 10:00:00,29572.623573333334
zone1,2017-12-23 11:00:00,31453.485425000003
zone1,2017-12-23 12:00:00,31718.124208333335
zone1,2017-12-23 13:00:00,31357.160965
zone1,2017-12-23 14:00:00,30829.91128
zone1,2017-12-23 15:00:00,29647.655258333336
zone1,2017-12-23 16:00:00,29270.468946666664
zone1,2017-12-23 17:00:00,35792.14195
zone1,2017-12-23 18:00:00,39323.700886666666
zone1,2017-12-23 19:00:00,39226.362485
zone1,2017-12-23 20:00:00,38234.727503333335
zone1,2017-12-23 21:00:00,36373.13054333333
zone1,2017-12-23 22:00:00,34008.61850333333
zone1,2017-12-23 23:00:00,30400.0
zone1,2017-12-24 00:00:00,26492.268696666666
zone1,2017-12-24 01:00:00,23386.565271666666
zone1,2017-12-24 02:00:00,21442.839036666668
zone1,2017-12-24 03:00:00,20925.728771666665
zone1,2017-12-24 04:00:00,20793.91635
zone1,2017-12-24 05:00:00,20788.846641666667
zone1,2017-12-24 06:00:00,20966.286436666665
zone1,2017-12-24 07:00:00,18675.79214166667
zone1,2017-12-24 08:00:00,19828.643851666668
zone1,2017-12-24 09:00:00,22564.258554999997
zone1,2017-12-24 10:00:00,25981.242076666666
zone1,2017-12-24 11:00:00,27686.692016666668
zone1,2017-12-24 12:00:00,28719.898605
zone1,2017-12-24 13:00:00,28848.669203333335
zone1,2017-12-24 14:00:00,28848.669201666664
zone1,2017-12-24 15:00:00,28008.111535
zone1,2017-12-24 16:00:00,27519.391636666667
zone1,2017-12-24 17:00:00,33313.0545
zone1,2017-12-24 18:00:00,37465.14575333333
zone1,2017-12-24 19:00:00,38154.62611
zone1,2017-12-24 20:00:00,38498.352345
zone1,2017-12-24 21:00:00,36678.32699666666
zone1,2017-12-24 22:00:00,33940.68441
zone1,2017-12-24 23:00:00,29687.198986666666
zone1,2017-12-25 00:00:00,25849.429658333334
zone1,2017-12-25 01:00:00,23377.439798333333
zone1,2017-12-25 02:00:00,22054.245881666666
zone1,2017-12-25 03:00:00,21605.069706666665
zone1,2017-12-25 04:00:00,21449.936628333333
zone1,2017-12-25 05:00:00,22205.323193333334
zone1,2017-12-25 06:00:00,23876.299115
zone1,2017-12-25 07:00:00,23374.39797166667
zone1,2017-12-25 08:00:00,24830.418251666666
zone1,2017-12-25 09:00:00,27236.501901666667
zone1,2017-12-25 10:00:00,30798.479089999997
zone1,2017-12-25 11:00:00,32217.997464999997
zone1,2017-12-25 12:00:00,32614.44867
zone1,2017-12-25 13:00:00,32800.0
zone1,2017-12-25 14:00:00,32597.21166
zone1,2017-12-25 15:00:00,32025.348543333337
zone1,2017-12-25 16:00:00,32223.067176666664
zone1,2017-12-25 17:00:00,37838.276301666665
zone1,2017-12-25 18:00:00,40697.59188833333
zone1,2017-12-25 19:00:00,39996.95817666667
zone1,2017-12-25 20:00:00,39391.63498166667
zone1,2017-12-25 21:00:00,37353.612166666666
zone1,2017-12-25 22:00:00,33754.119138333335
zone1,2017-12-25 23:00:00,29374.904941666668
zone1,2017-12-26 00:00:00,25777.43979666667
zone1,2017-12-26 01:00:00,23274.017741666667
zone1,2017-12-26 02:00:00,22113.054498333335
zone1,2017-12-26 03:00:00,21455.00633666667
zone1,2017-12-26 04:00:00,21013.941698333332
zone1,2017-12-26 05:00:00,21801.774396666664
zone1,2017-12-26 06:00:00,23398.73257333333
zone1,2017-12-26 07:00:00,22873.51077333333
zone1,2017-12-26 08:00:00,24518.12420666667
zone1,2017-12-26 09:00:00,27251.711026666668
zone1,2017-12-26 10:00:00,30083.650191666664
zone1,2017-12-26 11:00:00,32312.294045000002
zone1,2017-12-26 12:00:00,33551.3308
zone1,2017-12-26 13:00:00,33340.430925
zone1,2017-12-26 14:00:00,33208.61850333333
zone1,2017-12-26 15:00:00,33066.666666666664
zone1,2017-12-26 16:00:00,32452.217996666663
zone1,2017-12-26 17:00:00,37611.15336
zone1,2017-12-26 18:00:00,40859.82256166667
zone1,2017-12-26 19:00:00,40440.05069833333
zone1,2017-12-26 20:00:00,39675.538656666664
zone1,2017-12-26 21:00:00,37183.26996
zone1,2017-12-26 22:00:00,33752.09125333333
zone1,2017-12-26 23:00:00,29308.99873333333
zone1,2017-12-27 00:00:00,25451.964511666665
zone1,2017-12-27 01:00:00,22827.88339833333
zone1,2017-12-27 02:00:00,21465.145753333334
zone1,2017-12-27 03:00:00,20838.529785
zone1,2017-12-27 04:00:00,20658.048163333333
zone1,2017-12-27 05:00:00,21221.799746666667
zone1,2017-12-27 06:00:00,22803.548796666666
zone1,2017-12-27 07:00:00,23081.368821666667
zone1,2017-12-27 08:00:00,24944.993661666667
zone1,2017-12-27 09:00:00,28291.00126666667
zone1,2017-12-27 10:00:00,30900.8872
zone1,2017-12-27 11:00:00,33675.031685
zone1,2017-12-27 12:00:00,34129.277565
zone1,2017-12-27 13:00:00,33397.21165833333
zone1,2017-12-27 14:00:00,32912.54752666667
zone1,2017-12-27 15:00:00,32225.095055
zone1,2017-12-27 16:00:00,32411.660328333335
zone1,2017-12-27 17:00:00,37667.934095
zone1,2017-12-27 18:00:00,40468.441061666665
zone1,2017-12-27 19:00:00,39730.29150833333
zone1,2017-12-27 20:00:00,39387.579215
zone1,2017-12-27 21:00:00,37296.831431666666
zone1,2017-12-27 22:00:00,34149.5564
zone1,2017-12-27 23:00:00,29270.468948333335
zone1,2017-12-28 00:00:00,25743.979720000003
zone1,2017-12-28 01:00:00,23499.112801666666
zone1,2017-12-28 02:00:00,22053.231939999998
zone1,2017-12-28 03:00:00,21189.353610000002
zone1,2017-12-28 04:00:00,21183.269965
zone1,2017-12-28 05:00:00,21966.032951666668
zone1,2017-12-28 06:00:00,23707.984791666666
zone1,2017-12-28 07:00:00,23044.86692
zone1,2017-12-28 08:00:00,24395.437265
zone1,2017-12-28 09:00:00,27487.959443333337
zone1,2017-12-28 10:00:00,30470.97592
zone1,2017-12-28 11:00:00,32450.190113333334
zone1,2017-12-28 12:00:00,33366.793410000006
zone1,2017-12-28 13:00:00,32971.356146666665
zone1,2017-12-28 14:00:00,32389.353611666666
zone1,2017-12-28 15:00:00,32095.31052
zone1,2017-12-28 16:00:00,32644.86692
zone1,2017-12-28 17:00:00,39192.90240666667
zone1,2017-12-28 18:00:00,43571.10266
zone1,2017-12-28 19:00:00,40876.045626666666
zone1,2017-12-28 20:00:00,39344.993663333335
zone1,2017-12-28 21:00:00,38008.61850333333
zone1,2017-12-28 22:00:00,34778.200253333336
zone1,2017-12-28 23:00:00,29976.172368333337
zone1,2017-12-29 00:00:00,26161.72369833333
zone1,2017-12-29 01:00:00,23941.19138
zone1,2017-12-29 02:00:00,22320.912548333334
zone1,2017-12-29 03:00:00,21485.424588333335
zone1,2017-12-29 04:00:00,20952.091256666667
zone1,2017-12-29 05:00:00,21556.400505
zone1,2017-12-29 06:00:00,23164.51204
zone1,2017-12-29 07:00:00,22712.294039999997
zone1,2017-12-29 08:00:00,24012.1673
zone1,2017-12-29 09:00:00,27273.003803333337
zone1,2017-12-29 10:00:00,29994.42332
zone1,2017-12-29 11:00:00,31920.91254666667
zone1,2017-12-29 12:00:00,31055.00633666667
zone1,2017-12-29 13:00:00,30935.361216666668
zone1,2017-12-29 14:00:00,30947.528514999998
zone1,2017-12-29 15:00:00,30497.338401666668
zone1,2017-12-29 16:00:00,30420.278836666665
zone1,2017-12-29 17:00:00,35350.06337166667
zone1,2017-12-29 18:00:00,39196.958175
zone1,2017-12-29 19:00:00,38381.74904833333
zone1,2017-12-29 20:00:00,38146.51457666667
zone1,2017-12-29 21:00:00,36578.96070833333
zone1,2017-12-29 22:00:00,33705.449936666664
zone1,2017-12-29 23:00:00,30320.912548333334
zone1,2017-12-30 00:00:00,25985.29784666667
zone1,2017-12-30 01:00:00,22984.030418333332
zone1,2017-12-30 02:00:00,21479.340938333335
zone1,2017-12-30 03:00:00,20532.31939
zone1,2017-12-30 04:00:00,20380.228138333332
zone1,2017-12-30 05:00:00,20773.637515
zone1,2017-12-30 06:00:00,22243.852978333332
zone1,2017-12-30 07:00:00,20372.116603333332
zone1,2017-12-30 08:00:00,21676.045626666666
zone1,2017-12-30 09:00:00,25764.258554999997
zone1,2017-12-30 10:00:00,28848.6692
zone1,2017-12-30 11:00:00,30450.697085000003
zone1,2017-12-30 12:00:00,30621.03929
zone1,2017-12-30 13:00:00,30359.442335
zone1,2017-12-30 14:00:00,29815.969578333334
zone1,2017-12-30 15:00:00,28771.60963333333
zone1,2017-12-30 16:00:00,28546.51457666667
zone1,2017-12-30 17:00:00,33979.214195
zone1,2017-12-30 18:00:00,37929.53105333333
zone1,2017-12-30 19:00:00,37513.81495666667
zone1,2017-12-30 20:00:00,37008.87198833333
zone1,2017-12-30 21:00:00,35358.174905
zone1,2017-12-30 22:00:00,33993.409380000005
zone1,2017-12-30 23:00:00,30107.98478833333
